in s,C1 in V
-6.18840E-06,2.3334E-01
-6.18800E-06,2.3041E-01
-6.18760E-06,2.3041E-01
-6.18720E-06,2.3334E-01
-6.18680E-06,2.3334E-01
-6.18640E-06,2.3236E-01
-6.18600E-06,2.3236E-01
-6.18560E-06,2.3627E-01
-6.18520E-06,2.3529E-01
-6.18480E-06,2.3432E-01
-6.18440E-06,2.3139E-01
-6.18400E-06,2.3236E-01
-6.18360E-06,2.3432E-01
-6.18320E-06,2.3334E-01
-6.18280E-06,2.3236E-01
-6.18240E-06,2.3041E-01
-6.18200E-06,2.3139E-01
-6.18160E-06,2.3627E-01
-6.18120E-06,2.3432E-01
-6.18080E-06,2.3139E-01
-6.18040E-06,2.3236E-01
-6.18000E-06,2.3041E-01
-6.17960E-06,2.3139E-01
-6.17920E-06,2.3334E-01
-6.17880E-06,2.3432E-01
-6.17840E-06,2.3334E-01
-6.17800E-06,2.3432E-01
-6.17760E-06,2.3139E-01
-6.17720E-06,2.3236E-01
-6.17680E-06,2.3432E-01
-6.17640E-06,2.3529E-01
-6.17600E-06,2.3139E-01
-6.17560E-06,2.3334E-01
-6.17520E-06,2.3334E-01
-6.17480E-06,2.3432E-01
-6.17440E-06,2.3236E-01
-6.17400E-06,2.2943E-01
-6.17360E-06,2.2943E-01
-6.17320E-06,2.3139E-01
-6.17280E-06,2.3139E-01
-6.17240E-06,2.3529E-01
-6.17200E-06,2.3725E-01
-6.17160E-06,2.3236E-01
-6.17120E-06,2.3236E-01
-6.17080E-06,2.3334E-01
-6.17040E-06,2.3432E-01
-6.17000E-06,2.3627E-01
-6.16960E-06,2.3529E-01
-6.16920E-06,2.3139E-01
-6.16880E-06,2.3432E-01
-6.16840E-06,2.3139E-01
-6.16800E-06,2.3236E-01
-6.16760E-06,2.3432E-01
-6.16720E-06,2.3627E-01
-6.16680E-06,2.3236E-01
-6.16640E-06,2.3334E-01
-6.16600E-06,2.3432E-01
-6.16560E-06,2.3334E-01
-6.16520E-06,2.3236E-01
-6.16480E-06,2.3432E-01
-6.16440E-06,2.3139E-01
-6.16400E-06,2.3139E-01
-6.16360E-06,2.3529E-01
-6.16320E-06,2.3041E-01
-6.16280E-06,2.3236E-01
-6.16240E-06,2.3041E-01
-6.16200E-06,2.3432E-01
-6.16160E-06,2.3432E-01
-6.16120E-06,2.3041E-01
-6.16080E-06,2.3432E-01
-6.16040E-06,2.3041E-01
-6.16000E-06,2.3236E-01
-6.15960E-06,2.3529E-01
-6.15920E-06,2.3334E-01
-6.15880E-06,2.3139E-01
-6.15840E-06,2.3725E-01
-6.15800E-06,2.3236E-01
-6.15760E-06,2.3432E-01
-6.15720E-06,2.3432E-01
-6.15680E-06,2.3334E-01
-6.15640E-06,2.3334E-01
-6.15600E-06,2.3041E-01
-6.15560E-06,2.3236E-01
-6.15520E-06,2.3236E-01
-6.15480E-06,2.3432E-01
-6.15440E-06,2.3041E-01
-6.15400E-06,2.3041E-01
-6.15360E-06,2.3236E-01
-6.15320E-06,2.3432E-01
-6.15280E-06,2.3041E-01
-6.15240E-06,2.3139E-01
-6.15200E-06,2.3529E-01
-6.15160E-06,2.3139E-01
-6.15120E-06,2.3432E-01
-6.15080E-06,2.3041E-01
-6.15040E-06,2.3041E-01
-6.15000E-06,2.3236E-01
-6.14960E-06,2.3139E-01
-6.14920E-06,2.3334E-01
-6.14880E-06,2.3432E-01
-6.14840E-06,2.3334E-01
-6.14800E-06,2.3432E-01
-6.14760E-06,2.3432E-01
-6.14720E-06,2.3627E-01
-6.14680E-06,2.3627E-01
-6.14640E-06,2.3334E-01
-6.14600E-06,2.3139E-01
-6.14560E-06,2.3334E-01
-6.14520E-06,2.3334E-01
-6.14480E-06,2.3432E-01
-6.14440E-06,2.3139E-01
-6.14400E-06,2.3236E-01
-6.14360E-06,2.3529E-01
-6.14320E-06,2.3139E-01
-6.14280E-06,2.3627E-01
-6.14240E-06,2.3236E-01
-6.14200E-06,2.2846E-01
-6.14160E-06,2.3432E-01
-6.14120E-06,2.3236E-01
-6.14080E-06,2.3334E-01
-6.14040E-06,2.3432E-01
-6.14000E-06,2.3139E-01
-6.13960E-06,2.3529E-01
-6.13920E-06,2.3334E-01
-6.13880E-06,2.3236E-01
-6.13840E-06,2.3139E-01
-6.13800E-06,2.3432E-01
-6.13760E-06,2.3432E-01
-6.13720E-06,2.3432E-01
-6.13680E-06,2.3041E-01
-6.13640E-06,2.3139E-01
-6.13600E-06,2.3236E-01
-6.13560E-06,2.3236E-01
-6.13520E-06,2.3334E-01
-6.13480E-06,2.3041E-01
-6.13440E-06,2.3334E-01
-6.13400E-06,2.3432E-01
-6.13360E-06,2.3139E-01
-6.13320E-06,2.3236E-01
-6.13280E-06,2.3432E-01
-6.13240E-06,2.3529E-01
-6.13200E-06,2.3334E-01
-6.13160E-06,2.3432E-01
-6.13120E-06,2.3236E-01
-6.13080E-06,2.3432E-01
-6.13040E-06,2.3236E-01
-6.13000E-06,2.3139E-01
-6.12960E-06,2.3334E-01
-6.12920E-06,2.3139E-01
-6.12880E-06,2.3139E-01
-6.12840E-06,2.3627E-01
-6.12800E-06,2.3334E-01
-6.12760E-06,2.3529E-01
-6.12720E-06,2.3139E-01
-6.12680E-06,2.3139E-01
-6.12640E-06,2.2846E-01
-6.12600E-06,2.3139E-01
-6.12560E-06,2.3236E-01
-6.12520E-06,2.3334E-01
-6.12480E-06,2.3041E-01
-6.12440E-06,2.3432E-01
-6.12400E-06,2.3334E-01
-6.12360E-06,2.3236E-01
-6.12320E-06,2.3725E-01
-6.12280E-06,2.3432E-01
-6.12240E-06,2.3432E-01
-6.12200E-06,2.3334E-01
-6.12160E-06,2.3432E-01
-6.12120E-06,2.3627E-01
-6.12080E-06,2.3529E-01
-6.12040E-06,2.3432E-01
-6.12000E-06,2.3432E-01
-6.11960E-06,2.3334E-01
-6.11920E-06,2.3432E-01
-6.11880E-06,2.3725E-01
-6.11840E-06,2.3725E-01
-6.11800E-06,2.3334E-01
-6.11760E-06,2.3236E-01
-6.11720E-06,2.3334E-01
-6.11680E-06,2.3529E-01
-6.11640E-06,2.3432E-01
-6.11600E-06,2.3432E-01
-6.11560E-06,2.3236E-01
-6.11520E-06,2.3041E-01
-6.11480E-06,2.3529E-01
-6.11440E-06,2.3236E-01
-6.11400E-06,2.3236E-01
-6.11360E-06,2.3041E-01
-6.11320E-06,2.3236E-01
-6.11280E-06,2.3139E-01
-6.11240E-06,2.3041E-01
-6.11200E-06,2.3139E-01
-6.11160E-06,2.3334E-01
-6.11120E-06,2.3139E-01
-6.11080E-06,2.3041E-01
-6.11040E-06,2.3041E-01
-6.11000E-06,2.3236E-01
-6.10960E-06,2.3236E-01
-6.10920E-06,2.3236E-01
-6.10880E-06,2.3432E-01
-6.10840E-06,2.3432E-01
-6.10800E-06,2.3432E-01
-6.10760E-06,2.3725E-01
-6.10720E-06,2.3432E-01
-6.10680E-06,2.3432E-01
-6.10640E-06,2.3432E-01
-6.10600E-06,2.3432E-01
-6.10560E-06,2.3236E-01
-6.10520E-06,2.3041E-01
-6.10480E-06,2.3432E-01
-6.10440E-06,2.3432E-01
-6.10400E-06,2.3432E-01
-6.10360E-06,2.3139E-01
-6.10320E-06,2.3432E-01
-6.10280E-06,2.3725E-01
-6.10240E-06,2.3139E-01
-6.10200E-06,2.3529E-01
-6.10160E-06,2.3236E-01
-6.10120E-06,2.3334E-01
-6.10080E-06,2.3627E-01
-6.10040E-06,2.3334E-01
-6.10000E-06,2.3139E-01
-6.09960E-06,2.3334E-01
-6.09920E-06,2.3334E-01
-6.09880E-06,2.3627E-01
-6.09840E-06,2.3041E-01
-6.09800E-06,2.3334E-01
-6.09760E-06,2.3432E-01
-6.09720E-06,2.3432E-01
-6.09680E-06,2.3236E-01
-6.09640E-06,2.3236E-01
-6.09600E-06,2.3139E-01
-6.09560E-06,2.3236E-01
-6.09520E-06,2.3236E-01
-6.09480E-06,2.3432E-01
-6.09440E-06,2.3432E-01
-6.09400E-06,2.3041E-01
-6.09360E-06,2.3432E-01
-6.09320E-06,2.3236E-01
-6.09280E-06,2.3139E-01
-6.09240E-06,2.3334E-01
-6.09200E-06,2.3334E-01
-6.09160E-06,2.3529E-01
-6.09120E-06,2.3041E-01
-6.09080E-06,2.3041E-01
-6.09040E-06,2.3334E-01
-6.09000E-06,2.3236E-01
-6.08960E-06,2.3627E-01
-6.08920E-06,2.3432E-01
-6.08880E-06,2.3139E-01
-6.08840E-06,2.3139E-01
-6.08800E-06,2.3432E-01
-6.08760E-06,2.3334E-01
-6.08720E-06,2.3139E-01
-6.08680E-06,2.3139E-01
-6.08640E-06,2.3432E-01
-6.08600E-06,2.3334E-01
-6.08560E-06,2.3041E-01
-6.08520E-06,2.3432E-01
-6.08480E-06,2.3334E-01
-6.08440E-06,2.3725E-01
-6.08400E-06,2.3236E-01
-6.08360E-06,2.3236E-01
-6.08320E-06,2.3432E-01
-6.08280E-06,2.3432E-01
-6.08240E-06,2.3432E-01
-6.08200E-06,2.3236E-01
-6.08160E-06,2.3432E-01
-6.08120E-06,2.3334E-01
-6.08080E-06,2.3334E-01
-6.08040E-06,2.3334E-01
-6.08000E-06,2.3236E-01
-6.07960E-06,2.3334E-01
-6.07920E-06,2.3236E-01
-6.07880E-06,2.3627E-01
-6.07840E-06,2.3139E-01
-6.07800E-06,2.3139E-01
-6.07760E-06,2.3432E-01
-6.07720E-06,2.3627E-01
-6.07680E-06,2.3432E-01
-6.07640E-06,2.3041E-01
-6.07600E-06,2.3432E-01
-6.07560E-06,2.3236E-01
-6.07520E-06,2.3432E-01
-6.07480E-06,2.3334E-01
-6.07440E-06,2.3139E-01
-6.07400E-06,2.3920E-01
-6.07360E-06,2.3041E-01
-6.07320E-06,2.3432E-01
-6.07280E-06,2.2943E-01
-6.07240E-06,2.3139E-01
-6.07200E-06,2.3334E-01
-6.07160E-06,2.3334E-01
-6.07120E-06,2.3529E-01
-6.07080E-06,2.3041E-01
-6.07040E-06,2.3236E-01
-6.07000E-06,2.2846E-01
-6.06960E-06,2.3432E-01
-6.06920E-06,2.3334E-01
-6.06880E-06,2.3236E-01
-6.06840E-06,2.3334E-01
-6.06800E-06,2.3432E-01
-6.06760E-06,2.3236E-01
-6.06720E-06,2.3334E-01
-6.06680E-06,2.3236E-01
-6.06640E-06,2.3432E-01
-6.06600E-06,2.3334E-01
-6.06560E-06,2.3236E-01
-6.06520E-06,2.3334E-01
-6.06480E-06,2.3334E-01
-6.06440E-06,2.3432E-01
-6.06400E-06,2.3432E-01
-6.06360E-06,2.3627E-01
-6.06320E-06,2.3139E-01
-6.06280E-06,2.3334E-01
-6.06240E-06,2.3139E-01
-6.06200E-06,2.3334E-01
-6.06160E-06,2.3432E-01
-6.06120E-06,2.3139E-01
-6.06080E-06,2.3139E-01
-6.06040E-06,2.3529E-01
-6.06000E-06,2.2846E-01
-6.05960E-06,2.3432E-01
-6.05920E-06,2.3432E-01
-6.05880E-06,2.3334E-01
-6.05840E-06,2.3139E-01
-6.05800E-06,2.3432E-01
-6.05760E-06,2.3334E-01
-6.05720E-06,2.3041E-01
-6.05680E-06,2.3432E-01
-6.05640E-06,2.3627E-01
-6.05600E-06,2.3334E-01
-6.05560E-06,2.3529E-01
-6.05520E-06,2.3432E-01
-6.05480E-06,2.3432E-01
-6.05440E-06,2.3334E-01
-6.05400E-06,2.3432E-01
-6.05360E-06,2.3529E-01
-6.05320E-06,2.3236E-01
-6.05280E-06,2.3334E-01
-6.05240E-06,2.3334E-01
-6.05200E-06,2.3627E-01
-6.05160E-06,2.3334E-01
-6.05120E-06,2.3236E-01
-6.05080E-06,2.3432E-01
-6.05040E-06,2.3236E-01
-6.05000E-06,2.3139E-01
-6.04960E-06,2.3432E-01
-6.04920E-06,2.3236E-01
-6.04880E-06,2.3139E-01
-6.04840E-06,2.3432E-01
-6.04800E-06,2.3432E-01
-6.04760E-06,2.3529E-01
-6.04720E-06,2.3139E-01
-6.04680E-06,2.3236E-01
-6.04640E-06,2.3334E-01
-6.04600E-06,2.3432E-01
-6.04560E-06,2.3627E-01
-6.04520E-06,2.3139E-01
-6.04480E-06,2.3432E-01
-6.04440E-06,2.3041E-01
-6.04400E-06,2.3432E-01
-6.04360E-06,2.3139E-01
-6.04320E-06,2.3334E-01
-6.04280E-06,2.3139E-01
-6.04240E-06,2.3432E-01
-6.04200E-06,2.3432E-01
-6.04160E-06,2.3334E-01
-6.04120E-06,2.3334E-01
-6.04080E-06,2.3139E-01
-6.04040E-06,2.3432E-01
-6.04000E-06,2.3041E-01
-6.03960E-06,2.3627E-01
-6.03920E-06,2.3725E-01
-6.03880E-06,2.3529E-01
-6.03840E-06,2.3334E-01
-6.03800E-06,2.3041E-01
-6.03760E-06,2.3041E-01
-6.03720E-06,2.3236E-01
-6.03680E-06,2.3432E-01
-6.03640E-06,2.3529E-01
-6.03600E-06,2.3236E-01
-6.03560E-06,2.3334E-01
-6.03520E-06,2.3627E-01
-6.03480E-06,2.3041E-01
-6.03440E-06,2.3432E-01
-6.03400E-06,2.3432E-01
-6.03360E-06,2.3334E-01
-6.03320E-06,2.3334E-01
-6.03280E-06,2.3432E-01
-6.03240E-06,2.3334E-01
-6.03200E-06,2.3529E-01
-6.03160E-06,2.3432E-01
-6.03120E-06,2.3432E-01
-6.03080E-06,2.3334E-01
-6.03040E-06,2.3139E-01
-6.03000E-06,2.3529E-01
-6.02960E-06,2.3236E-01
-6.02920E-06,2.3236E-01
-6.02880E-06,2.3334E-01
-6.02840E-06,2.3432E-01
-6.02800E-06,2.3139E-01
-6.02760E-06,2.3236E-01
-6.02720E-06,2.3041E-01
-6.02680E-06,2.3041E-01
-6.02640E-06,2.3432E-01
-6.02600E-06,2.3334E-01
-6.02560E-06,2.3139E-01
-6.02520E-06,2.3529E-01
-6.02480E-06,2.3432E-01
-6.02440E-06,2.3334E-01
-6.02400E-06,2.3627E-01
-6.02360E-06,2.3432E-01
-6.02320E-06,2.3529E-01
-6.02280E-06,2.3432E-01
-6.02240E-06,2.3432E-01
-6.02200E-06,2.3432E-01
-6.02160E-06,2.3432E-01
-6.02120E-06,2.3334E-01
-6.02080E-06,2.3139E-01
-6.02040E-06,2.3041E-01
-6.02000E-06,2.3334E-01
-6.01960E-06,2.3334E-01
-6.01920E-06,2.3139E-01
-6.01880E-06,2.3432E-01
-6.01840E-06,2.3139E-01
-6.01800E-06,2.3334E-01
-6.01760E-06,2.3627E-01
-6.01720E-06,2.3432E-01
-6.01680E-06,2.3529E-01
-6.01640E-06,2.3334E-01
-6.01600E-06,2.3432E-01
-6.01560E-06,2.3432E-01
-6.01520E-06,2.3236E-01
-6.01480E-06,2.3529E-01
-6.01440E-06,2.3334E-01
-6.01400E-06,2.3432E-01
-6.01360E-06,2.3627E-01
-6.01320E-06,2.3334E-01
-6.01280E-06,2.3432E-01
-6.01240E-06,2.3334E-01
-6.01200E-06,2.3529E-01
-6.01160E-06,2.3432E-01
-6.01120E-06,2.3334E-01
-6.01080E-06,2.3529E-01
-6.01040E-06,2.3334E-01
-6.01000E-06,2.3139E-01
-6.00960E-06,2.3432E-01
-6.00920E-06,2.3139E-01
-6.00880E-06,2.3236E-01
-6.00840E-06,2.3432E-01
-6.00800E-06,2.3334E-01
-6.00760E-06,2.3432E-01
-6.00720E-06,2.3236E-01
-6.00680E-06,2.3139E-01
-6.00640E-06,2.3139E-01
-6.00600E-06,2.3529E-01
-6.00560E-06,2.3334E-01
-6.00520E-06,2.3139E-01
-6.00480E-06,2.3432E-01
-6.00440E-06,2.3725E-01
-6.00400E-06,2.3432E-01
-6.00360E-06,2.3334E-01
-6.00320E-06,2.3432E-01
-6.00280E-06,2.3432E-01
-6.00240E-06,2.3432E-01
-6.00200E-06,2.3334E-01
-6.00160E-06,2.3236E-01
-6.00120E-06,2.3432E-01
-6.00080E-06,2.3334E-01
-6.00040E-06,2.3334E-01
-6.00000E-06,2.3627E-01
-5.99960E-06,2.3432E-01
-5.99920E-06,2.3334E-01
-5.99880E-06,2.3432E-01
-5.99840E-06,2.3236E-01
-5.99800E-06,2.3529E-01
-5.99760E-06,2.3432E-01
-5.99720E-06,2.3236E-01
-5.99680E-06,2.3139E-01
-5.99640E-06,2.2943E-01
-5.99600E-06,2.3529E-01
-5.99560E-06,2.3627E-01
-5.99520E-06,2.3725E-01
-5.99480E-06,2.3041E-01
-5.99440E-06,2.3529E-01
-5.99400E-06,2.3139E-01
-5.99360E-06,2.3529E-01
-5.99320E-06,2.3627E-01
-5.99280E-06,2.3432E-01
-5.99240E-06,2.3432E-01
-5.99200E-06,2.3334E-01
-5.99160E-06,2.3041E-01
-5.99120E-06,2.3529E-01
-5.99080E-06,2.3725E-01
-5.99040E-06,2.3334E-01
-5.99000E-06,2.3432E-01
-5.98960E-06,2.3432E-01
-5.98920E-06,2.3432E-01
-5.98880E-06,2.3432E-01
-5.98840E-06,2.3432E-01
-5.98800E-06,2.2943E-01
-5.98760E-06,2.3041E-01
-5.98720E-06,2.3725E-01
-5.98680E-06,2.3627E-01
-5.98640E-06,2.3236E-01
-5.98600E-06,2.3334E-01
-5.98560E-06,2.3334E-01
-5.98520E-06,2.3236E-01
-5.98480E-06,2.3432E-01
-5.98440E-06,2.3432E-01
-5.98400E-06,2.3236E-01
-5.98360E-06,2.3627E-01
-5.98320E-06,2.3432E-01
-5.98280E-06,2.3432E-01
-5.98240E-06,2.3432E-01
-5.98200E-06,2.3236E-01
-5.98160E-06,2.3334E-01
-5.98120E-06,2.3236E-01
-5.98080E-06,2.3139E-01
-5.98040E-06,2.3920E-01
-5.98000E-06,2.3334E-01
-5.97960E-06,2.3432E-01
-5.97920E-06,2.3432E-01
-5.97880E-06,2.3334E-01
-5.97840E-06,2.3627E-01
-5.97800E-06,2.3139E-01
-5.97760E-06,2.3139E-01
-5.97720E-06,2.3432E-01
-5.97680E-06,2.3334E-01
-5.97640E-06,2.3334E-01
-5.97600E-06,2.3432E-01
-5.97560E-06,2.3432E-01
-5.97520E-06,2.3236E-01
-5.97480E-06,2.3432E-01
-5.97440E-06,2.3334E-01
-5.97400E-06,2.3432E-01
-5.97360E-06,2.3529E-01
-5.97320E-06,2.3529E-01
-5.97280E-06,2.3334E-01
-5.97240E-06,2.3236E-01
-5.97200E-06,2.3432E-01
-5.97160E-06,2.3432E-01
-5.97120E-06,2.3334E-01
-5.97080E-06,2.3432E-01
-5.97040E-06,2.3139E-01
-5.97000E-06,2.3627E-01
-5.96960E-06,2.3334E-01
-5.96920E-06,2.3139E-01
-5.96880E-06,2.3334E-01
-5.96840E-06,2.3432E-01
-5.96800E-06,2.3627E-01
-5.96760E-06,2.3529E-01
-5.96720E-06,2.3920E-01
-5.96680E-06,2.3432E-01
-5.96640E-06,2.3627E-01
-5.96600E-06,2.3139E-01
-5.96560E-06,2.3334E-01
-5.96520E-06,2.3041E-01
-5.96480E-06,2.3334E-01
-5.96440E-06,2.3139E-01
-5.96400E-06,2.3139E-01
-5.96360E-06,2.3432E-01
-5.96320E-06,2.3725E-01
-5.96280E-06,2.3432E-01
-5.96240E-06,2.3529E-01
-5.96200E-06,2.3432E-01
-5.96160E-06,2.3334E-01
-5.96120E-06,2.3334E-01
-5.96080E-06,2.3432E-01
-5.96040E-06,2.3236E-01
-5.96000E-06,2.3334E-01
-5.95960E-06,2.3529E-01
-5.95920E-06,2.3139E-01
-5.95880E-06,2.2943E-01
-5.95840E-06,2.3236E-01
-5.95800E-06,2.3627E-01
-5.95760E-06,2.3529E-01
-5.95720E-06,2.3334E-01
-5.95680E-06,2.3139E-01
-5.95640E-06,2.3334E-01
-5.95600E-06,2.3139E-01
-5.95560E-06,2.3432E-01
-5.95520E-06,2.3725E-01
-5.95480E-06,2.3529E-01
-5.95440E-06,2.3432E-01
-5.95400E-06,2.3529E-01
-5.95360E-06,2.3139E-01
-5.95320E-06,2.3236E-01
-5.95280E-06,2.3529E-01
-5.95240E-06,2.3236E-01
-5.95200E-06,2.3334E-01
-5.95160E-06,2.3236E-01
-5.95120E-06,2.3139E-01
-5.95080E-06,2.3432E-01
-5.95040E-06,2.3236E-01
-5.95000E-06,2.3041E-01
-5.94960E-06,2.3627E-01
-5.94920E-06,2.3041E-01
-5.94880E-06,2.3627E-01
-5.94840E-06,2.3432E-01
-5.94800E-06,2.3236E-01
-5.94760E-06,2.3432E-01
-5.94720E-06,2.3432E-01
-5.94680E-06,2.3236E-01
-5.94640E-06,2.3139E-01
-5.94600E-06,2.3529E-01
-5.94560E-06,2.3432E-01
-5.94520E-06,2.3432E-01
-5.94480E-06,2.3139E-01
-5.94440E-06,2.3236E-01
-5.94400E-06,2.3529E-01
-5.94360E-06,2.3432E-01
-5.94320E-06,2.3041E-01
-5.94280E-06,2.3139E-01
-5.94240E-06,2.3236E-01
-5.94200E-06,2.3627E-01
-5.94160E-06,2.3725E-01
-5.94120E-06,2.3432E-01
-5.94080E-06,2.3334E-01
-5.94040E-06,2.3236E-01
-5.94000E-06,2.3432E-01
-5.93960E-06,2.3432E-01
-5.93920E-06,2.3334E-01
-5.93880E-06,2.3041E-01
-5.93840E-06,2.3236E-01
-5.93800E-06,2.3334E-01
-5.93760E-06,2.3432E-01
-5.93720E-06,2.3432E-01
-5.93680E-06,2.3041E-01
-5.93640E-06,2.3041E-01
-5.93600E-06,2.3236E-01
-5.93560E-06,2.3725E-01
-5.93520E-06,2.3334E-01
-5.93480E-06,2.3139E-01
-5.93440E-06,2.3334E-01
-5.93400E-06,2.3041E-01
-5.93360E-06,2.3432E-01
-5.93320E-06,2.3432E-01
-5.93280E-06,2.3334E-01
-5.93240E-06,2.3529E-01
-5.93200E-06,2.3139E-01
-5.93160E-06,2.3236E-01
-5.93120E-06,2.2943E-01
-5.93080E-06,2.3041E-01
-5.93040E-06,2.3627E-01
-5.93000E-06,2.3139E-01
-5.92960E-06,2.3139E-01
-5.92920E-06,2.3432E-01
-5.92880E-06,2.3725E-01
-5.92840E-06,2.3432E-01
-5.92800E-06,2.3529E-01
-5.92760E-06,2.3041E-01
-5.92720E-06,2.3432E-01
-5.92680E-06,2.3334E-01
-5.92640E-06,2.3334E-01
-5.92600E-06,2.3236E-01
-5.92560E-06,2.3139E-01
-5.92520E-06,2.3432E-01
-5.92480E-06,2.3236E-01
-5.92440E-06,2.3432E-01
-5.92400E-06,2.3139E-01
-5.92360E-06,2.3139E-01
-5.92320E-06,2.3334E-01
-5.92280E-06,2.3627E-01
-5.92240E-06,2.3139E-01
-5.92200E-06,2.3432E-01
-5.92160E-06,2.2943E-01
-5.92120E-06,2.3139E-01
-5.92080E-06,2.3236E-01
-5.92040E-06,2.3236E-01
-5.92000E-06,2.2943E-01
-5.91960E-06,2.3236E-01
-5.91920E-06,2.3529E-01
-5.91880E-06,2.3334E-01
-5.91840E-06,2.3432E-01
-5.91800E-06,2.3432E-01
-5.91760E-06,2.3334E-01
-5.91720E-06,2.3334E-01
-5.91680E-06,2.3334E-01
-5.91640E-06,2.3432E-01
-5.91600E-06,2.3236E-01
-5.91560E-06,2.3236E-01
-5.91520E-06,2.3139E-01
-5.91480E-06,2.3139E-01
-5.91440E-06,2.3432E-01
-5.91400E-06,2.3139E-01
-5.91360E-06,2.3236E-01
-5.91320E-06,2.3041E-01
-5.91280E-06,2.3041E-01
-5.91240E-06,2.3334E-01
-5.91200E-06,2.3236E-01
-5.91160E-06,2.3236E-01
-5.91120E-06,2.3236E-01
-5.91080E-06,2.3139E-01
-5.91040E-06,2.3334E-01
-5.91000E-06,2.3139E-01
-5.90960E-06,2.3041E-01
-5.90920E-06,2.3236E-01
-5.90880E-06,2.3236E-01
-5.90840E-06,2.3236E-01
-5.90800E-06,2.3432E-01
-5.90760E-06,2.3529E-01
-5.90720E-06,2.3139E-01
-5.90680E-06,2.3432E-01
-5.90640E-06,2.3139E-01
-5.90600E-06,2.3236E-01
-5.90560E-06,2.3529E-01
-5.90520E-06,2.3432E-01
-5.90480E-06,2.3529E-01
-5.90440E-06,2.3139E-01
-5.90400E-06,2.3139E-01
-5.90360E-06,2.3334E-01
-5.90320E-06,2.3041E-01
-5.90280E-06,2.3139E-01
-5.90240E-06,2.3139E-01
-5.90200E-06,2.3236E-01
-5.90160E-06,2.3432E-01
-5.90120E-06,2.3529E-01
-5.90080E-06,2.3236E-01
-5.90040E-06,2.3334E-01
-5.90000E-06,2.2943E-01
-5.89960E-06,2.3236E-01
-5.89920E-06,2.3139E-01
-5.89880E-06,2.3236E-01
-5.89840E-06,2.3432E-01
-5.89800E-06,2.3236E-01
-5.89760E-06,2.3334E-01
-5.89720E-06,2.2943E-01
-5.89680E-06,2.3236E-01
-5.89640E-06,2.3139E-01
-5.89600E-06,2.3432E-01
-5.89560E-06,2.3334E-01
-5.89520E-06,2.3236E-01
-5.89480E-06,2.3432E-01
-5.89440E-06,2.3529E-01
-5.89400E-06,2.3529E-01
-5.89360E-06,2.2748E-01
-5.89320E-06,2.3236E-01
-5.89280E-06,2.3236E-01
-5.89240E-06,2.3432E-01
-5.89200E-06,2.3334E-01
-5.89160E-06,2.3041E-01
-5.89120E-06,2.3236E-01
-5.89080E-06,2.2846E-01
-5.89040E-06,2.3334E-01
-5.89000E-06,2.2846E-01
-5.88960E-06,2.3334E-01
-5.88920E-06,2.3334E-01
-5.88880E-06,2.3139E-01
-5.88840E-06,2.3334E-01
-5.88800E-06,2.2943E-01
-5.88760E-06,2.3236E-01
-5.88720E-06,2.3041E-01
-5.88680E-06,2.3529E-01
-5.88640E-06,2.3334E-01
-5.88600E-06,2.3334E-01
-5.88560E-06,2.3041E-01
-5.88520E-06,2.3236E-01
-5.88480E-06,2.3432E-01
-5.88440E-06,2.2943E-01
-5.88400E-06,2.3041E-01
-5.88360E-06,2.3432E-01
-5.88320E-06,2.3041E-01
-5.88280E-06,2.3432E-01
-5.88240E-06,2.3334E-01
-5.88200E-06,2.3432E-01
-5.88160E-06,2.3139E-01
-5.88120E-06,2.3041E-01
-5.88080E-06,2.3139E-01
-5.88040E-06,2.3432E-01
-5.88000E-06,2.3139E-01
-5.87960E-06,2.3139E-01
-5.87920E-06,2.3334E-01
-5.87880E-06,2.3334E-01
-5.87840E-06,2.3236E-01
-5.87800E-06,2.3139E-01
-5.87760E-06,2.3334E-01
-5.87720E-06,2.2943E-01
-5.87680E-06,2.3432E-01
-5.87640E-06,2.3334E-01
-5.87600E-06,2.3432E-01
-5.87560E-06,2.3432E-01
-5.87520E-06,2.3139E-01
-5.87480E-06,2.3139E-01
-5.87440E-06,2.3041E-01
-5.87400E-06,2.3041E-01
-5.87360E-06,2.3041E-01
-5.87320E-06,2.3334E-01
-5.87280E-06,2.3041E-01
-5.87240E-06,2.3529E-01
-5.87200E-06,2.3334E-01
-5.87160E-06,2.2943E-01
-5.87120E-06,2.3432E-01
-5.87080E-06,2.3432E-01
-5.87040E-06,2.3139E-01
-5.87000E-06,2.3236E-01
-5.86960E-06,2.3139E-01
-5.86920E-06,2.3432E-01
-5.86880E-06,2.3139E-01
-5.86840E-06,2.3432E-01
-5.86800E-06,2.3236E-01
-5.86760E-06,2.3529E-01
-5.86720E-06,2.3432E-01
-5.86680E-06,2.2943E-01
-5.86640E-06,2.3334E-01
-5.86600E-06,2.3236E-01
-5.86560E-06,2.3627E-01
-5.86520E-06,2.3432E-01
-5.86480E-06,2.3432E-01
-5.86440E-06,2.3627E-01
-5.86400E-06,2.3334E-01
-5.86360E-06,2.3529E-01
-5.86320E-06,2.3432E-01
-5.86280E-06,2.3334E-01
-5.86240E-06,2.3334E-01
-5.86200E-06,2.3139E-01
-5.86160E-06,2.3236E-01
-5.86120E-06,2.3334E-01
-5.86080E-06,2.3236E-01
-5.86040E-06,2.3432E-01
-5.86000E-06,2.3529E-01
-5.85960E-06,2.3236E-01
-5.85920E-06,2.3139E-01
-5.85880E-06,2.3432E-01
-5.85840E-06,2.3334E-01
-5.85800E-06,2.3725E-01
-5.85760E-06,2.3334E-01
-5.85720E-06,2.3139E-01
-5.85680E-06,2.3432E-01
-5.85640E-06,2.3236E-01
-5.85600E-06,2.3334E-01
-5.85560E-06,2.3139E-01
-5.85520E-06,2.3139E-01
-5.85480E-06,2.3627E-01
-5.85440E-06,2.3334E-01
-5.85400E-06,2.3432E-01
-5.85360E-06,2.3236E-01
-5.85320E-06,2.3236E-01
-5.85280E-06,2.3334E-01
-5.85240E-06,2.3529E-01
-5.85200E-06,2.3432E-01
-5.85160E-06,2.3236E-01
-5.85120E-06,2.3041E-01
-5.85080E-06,2.3529E-01
-5.85040E-06,2.3432E-01
-5.85000E-06,2.3334E-01
-5.84960E-06,2.3432E-01
-5.84920E-06,2.3139E-01
-5.84880E-06,2.3236E-01
-5.84840E-06,2.3236E-01
-5.84800E-06,2.3432E-01
-5.84760E-06,2.3334E-01
-5.84720E-06,2.3334E-01
-5.84680E-06,2.3334E-01
-5.84640E-06,2.3139E-01
-5.84600E-06,2.3334E-01
-5.84560E-06,2.3432E-01
-5.84520E-06,2.3432E-01
-5.84480E-06,2.3432E-01
-5.84440E-06,2.3432E-01
-5.84400E-06,2.3139E-01
-5.84360E-06,2.3139E-01
-5.84320E-06,2.3432E-01
-5.84280E-06,2.3236E-01
-5.84240E-06,2.3236E-01
-5.84200E-06,2.3627E-01
-5.84160E-06,2.3432E-01
-5.84120E-06,2.3432E-01
-5.84080E-06,2.3529E-01
-5.84040E-06,2.3236E-01
-5.84000E-06,2.3334E-01
-5.83960E-06,2.3432E-01
-5.83920E-06,2.3139E-01
-5.83880E-06,2.3139E-01
-5.83840E-06,2.3432E-01
-5.83800E-06,2.3334E-01
-5.83760E-06,2.3432E-01
-5.83720E-06,2.3334E-01
-5.83680E-06,2.3041E-01
-5.83640E-06,2.3236E-01
-5.83600E-06,2.3334E-01
-5.83560E-06,2.3334E-01
-5.83520E-06,2.3236E-01
-5.83480E-06,2.3334E-01
-5.83440E-06,2.3139E-01
-5.83400E-06,2.3432E-01
-5.83360E-06,2.3725E-01
-5.83320E-06,2.3725E-01
-5.83280E-06,2.3236E-01
-5.83240E-06,2.3529E-01
-5.83200E-06,2.3432E-01
-5.83160E-06,2.3334E-01
-5.83120E-06,2.3139E-01
-5.83080E-06,2.3334E-01
-5.83040E-06,2.2846E-01
-5.83000E-06,2.3334E-01
-5.82960E-06,2.3627E-01
-5.82920E-06,2.3432E-01
-5.82880E-06,2.3725E-01
-5.82840E-06,2.3236E-01
-5.82800E-06,2.3529E-01
-5.82760E-06,2.3432E-01
-5.82720E-06,2.3529E-01
-5.82680E-06,2.2943E-01
-5.82640E-06,2.3139E-01
-5.82600E-06,2.3236E-01
-5.82560E-06,2.3139E-01
-5.82520E-06,2.3725E-01
-5.82480E-06,2.3432E-01
-5.82440E-06,2.3432E-01
-5.82400E-06,2.3432E-01
-5.82360E-06,2.3334E-01
-5.82320E-06,2.3334E-01
-5.82280E-06,2.3529E-01
-5.82240E-06,2.3139E-01
-5.82200E-06,2.3139E-01
-5.82160E-06,2.3334E-01
-5.82120E-06,2.3236E-01
-5.82080E-06,2.3041E-01
-5.82040E-06,2.3529E-01
-5.82000E-06,2.3334E-01
-5.81960E-06,2.3236E-01
-5.81920E-06,2.3236E-01
-5.81880E-06,2.3236E-01
-5.81840E-06,2.3041E-01
-5.81800E-06,2.3139E-01
-5.81760E-06,2.3432E-01
-5.81720E-06,2.3334E-01
-5.81680E-06,2.3432E-01
-5.81640E-06,2.3236E-01
-5.81600E-06,2.3139E-01
-5.81560E-06,2.3432E-01
-5.81520E-06,2.3529E-01
-5.81480E-06,2.3334E-01
-5.81440E-06,2.3334E-01
-5.81400E-06,2.3041E-01
-5.81360E-06,2.3432E-01
-5.81320E-06,2.3529E-01
-5.81280E-06,2.3529E-01
-5.81240E-06,2.3334E-01
-5.81200E-06,2.3432E-01
-5.81160E-06,2.3432E-01
-5.81120E-06,2.3139E-01
-5.81080E-06,2.3236E-01
-5.81040E-06,2.3334E-01
-5.81000E-06,2.3432E-01
-5.80960E-06,2.3334E-01
-5.80920E-06,2.3041E-01
-5.80880E-06,2.3334E-01
-5.80840E-06,2.3334E-01
-5.80800E-06,2.3432E-01
-5.80760E-06,2.3432E-01
-5.80720E-06,2.3236E-01
-5.80680E-06,2.3139E-01
-5.80640E-06,2.3139E-01
-5.80600E-06,2.3041E-01
-5.80560E-06,2.3236E-01
-5.80520E-06,2.3139E-01
-5.80480E-06,2.3139E-01
-5.80440E-06,2.3432E-01
-5.80400E-06,2.3139E-01
-5.80360E-06,2.2846E-01
-5.80320E-06,2.3139E-01
-5.80280E-06,2.2943E-01
-5.80240E-06,2.3236E-01
-5.80200E-06,2.3334E-01
-5.80160E-06,2.3139E-01
-5.80120E-06,2.3236E-01
-5.80080E-06,2.3041E-01
-5.80040E-06,2.3041E-01
-5.80000E-06,2.3139E-01
-5.79960E-06,2.3041E-01
-5.79920E-06,2.3432E-01
-5.79880E-06,2.3334E-01
-5.79840E-06,2.3432E-01
-5.79800E-06,2.3139E-01
-5.79760E-06,2.3432E-01
-5.79720E-06,2.3236E-01
-5.79680E-06,2.3041E-01
-5.79640E-06,2.3041E-01
-5.79600E-06,2.3236E-01
-5.79560E-06,2.3139E-01
-5.79520E-06,2.3334E-01
-5.79480E-06,2.3139E-01
-5.79440E-06,2.2943E-01
-5.79400E-06,2.3139E-01
-5.79360E-06,2.3041E-01
-5.79320E-06,2.3041E-01
-5.79280E-06,2.3139E-01
-5.79240E-06,2.3236E-01
-5.79200E-06,2.3334E-01
-5.79160E-06,2.3236E-01
-5.79120E-06,2.3432E-01
-5.79080E-06,2.3432E-01
-5.79040E-06,2.3041E-01
-5.79000E-06,2.3236E-01
-5.78960E-06,2.3041E-01
-5.78920E-06,2.3041E-01
-5.78880E-06,2.3236E-01
-5.78840E-06,2.2846E-01
-5.78800E-06,2.3334E-01
-5.78760E-06,2.3139E-01
-5.78720E-06,2.3041E-01
-5.78680E-06,2.3236E-01
-5.78640E-06,2.3529E-01
-5.78600E-06,2.3334E-01
-5.78560E-06,2.3432E-01
-5.78520E-06,2.3529E-01
-5.78480E-06,2.3334E-01
-5.78440E-06,2.3334E-01
-5.78400E-06,2.3334E-01
-5.78360E-06,2.3041E-01
-5.78320E-06,2.3334E-01
-5.78280E-06,2.3139E-01
-5.78240E-06,2.3041E-01
-5.78200E-06,2.3236E-01
-5.78160E-06,2.3139E-01
-5.78120E-06,2.3041E-01
-5.78080E-06,2.3236E-01
-5.78040E-06,2.3139E-01
-5.78000E-06,2.3139E-01
-5.77960E-06,2.3432E-01
-5.77920E-06,2.3139E-01
-5.77880E-06,2.3139E-01
-5.77840E-06,2.3041E-01
-5.77800E-06,2.3041E-01
-5.77760E-06,2.2943E-01
-5.77720E-06,2.3041E-01
-5.77680E-06,2.3236E-01
-5.77640E-06,2.3041E-01
-5.77600E-06,2.3334E-01
-5.77560E-06,2.3236E-01
-5.77520E-06,2.3334E-01
-5.77480E-06,2.3236E-01
-5.77440E-06,2.3432E-01
-5.77400E-06,2.3236E-01
-5.77360E-06,2.2846E-01
-5.77320E-06,2.3139E-01
-5.77280E-06,2.3236E-01
-5.77240E-06,2.3139E-01
-5.77200E-06,2.2943E-01
-5.77160E-06,2.3236E-01
-5.77120E-06,2.3432E-01
-5.77080E-06,2.3041E-01
-5.77040E-06,2.3041E-01
-5.77000E-06,2.3041E-01
-5.76960E-06,2.2943E-01
-5.76920E-06,2.3041E-01
-5.76880E-06,2.2943E-01
-5.76840E-06,2.2943E-01
-5.76800E-06,2.2846E-01
-5.76760E-06,2.3139E-01
-5.76720E-06,2.3139E-01
-5.76680E-06,2.3334E-01
-5.76640E-06,2.3334E-01
-5.76600E-06,2.3139E-01
-5.76560E-06,2.3139E-01
-5.76520E-06,2.3236E-01
-5.76480E-06,2.3041E-01
-5.76440E-06,2.3139E-01
-5.76400E-06,2.3139E-01
-5.76360E-06,2.3334E-01
-5.76320E-06,2.3529E-01
-5.76280E-06,2.3041E-01
-5.76240E-06,2.3334E-01
-5.76200E-06,2.3139E-01
-5.76160E-06,2.3236E-01
-5.76120E-06,2.3334E-01
-5.76080E-06,2.3334E-01
-5.76040E-06,2.3236E-01
-5.76000E-06,2.3139E-01
-5.75960E-06,2.3139E-01
-5.75920E-06,2.3334E-01
-5.75880E-06,2.3529E-01
-5.75840E-06,2.3139E-01
-5.75800E-06,2.3041E-01
-5.75760E-06,2.3236E-01
-5.75720E-06,2.3334E-01
-5.75680E-06,2.3139E-01
-5.75640E-06,2.3041E-01
-5.75600E-06,2.3041E-01
-5.75560E-06,2.3334E-01
-5.75520E-06,2.3236E-01
-5.75480E-06,2.3236E-01
-5.75440E-06,2.3334E-01
-5.75400E-06,2.3041E-01
-5.75360E-06,2.3139E-01
-5.75320E-06,2.2846E-01
-5.75280E-06,2.3432E-01
-5.75240E-06,2.3139E-01
-5.75200E-06,2.3334E-01
-5.75160E-06,2.3139E-01
-5.75120E-06,2.3139E-01
-5.75080E-06,2.2846E-01
-5.75040E-06,2.3041E-01
-5.75000E-06,2.2846E-01
-5.74960E-06,2.3236E-01
-5.74920E-06,2.3236E-01
-5.74880E-06,2.3041E-01
-5.74840E-06,2.3041E-01
-5.74800E-06,2.3236E-01
-5.74760E-06,2.3334E-01
-5.74720E-06,2.2943E-01
-5.74680E-06,2.3139E-01
-5.74640E-06,2.3041E-01
-5.74600E-06,2.3139E-01
-5.74560E-06,2.3041E-01
-5.74520E-06,2.3041E-01
-5.74480E-06,2.3041E-01
-5.74440E-06,2.3139E-01
-5.74400E-06,2.3334E-01
-5.74360E-06,2.3041E-01
-5.74320E-06,2.2846E-01
-5.74280E-06,2.3139E-01
-5.74240E-06,2.3236E-01
-5.74200E-06,2.2846E-01
-5.74160E-06,2.2943E-01
-5.74120E-06,2.3432E-01
-5.74080E-06,2.3236E-01
-5.74040E-06,2.3236E-01
-5.74000E-06,2.3041E-01
-5.73960E-06,2.3236E-01
-5.73920E-06,2.3334E-01
-5.73880E-06,2.3041E-01
-5.73840E-06,2.3041E-01
-5.73800E-06,2.2943E-01
-5.73760E-06,2.3236E-01
-5.73720E-06,2.3041E-01
-5.73680E-06,2.3236E-01
-5.73640E-06,2.3139E-01
-5.73600E-06,2.3041E-01
-5.73560E-06,2.3041E-01
-5.73520E-06,2.2846E-01
-5.73480E-06,2.3041E-01
-5.73440E-06,2.3041E-01
-5.73400E-06,2.3041E-01
-5.73360E-06,2.3041E-01
-5.73320E-06,2.3432E-01
-5.73280E-06,2.3139E-01
-5.73240E-06,2.3041E-01
-5.73200E-06,2.3334E-01
-5.73160E-06,2.2846E-01
-5.73120E-06,2.2748E-01
-5.73080E-06,2.3041E-01
-5.73040E-06,2.2846E-01
-5.73000E-06,2.3041E-01
-5.72960E-06,2.3041E-01
-5.72920E-06,2.3334E-01
-5.72880E-06,2.3236E-01
-5.72840E-06,2.3041E-01
-5.72800E-06,2.3139E-01
-5.72760E-06,2.3139E-01
-5.72720E-06,2.3041E-01
-5.72680E-06,2.3432E-01
-5.72640E-06,2.3139E-01
-5.72600E-06,2.2943E-01
-5.72560E-06,2.3041E-01
-5.72520E-06,2.3334E-01
-5.72480E-06,2.3334E-01
-5.72440E-06,2.3236E-01
-5.72400E-06,2.3432E-01
-5.72360E-06,2.3041E-01
-5.72320E-06,2.2846E-01
-5.72280E-06,2.3334E-01
-5.72240E-06,2.3432E-01
-5.72200E-06,2.3236E-01
-5.72160E-06,2.2943E-01
-5.72120E-06,2.3432E-01
-5.72080E-06,2.3041E-01
-5.72040E-06,2.3529E-01
-5.72000E-06,2.3236E-01
-5.71960E-06,2.3334E-01
-5.71920E-06,2.3334E-01
-5.71880E-06,2.3432E-01
-5.71840E-06,2.3334E-01
-5.71800E-06,2.3139E-01
-5.71760E-06,2.3236E-01
-5.71720E-06,2.3236E-01
-5.71680E-06,2.3041E-01
-5.71640E-06,2.3139E-01
-5.71600E-06,2.2943E-01
-5.71560E-06,2.3139E-01
-5.71520E-06,2.3236E-01
-5.71480E-06,2.3334E-01
-5.71440E-06,2.3334E-01
-5.71400E-06,2.3236E-01
-5.71360E-06,2.3236E-01
-5.71320E-06,2.3139E-01
-5.71280E-06,2.3139E-01
-5.71240E-06,2.3139E-01
-5.71200E-06,2.3529E-01
-5.71160E-06,2.3041E-01
-5.71120E-06,2.3139E-01
-5.71080E-06,2.3334E-01
-5.71040E-06,2.3139E-01
-5.71000E-06,2.3236E-01
-5.70960E-06,2.3236E-01
-5.70920E-06,2.3627E-01
-5.70880E-06,2.3041E-01
-5.70840E-06,2.3529E-01
-5.70800E-06,2.3334E-01
-5.70760E-06,2.3139E-01
-5.70720E-06,2.3236E-01
-5.70680E-06,2.2846E-01
-5.70640E-06,2.2943E-01
-5.70600E-06,2.3236E-01
-5.70560E-06,2.3432E-01
-5.70520E-06,2.3236E-01
-5.70480E-06,2.3041E-01
-5.70440E-06,2.3041E-01
-5.70400E-06,2.2943E-01
-5.70360E-06,2.3139E-01
-5.70320E-06,2.3139E-01
-5.70280E-06,2.3334E-01
-5.70240E-06,2.3041E-01
-5.70200E-06,2.3334E-01
-5.70160E-06,2.3432E-01
-5.70120E-06,2.3432E-01
-5.70080E-06,2.3334E-01
-5.70040E-06,2.3236E-01
-5.70000E-06,2.3236E-01
-5.69960E-06,2.3236E-01
-5.69920E-06,2.3432E-01
-5.69880E-06,2.3432E-01
-5.69840E-06,2.3139E-01
-5.69800E-06,2.3432E-01
-5.69760E-06,2.3139E-01
-5.69720E-06,2.2846E-01
-5.69680E-06,2.3334E-01
-5.69640E-06,2.3432E-01
-5.69600E-06,2.3139E-01
-5.69560E-06,2.3041E-01
-5.69520E-06,2.3334E-01
-5.69480E-06,2.3334E-01
-5.69440E-06,2.3236E-01
-5.69400E-06,2.3432E-01
-5.69360E-06,2.3334E-01
-5.69320E-06,2.3725E-01
-5.69280E-06,2.3432E-01
-5.69240E-06,2.3432E-01
-5.69200E-06,2.3627E-01
-5.69160E-06,2.3139E-01
-5.69120E-06,2.3236E-01
-5.69080E-06,2.3236E-01
-5.69040E-06,2.3139E-01
-5.69000E-06,2.3139E-01
-5.68960E-06,2.3041E-01
-5.68920E-06,2.3041E-01
-5.68880E-06,2.2943E-01
-5.68840E-06,2.3041E-01
-5.68800E-06,2.3139E-01
-5.68760E-06,2.3334E-01
-5.68720E-06,2.3627E-01
-5.68680E-06,2.3041E-01
-5.68640E-06,2.3529E-01
-5.68600E-06,2.3041E-01
-5.68560E-06,2.3041E-01
-5.68520E-06,2.3139E-01
-5.68480E-06,2.3432E-01
-5.68440E-06,2.3139E-01
-5.68400E-06,2.3236E-01
-5.68360E-06,2.3432E-01
-5.68320E-06,2.3334E-01
-5.68280E-06,2.3041E-01
-5.68240E-06,2.3139E-01
-5.68200E-06,2.3236E-01
-5.68160E-06,2.3041E-01
-5.68120E-06,2.3139E-01
-5.68080E-06,2.3432E-01
-5.68040E-06,2.3041E-01
-5.68000E-06,2.3236E-01
-5.67960E-06,2.3041E-01
-5.67920E-06,2.3041E-01
-5.67880E-06,2.3236E-01
-5.67840E-06,2.3139E-01
-5.67800E-06,2.3236E-01
-5.67760E-06,2.3139E-01
-5.67720E-06,2.3236E-01
-5.67680E-06,2.3041E-01
-5.67640E-06,2.3041E-01
-5.67600E-06,2.3139E-01
-5.67560E-06,2.3432E-01
-5.67520E-06,2.3041E-01
-5.67480E-06,2.3432E-01
-5.67440E-06,2.3725E-01
-5.67400E-06,2.3236E-01
-5.67360E-06,2.3139E-01
-5.67320E-06,2.3432E-01
-5.67280E-06,2.3139E-01
-5.67240E-06,2.3139E-01
-5.67200E-06,2.3236E-01
-5.67160E-06,2.3529E-01
-5.67120E-06,2.3139E-01
-5.67080E-06,2.3432E-01
-5.67040E-06,2.2846E-01
-5.67000E-06,2.3432E-01
-5.66960E-06,2.3334E-01
-5.66920E-06,2.3236E-01
-5.66880E-06,2.3432E-01
-5.66840E-06,2.3139E-01
-5.66800E-06,2.3334E-01
-5.66760E-06,2.3334E-01
-5.66720E-06,2.3139E-01
-5.66680E-06,2.3139E-01
-5.66640E-06,2.3139E-01
-5.66600E-06,2.3627E-01
-5.66560E-06,2.3139E-01
-5.66520E-06,2.3334E-01
-5.66480E-06,2.3334E-01
-5.66440E-06,2.3432E-01
-5.66400E-06,2.3334E-01
-5.66360E-06,2.3334E-01
-5.66320E-06,2.3236E-01
-5.66280E-06,2.3236E-01
-5.66240E-06,2.3529E-01
-5.66200E-06,2.3432E-01
-5.66160E-06,2.3725E-01
-5.66120E-06,2.3236E-01
-5.66080E-06,2.3725E-01
-5.66040E-06,2.3529E-01
-5.66000E-06,2.3432E-01
-5.65960E-06,2.3139E-01
-5.65920E-06,2.3432E-01
-5.65880E-06,2.3236E-01
-5.65840E-06,2.3432E-01
-5.65800E-06,2.3432E-01
-5.65760E-06,2.3041E-01
-5.65720E-06,2.3529E-01
-5.65680E-06,2.3529E-01
-5.65640E-06,2.3627E-01
-5.65600E-06,2.3432E-01
-5.65560E-06,2.3432E-01
-5.65520E-06,2.3334E-01
-5.65480E-06,2.3334E-01
-5.65440E-06,2.3529E-01
-5.65400E-06,2.3529E-01
-5.65360E-06,2.3529E-01
-5.65320E-06,2.3334E-01
-5.65280E-06,2.3529E-01
-5.65240E-06,2.3432E-01
-5.65200E-06,2.3432E-01
-5.65160E-06,2.3334E-01
-5.65120E-06,2.3139E-01
-5.65080E-06,2.3041E-01
-5.65040E-06,2.3236E-01
-5.65000E-06,2.3822E-01
-5.64960E-06,2.3432E-01
-5.64920E-06,2.3432E-01
-5.64880E-06,2.3432E-01
-5.64840E-06,2.3334E-01
-5.64800E-06,2.3627E-01
-5.64760E-06,2.3334E-01
-5.64720E-06,2.3432E-01
-5.64680E-06,2.3529E-01
-5.64640E-06,2.3041E-01
-5.64600E-06,2.3334E-01
-5.64560E-06,2.3334E-01
-5.64520E-06,2.3334E-01
-5.64480E-06,2.3529E-01
-5.64440E-06,2.3529E-01
-5.64400E-06,2.3627E-01
-5.64360E-06,2.3334E-01
-5.64320E-06,2.3627E-01
-5.64280E-06,2.3432E-01
-5.64240E-06,2.3432E-01
-5.64200E-06,2.3432E-01
-5.64160E-06,2.3627E-01
-5.64120E-06,2.3432E-01
-5.64080E-06,2.3627E-01
-5.64040E-06,2.3432E-01
-5.64000E-06,2.3627E-01
-5.63960E-06,2.3627E-01
-5.63920E-06,2.3139E-01
-5.63880E-06,2.3529E-01
-5.63840E-06,2.3529E-01
-5.63800E-06,2.3432E-01
-5.63760E-06,2.3041E-01
-5.63720E-06,2.3627E-01
-5.63680E-06,2.3627E-01
-5.63640E-06,2.3432E-01
-5.63600E-06,2.3432E-01
-5.63560E-06,2.3334E-01
-5.63520E-06,2.3725E-01
-5.63480E-06,2.3041E-01
-5.63440E-06,2.3627E-01
-5.63400E-06,2.3432E-01
-5.63360E-06,2.2943E-01
-5.63320E-06,2.3334E-01
-5.63280E-06,2.3529E-01
-5.63240E-06,2.3334E-01
-5.63200E-06,2.3432E-01
-5.63160E-06,2.3334E-01
-5.63120E-06,2.3139E-01
-5.63080E-06,2.3236E-01
-5.63040E-06,2.3334E-01
-5.63000E-06,2.3139E-01
-5.62960E-06,2.3236E-01
-5.62920E-06,2.3236E-01
-5.62880E-06,2.3236E-01
-5.62840E-06,2.3139E-01
-5.62800E-06,2.3139E-01
-5.62760E-06,2.3334E-01
-5.62720E-06,2.3139E-01
-5.62680E-06,2.3529E-01
-5.62640E-06,2.3139E-01
-5.62600E-06,2.3432E-01
-5.62560E-06,2.3139E-01
-5.62520E-06,2.3041E-01
-5.62480E-06,2.3334E-01
-5.62440E-06,2.3334E-01
-5.62400E-06,2.3432E-01
-5.62360E-06,2.3725E-01
-5.62320E-06,2.3334E-01
-5.62280E-06,2.3041E-01
-5.62240E-06,2.3627E-01
-5.62200E-06,2.3529E-01
-5.62160E-06,2.3627E-01
-5.62120E-06,2.3627E-01
-5.62080E-06,2.3139E-01
-5.62040E-06,2.3432E-01
-5.62000E-06,2.3432E-01
-5.61960E-06,2.3334E-01
-5.61920E-06,2.3432E-01
-5.61880E-06,2.3432E-01
-5.61840E-06,2.3432E-01
-5.61800E-06,2.3529E-01
-5.61760E-06,2.3236E-01
-5.61720E-06,2.3236E-01
-5.61680E-06,2.3529E-01
-5.61640E-06,2.3139E-01
-5.61600E-06,2.3334E-01
-5.61560E-06,2.3432E-01
-5.61520E-06,2.3725E-01
-5.61480E-06,2.3334E-01
-5.61440E-06,2.3432E-01
-5.61400E-06,2.3627E-01
-5.61360E-06,2.3432E-01
-5.61320E-06,2.3432E-01
-5.61280E-06,2.3432E-01
-5.61240E-06,2.3334E-01
-5.61200E-06,2.3432E-01
-5.61160E-06,2.3334E-01
-5.61120E-06,2.3334E-01
-5.61080E-06,2.3627E-01
-5.61040E-06,2.3334E-01
-5.61000E-06,2.3236E-01
-5.60960E-06,2.3627E-01
-5.60920E-06,2.3529E-01
-5.60880E-06,2.3725E-01
-5.60840E-06,2.3432E-01
-5.60800E-06,2.3529E-01
-5.60760E-06,2.3432E-01
-5.60720E-06,2.3432E-01
-5.60680E-06,2.3627E-01
-5.60640E-06,2.3236E-01
-5.60600E-06,2.3334E-01
-5.60560E-06,2.3432E-01
-5.60520E-06,2.3236E-01
-5.60480E-06,2.3627E-01
-5.60440E-06,2.3334E-01
-5.60400E-06,2.3432E-01
-5.60360E-06,2.3041E-01
-5.60320E-06,2.3236E-01
-5.60280E-06,2.3432E-01
-5.60240E-06,2.3334E-01
-5.60200E-06,2.3334E-01
-5.60160E-06,2.3236E-01
-5.60120E-06,2.3529E-01
-5.60080E-06,2.3529E-01
-5.60040E-06,2.3432E-01
-5.60000E-06,2.3627E-01
-5.59960E-06,2.3432E-01
-5.59920E-06,2.3432E-01
-5.59880E-06,2.3432E-01
-5.59840E-06,2.3334E-01
-5.59800E-06,2.3432E-01
-5.59760E-06,2.3334E-01
-5.59720E-06,2.3334E-01
-5.59680E-06,2.3627E-01
-5.59640E-06,2.3334E-01
-5.59600E-06,2.3529E-01
-5.59560E-06,2.3529E-01
-5.59520E-06,2.3627E-01
-5.59480E-06,2.3529E-01
-5.59440E-06,2.3139E-01
-5.59400E-06,2.3432E-01
-5.59360E-06,2.3432E-01
-5.59320E-06,2.3334E-01
-5.59280E-06,2.3334E-01
-5.59240E-06,2.3529E-01
-5.59200E-06,2.3236E-01
-5.59160E-06,2.3432E-01
-5.59120E-06,2.3627E-01
-5.59080E-06,2.3529E-01
-5.59040E-06,2.3725E-01
-5.59000E-06,2.3529E-01
-5.58960E-06,2.3627E-01
-5.58920E-06,2.3529E-01
-5.58880E-06,2.3236E-01
-5.58840E-06,2.3432E-01
-5.58800E-06,2.3627E-01
-5.58760E-06,2.3529E-01
-5.58720E-06,2.3334E-01
-5.58680E-06,2.3432E-01
-5.58640E-06,2.3529E-01
-5.58600E-06,2.3529E-01
-5.58560E-06,2.3236E-01
-5.58520E-06,2.3139E-01
-5.58480E-06,2.3334E-01
-5.58440E-06,2.3627E-01
-5.58400E-06,2.3334E-01
-5.58360E-06,2.3432E-01
-5.58320E-06,2.3432E-01
-5.58280E-06,2.3236E-01
-5.58240E-06,2.3236E-01
-5.58200E-06,2.3432E-01
-5.58160E-06,2.3432E-01
-5.58120E-06,2.3334E-01
-5.58080E-06,2.3432E-01
-5.58040E-06,2.3432E-01
-5.58000E-06,2.3139E-01
-5.57960E-06,2.3236E-01
-5.57920E-06,2.3822E-01
-5.57880E-06,2.3432E-01
-5.57840E-06,2.3725E-01
-5.57800E-06,2.3529E-01
-5.57760E-06,2.3529E-01
-5.57720E-06,2.3725E-01
-5.57680E-06,2.3432E-01
-5.57640E-06,2.3334E-01
-5.57600E-06,2.3529E-01
-5.57560E-06,2.3334E-01
-5.57520E-06,2.3432E-01
-5.57480E-06,2.3139E-01
-5.57440E-06,2.3236E-01
-5.57400E-06,2.3529E-01
-5.57360E-06,2.3432E-01
-5.57320E-06,2.3529E-01
-5.57280E-06,2.3432E-01
-5.57240E-06,2.3334E-01
-5.57200E-06,2.3529E-01
-5.57160E-06,2.3139E-01
-5.57120E-06,2.3236E-01
-5.57080E-06,2.3529E-01
-5.57040E-06,2.3725E-01
-5.57000E-06,2.3334E-01
-5.56960E-06,2.3432E-01
-5.56920E-06,2.3432E-01
-5.56880E-06,2.3432E-01
-5.56840E-06,2.3432E-01
-5.56800E-06,2.3334E-01
-5.56760E-06,2.3432E-01
-5.56720E-06,2.3139E-01
-5.56680E-06,2.3432E-01
-5.56640E-06,2.3627E-01
-5.56600E-06,2.3236E-01
-5.56560E-06,2.3334E-01
-5.56520E-06,2.3236E-01
-5.56480E-06,2.3432E-01
-5.56440E-06,2.3529E-01
-5.56400E-06,2.3432E-01
-5.56360E-06,2.3334E-01
-5.56320E-06,2.3529E-01
-5.56280E-06,2.3627E-01
-5.56240E-06,2.3432E-01
-5.56200E-06,2.3334E-01
-5.56160E-06,2.3139E-01
-5.56120E-06,2.3529E-01
-5.56080E-06,2.3627E-01
-5.56040E-06,2.3236E-01
-5.56000E-06,2.3529E-01
-5.55960E-06,2.3236E-01
-5.55920E-06,2.3529E-01
-5.55880E-06,2.3236E-01
-5.55840E-06,2.3725E-01
-5.55800E-06,2.3725E-01
-5.55760E-06,2.3432E-01
-5.55720E-06,2.3236E-01
-5.55680E-06,2.3725E-01
-5.55640E-06,2.3627E-01
-5.55600E-06,2.3432E-01
-5.55560E-06,2.3432E-01
-5.55520E-06,2.3334E-01
-5.55480E-06,2.3334E-01
-5.55440E-06,2.3139E-01
-5.55400E-06,2.3334E-01
-5.55360E-06,2.3432E-01
-5.55320E-06,2.3139E-01
-5.55280E-06,2.3139E-01
-5.55240E-06,2.3236E-01
-5.55200E-06,2.3334E-01
-5.55160E-06,2.3041E-01
-5.55120E-06,2.3432E-01
-5.55080E-06,2.3432E-01
-5.55040E-06,2.3627E-01
-5.55000E-06,2.3432E-01
-5.54960E-06,2.3529E-01
-5.54920E-06,2.3432E-01
-5.54880E-06,2.3725E-01
-5.54840E-06,2.3432E-01
-5.54800E-06,2.3529E-01
-5.54760E-06,2.3627E-01
-5.54720E-06,2.3334E-01
-5.54680E-06,2.3334E-01
-5.54640E-06,2.3334E-01
-5.54600E-06,2.3432E-01
-5.54560E-06,2.3334E-01
-5.54520E-06,2.3432E-01
-5.54480E-06,2.3432E-01
-5.54440E-06,2.3139E-01
-5.54400E-06,2.3041E-01
-5.54360E-06,2.3529E-01
-5.54320E-06,2.3432E-01
-5.54280E-06,2.3529E-01
-5.54240E-06,2.2846E-01
-5.54200E-06,2.3139E-01
-5.54160E-06,2.3432E-01
-5.54120E-06,2.3236E-01
-5.54080E-06,2.3236E-01
-5.54040E-06,2.3041E-01
-5.54000E-06,2.3529E-01
-5.53960E-06,2.3334E-01
-5.53920E-06,2.3432E-01
-5.53880E-06,2.3627E-01
-5.53840E-06,2.3529E-01
-5.53800E-06,2.3627E-01
-5.53760E-06,2.3041E-01
-5.53720E-06,2.3627E-01
-5.53680E-06,2.3139E-01
-5.53640E-06,2.3432E-01
-5.53600E-06,2.3627E-01
-5.53560E-06,2.3236E-01
-5.53520E-06,2.3041E-01
-5.53480E-06,2.3627E-01
-5.53440E-06,2.3236E-01
-5.53400E-06,2.3432E-01
-5.53360E-06,2.3627E-01
-5.53320E-06,2.3529E-01
-5.53280E-06,2.3432E-01
-5.53240E-06,2.3725E-01
-5.53200E-06,2.3432E-01
-5.53160E-06,2.3529E-01
-5.53120E-06,2.3822E-01
-5.53080E-06,2.3627E-01
-5.53040E-06,2.3432E-01
-5.53000E-06,2.3529E-01
-5.52960E-06,2.3432E-01
-5.52920E-06,2.3725E-01
-5.52880E-06,2.3432E-01
-5.52840E-06,2.3236E-01
-5.52800E-06,2.3529E-01
-5.52760E-06,2.3236E-01
-5.52720E-06,2.3627E-01
-5.52680E-06,2.3432E-01
-5.52640E-06,2.3334E-01
-5.52600E-06,2.3432E-01
-5.52560E-06,2.3432E-01
-5.52520E-06,2.3627E-01
-5.52480E-06,2.3725E-01
-5.52440E-06,2.3334E-01
-5.52400E-06,2.3432E-01
-5.52360E-06,2.3432E-01
-5.52320E-06,2.3334E-01
-5.52280E-06,2.3139E-01
-5.52240E-06,2.3334E-01
-5.52200E-06,2.3432E-01
-5.52160E-06,2.3432E-01
-5.52120E-06,2.3236E-01
-5.52080E-06,2.3627E-01
-5.52040E-06,2.3139E-01
-5.52000E-06,2.3334E-01
-5.51960E-06,2.3725E-01
-5.51920E-06,2.3432E-01
-5.51880E-06,2.3725E-01
-5.51840E-06,2.3432E-01
-5.51800E-06,2.3529E-01
-5.51760E-06,2.3432E-01
-5.51720E-06,2.3334E-01
-5.51680E-06,2.3529E-01
-5.51640E-06,2.3139E-01
-5.51600E-06,2.3334E-01
-5.51560E-06,2.3236E-01
-5.51520E-06,2.3432E-01
-5.51480E-06,2.3432E-01
-5.51440E-06,2.3529E-01
-5.51400E-06,2.3725E-01
-5.51360E-06,2.3432E-01
-5.51320E-06,2.3432E-01
-5.51280E-06,2.3432E-01
-5.51240E-06,2.3236E-01
-5.51200E-06,2.3139E-01
-5.51160E-06,2.3529E-01
-5.51120E-06,2.3432E-01
-5.51080E-06,2.3529E-01
-5.51040E-06,2.3236E-01
-5.51000E-06,2.3432E-01
-5.50960E-06,2.3432E-01
-5.50920E-06,2.3432E-01
-5.50880E-06,2.3236E-01
-5.50840E-06,2.3432E-01
-5.50800E-06,2.3725E-01
-5.50760E-06,2.3627E-01
-5.50720E-06,2.3725E-01
-5.50680E-06,2.3627E-01
-5.50640E-06,2.3529E-01
-5.50600E-06,2.3529E-01
-5.50560E-06,2.3529E-01
-5.50520E-06,2.3529E-01
-5.50480E-06,2.3432E-01
-5.50440E-06,2.3432E-01
-5.50400E-06,2.3529E-01
-5.50360E-06,2.3529E-01
-5.50320E-06,2.3432E-01
-5.50280E-06,2.3529E-01
-5.50240E-06,2.3432E-01
-5.50200E-06,2.3529E-01
-5.50160E-06,2.3627E-01
-5.50120E-06,2.3334E-01
-5.50080E-06,2.3432E-01
-5.50040E-06,2.3725E-01
-5.50000E-06,2.3529E-01
-5.49960E-06,2.3627E-01
-5.49920E-06,2.3627E-01
-5.49880E-06,2.3529E-01
-5.49840E-06,2.3432E-01
-5.49800E-06,2.3725E-01
-5.49760E-06,2.3432E-01
-5.49720E-06,2.3432E-01
-5.49680E-06,2.3236E-01
-5.49640E-06,2.3529E-01
-5.49600E-06,2.3529E-01
-5.49560E-06,2.3529E-01
-5.49520E-06,2.3529E-01
-5.49480E-06,2.3627E-01
-5.49440E-06,2.3627E-01
-5.49400E-06,2.3725E-01
-5.49360E-06,2.3529E-01
-5.49320E-06,2.3627E-01
-5.49280E-06,2.3334E-01
-5.49240E-06,2.3432E-01
-5.49200E-06,2.3139E-01
-5.49160E-06,2.3627E-01
-5.49120E-06,2.3432E-01
-5.49080E-06,2.3529E-01
-5.49040E-06,2.3432E-01
-5.49000E-06,2.3529E-01
-5.48960E-06,2.3334E-01
-5.48920E-06,2.3236E-01
-5.48880E-06,2.3529E-01
-5.48840E-06,2.3432E-01
-5.48800E-06,2.3725E-01
-5.48760E-06,2.3529E-01
-5.48720E-06,2.3432E-01
-5.48680E-06,2.3432E-01
-5.48640E-06,2.3432E-01
-5.48600E-06,2.3236E-01
-5.48560E-06,2.3725E-01
-5.48520E-06,2.3432E-01
-5.48480E-06,2.3236E-01
-5.48440E-06,2.3432E-01
-5.48400E-06,2.3627E-01
-5.48360E-06,2.3529E-01
-5.48320E-06,2.3529E-01
-5.48280E-06,2.3432E-01
-5.48240E-06,2.3529E-01
-5.48200E-06,2.3139E-01
-5.48160E-06,2.3432E-01
-5.48120E-06,2.3432E-01
-5.48080E-06,2.3725E-01
-5.48040E-06,2.3432E-01
-5.48000E-06,2.3627E-01
-5.47960E-06,2.3627E-01
-5.47920E-06,2.3920E-01
-5.47880E-06,2.3725E-01
-5.47840E-06,2.3334E-01
-5.47800E-06,2.3432E-01
-5.47760E-06,2.3334E-01
-5.47720E-06,2.3529E-01
-5.47680E-06,2.3432E-01
-5.47640E-06,2.3139E-01
-5.47600E-06,2.3334E-01
-5.47560E-06,2.3627E-01
-5.47520E-06,2.3139E-01
-5.47480E-06,2.3627E-01
-5.47440E-06,2.3627E-01
-5.47400E-06,2.3822E-01
-5.47360E-06,2.3627E-01
-5.47320E-06,2.3529E-01
-5.47280E-06,2.3432E-01
-5.47240E-06,2.3529E-01
-5.47200E-06,2.3432E-01
-5.47160E-06,2.3432E-01
-5.47120E-06,2.3432E-01
-5.47080E-06,2.3334E-01
-5.47040E-06,2.3432E-01
-5.47000E-06,2.3432E-01
-5.46960E-06,2.3432E-01
-5.46920E-06,2.3432E-01
-5.46880E-06,2.3236E-01
-5.46840E-06,2.3822E-01
-5.46800E-06,2.3334E-01
-5.46760E-06,2.3627E-01
-5.46720E-06,2.3627E-01
-5.46680E-06,2.3627E-01
-5.46640E-06,2.3432E-01
-5.46600E-06,2.3236E-01
-5.46560E-06,2.3334E-01
-5.46520E-06,2.3236E-01
-5.46480E-06,2.3432E-01
-5.46440E-06,2.3725E-01
-5.46400E-06,2.3432E-01
-5.46360E-06,2.3627E-01
-5.46320E-06,2.3529E-01
-5.46280E-06,2.3529E-01
-5.46240E-06,2.3236E-01
-5.46200E-06,2.3725E-01
-5.46160E-06,2.3432E-01
-5.46120E-06,2.3334E-01
-5.46080E-06,2.3432E-01
-5.46040E-06,2.3236E-01
-5.46000E-06,2.3529E-01
-5.45960E-06,2.3432E-01
-5.45920E-06,2.3334E-01
-5.45880E-06,2.3432E-01
-5.45840E-06,2.3529E-01
-5.45800E-06,2.3139E-01
-5.45760E-06,2.3041E-01
-5.45720E-06,2.3432E-01
-5.45680E-06,2.3139E-01
-5.45640E-06,2.3432E-01
-5.45600E-06,2.3529E-01
-5.45560E-06,2.3432E-01
-5.45520E-06,2.3822E-01
-5.45480E-06,2.3432E-01
-5.45440E-06,2.3236E-01
-5.45400E-06,2.3334E-01
-5.45360E-06,2.3432E-01
-5.45320E-06,2.3432E-01
-5.45280E-06,2.3139E-01
-5.45240E-06,2.3041E-01
-5.45200E-06,2.3236E-01
-5.45160E-06,2.3334E-01
-5.45120E-06,2.3236E-01
-5.45080E-06,2.3432E-01
-5.45040E-06,2.3334E-01
-5.45000E-06,2.3139E-01
-5.44960E-06,2.3725E-01
-5.44920E-06,2.3529E-01
-5.44880E-06,2.3432E-01
-5.44840E-06,2.3139E-01
-5.44800E-06,2.3236E-01
-5.44760E-06,2.3432E-01
-5.44720E-06,2.3139E-01
-5.44680E-06,2.3334E-01
-5.44640E-06,2.3432E-01
-5.44600E-06,2.3529E-01
-5.44560E-06,2.3432E-01
-5.44520E-06,2.3627E-01
-5.44480E-06,2.3432E-01
-5.44440E-06,2.3432E-01
-5.44400E-06,2.3334E-01
-5.44360E-06,2.3236E-01
-5.44320E-06,2.3236E-01
-5.44280E-06,2.3529E-01
-5.44240E-06,2.3432E-01
-5.44200E-06,2.3139E-01
-5.44160E-06,2.3627E-01
-5.44120E-06,2.3432E-01
-5.44080E-06,2.3432E-01
-5.44040E-06,2.3529E-01
-5.44000E-06,2.3529E-01
-5.43960E-06,2.3236E-01
-5.43920E-06,2.3236E-01
-5.43880E-06,2.3334E-01
-5.43840E-06,2.3334E-01
-5.43800E-06,2.2846E-01
-5.43760E-06,2.3432E-01
-5.43720E-06,2.3432E-01
-5.43680E-06,2.3334E-01
-5.43640E-06,2.3236E-01
-5.43600E-06,2.3139E-01
-5.43560E-06,2.3432E-01
-5.43520E-06,2.3432E-01
-5.43480E-06,2.3627E-01
-5.43440E-06,2.3627E-01
-5.43400E-06,2.3432E-01
-5.43360E-06,2.3432E-01
-5.43320E-06,2.3334E-01
-5.43280E-06,2.3139E-01
-5.43240E-06,2.3334E-01
-5.43200E-06,2.3236E-01
-5.43160E-06,2.3236E-01
-5.43120E-06,2.3334E-01
-5.43080E-06,2.3529E-01
-5.43040E-06,2.3334E-01
-5.43000E-06,2.3725E-01
-5.42960E-06,2.3334E-01
-5.42920E-06,2.3529E-01
-5.42880E-06,2.3432E-01
-5.42840E-06,2.3236E-01
-5.42800E-06,2.3236E-01
-5.42760E-06,2.3529E-01
-5.42720E-06,2.3529E-01
-5.42680E-06,2.3236E-01
-5.42640E-06,2.3334E-01
-5.42600E-06,2.3627E-01
-5.42560E-06,2.3822E-01
-5.42520E-06,2.3432E-01
-5.42480E-06,2.3529E-01
-5.42440E-06,2.3334E-01
-5.42400E-06,2.3139E-01
-5.42360E-06,2.3432E-01
-5.42320E-06,2.3627E-01
-5.42280E-06,2.3529E-01
-5.42240E-06,2.3529E-01
-5.42200E-06,2.3334E-01
-5.42160E-06,2.3432E-01
-5.42120E-06,2.3139E-01
-5.42080E-06,2.3041E-01
-5.42040E-06,2.3236E-01
-5.42000E-06,2.3139E-01
-5.41960E-06,2.3432E-01
-5.41920E-06,2.3432E-01
-5.41880E-06,2.3139E-01
-5.41840E-06,2.3334E-01
-5.41800E-06,2.3334E-01
-5.41760E-06,2.3139E-01
-5.41720E-06,2.3432E-01
-5.41680E-06,2.3432E-01
-5.41640E-06,2.3334E-01
-5.41600E-06,2.3139E-01
-5.41560E-06,2.3236E-01
-5.41520E-06,2.3627E-01
-5.41480E-06,2.3432E-01
-5.41440E-06,2.3432E-01
-5.41400E-06,2.3529E-01
-5.41360E-06,2.3432E-01
-5.41320E-06,2.3334E-01
-5.41280E-06,2.3334E-01
-5.41240E-06,2.3139E-01
-5.41200E-06,2.3627E-01
-5.41160E-06,2.3432E-01
-5.41120E-06,2.3139E-01
-5.41080E-06,2.3432E-01
-5.41040E-06,2.3334E-01
-5.41000E-06,2.3334E-01
-5.40960E-06,2.3139E-01
-5.40920E-06,2.3334E-01
-5.40880E-06,2.3139E-01
-5.40840E-06,2.3236E-01
-5.40800E-06,2.3236E-01
-5.40760E-06,2.3236E-01
-5.40720E-06,2.3529E-01
-5.40680E-06,2.3334E-01
-5.40640E-06,2.3334E-01
-5.40600E-06,2.3139E-01
-5.40560E-06,2.3432E-01
-5.40520E-06,2.3236E-01
-5.40480E-06,2.3236E-01
-5.40440E-06,2.3236E-01
-5.40400E-06,2.3432E-01
-5.40360E-06,2.3627E-01
-5.40320E-06,2.3334E-01
-5.40280E-06,2.3334E-01
-5.40240E-06,2.3139E-01
-5.40200E-06,2.3334E-01
-5.40160E-06,2.3334E-01
-5.40120E-06,2.3334E-01
-5.40080E-06,2.3139E-01
-5.40040E-06,2.3432E-01
-5.40000E-06,2.3334E-01
-5.39960E-06,2.3139E-01
-5.39920E-06,2.3139E-01
-5.39880E-06,2.3334E-01
-5.39840E-06,2.3334E-01
-5.39800E-06,2.3041E-01
-5.39760E-06,2.3432E-01
-5.39720E-06,2.3432E-01
-5.39680E-06,2.3041E-01
-5.39640E-06,2.3041E-01
-5.39600E-06,2.2943E-01
-5.39560E-06,2.3236E-01
-5.39520E-06,2.3139E-01
-5.39480E-06,2.3529E-01
-5.39440E-06,2.3627E-01
-5.39400E-06,2.3334E-01
-5.39360E-06,2.3139E-01
-5.39320E-06,2.3041E-01
-5.39280E-06,2.3236E-01
-5.39240E-06,2.3041E-01
-5.39200E-06,2.3236E-01
-5.39160E-06,2.3236E-01
-5.39120E-06,2.3139E-01
-5.39080E-06,2.3139E-01
-5.39040E-06,2.3139E-01
-5.39000E-06,2.3529E-01
-5.38960E-06,2.3529E-01
-5.38920E-06,2.3334E-01
-5.38880E-06,2.3432E-01
-5.38840E-06,2.3334E-01
-5.38800E-06,2.3334E-01
-5.38760E-06,2.3041E-01
-5.38720E-06,2.3139E-01
-5.38680E-06,2.3139E-01
-5.38640E-06,2.3041E-01
-5.38600E-06,2.3139E-01
-5.38560E-06,2.3529E-01
-5.38520E-06,2.3627E-01
-5.38480E-06,2.3432E-01
-5.38440E-06,2.3236E-01
-5.38400E-06,2.3432E-01
-5.38360E-06,2.3041E-01
-5.38320E-06,2.3236E-01
-5.38280E-06,2.3529E-01
-5.38240E-06,2.3236E-01
-5.38200E-06,2.3041E-01
-5.38160E-06,2.3139E-01
-5.38120E-06,2.3236E-01
-5.38080E-06,2.3334E-01
-5.38040E-06,2.3139E-01
-5.38000E-06,2.3041E-01
-5.37960E-06,2.3334E-01
-5.37920E-06,2.3236E-01
-5.37880E-06,2.3041E-01
-5.37840E-06,2.3041E-01
-5.37800E-06,2.3139E-01
-5.37760E-06,2.3236E-01
-5.37720E-06,2.3236E-01
-5.37680E-06,2.3139E-01
-5.37640E-06,2.3236E-01
-5.37600E-06,2.3139E-01
-5.37560E-06,2.3432E-01
-5.37520E-06,2.3139E-01
-5.37480E-06,2.3334E-01
-5.37440E-06,2.3334E-01
-5.37400E-06,2.3236E-01
-5.37360E-06,2.3139E-01
-5.37320E-06,2.3432E-01
-5.37280E-06,2.3041E-01
-5.37240E-06,2.3432E-01
-5.37200E-06,2.3139E-01
-5.37160E-06,2.3139E-01
-5.37120E-06,2.3041E-01
-5.37080E-06,2.3432E-01
-5.37040E-06,2.3236E-01
-5.37000E-06,2.2846E-01
-5.36960E-06,2.3041E-01
-5.36920E-06,2.3334E-01
-5.36880E-06,2.3041E-01
-5.36840E-06,2.3041E-01
-5.36800E-06,2.3236E-01
-5.36760E-06,2.3041E-01
-5.36720E-06,2.3139E-01
-5.36680E-06,2.3334E-01
-5.36640E-06,2.3432E-01
-5.36600E-06,2.3139E-01
-5.36560E-06,2.3432E-01
-5.36520E-06,2.3041E-01
-5.36480E-06,2.3529E-01
-5.36440E-06,2.3041E-01
-5.36400E-06,2.2846E-01
-5.36360E-06,2.3139E-01
-5.36320E-06,2.3334E-01
-5.36280E-06,2.3041E-01
-5.36240E-06,2.3139E-01
-5.36200E-06,2.3334E-01
-5.36160E-06,2.3432E-01
-5.36120E-06,2.3139E-01
-5.36080E-06,2.3139E-01
-5.36040E-06,2.3334E-01
-5.36000E-06,2.3236E-01
-5.35960E-06,2.3334E-01
-5.35920E-06,2.3432E-01
-5.35880E-06,2.3139E-01
-5.35840E-06,2.3432E-01
-5.35800E-06,2.3334E-01
-5.35760E-06,2.3139E-01
-5.35720E-06,2.3334E-01
-5.35680E-06,2.3139E-01
-5.35640E-06,2.3432E-01
-5.35600E-06,2.3334E-01
-5.35560E-06,2.3334E-01
-5.35520E-06,2.3236E-01
-5.35480E-06,2.3041E-01
-5.35440E-06,2.3041E-01
-5.35400E-06,2.3139E-01
-5.35360E-06,2.3139E-01
-5.35320E-06,2.3041E-01
-5.35280E-06,2.2846E-01
-5.35240E-06,2.3041E-01
-5.35200E-06,2.2748E-01
-5.35160E-06,2.3139E-01
-5.35120E-06,2.3139E-01
-5.35080E-06,2.3334E-01
-5.35040E-06,2.3139E-01
-5.35000E-06,2.3041E-01
-5.34960E-06,2.3139E-01
-5.34920E-06,2.3236E-01
-5.34880E-06,2.3041E-01
-5.34840E-06,2.2846E-01
-5.34800E-06,2.3334E-01
-5.34760E-06,2.3139E-01
-5.34720E-06,2.3041E-01
-5.34680E-06,2.3334E-01
-5.34640E-06,2.3139E-01
-5.34600E-06,2.3236E-01
-5.34560E-06,2.3236E-01
-5.34520E-06,2.3627E-01
-5.34480E-06,2.3041E-01
-5.34440E-06,2.3334E-01
-5.34400E-06,2.2943E-01
-5.34360E-06,2.3139E-01
-5.34320E-06,2.3041E-01
-5.34280E-06,2.3236E-01
-5.34240E-06,2.3236E-01
-5.34200E-06,2.3041E-01
-5.34160E-06,2.3529E-01
-5.34120E-06,2.3139E-01
-5.34080E-06,2.3432E-01
-5.34040E-06,2.3432E-01
-5.34000E-06,2.3432E-01
-5.33960E-06,2.3432E-01
-5.33920E-06,2.3041E-01
-5.33880E-06,2.3041E-01
-5.33840E-06,2.3041E-01
-5.33800E-06,2.3334E-01
-5.33760E-06,2.3432E-01
-5.33720E-06,2.3432E-01
-5.33680E-06,2.3236E-01
-5.33640E-06,2.3236E-01
-5.33600E-06,2.3041E-01
-5.33560E-06,2.3139E-01
-5.33520E-06,2.3139E-01
-5.33480E-06,2.3041E-01
-5.33440E-06,2.3334E-01
-5.33400E-06,2.3041E-01
-5.33360E-06,2.3139E-01
-5.33320E-06,2.3236E-01
-5.33280E-06,2.3236E-01
-5.33240E-06,2.2943E-01
-5.33200E-06,2.3041E-01
-5.33160E-06,2.3236E-01
-5.33120E-06,2.3041E-01
-5.33080E-06,2.3041E-01
-5.33040E-06,2.3041E-01
-5.33000E-06,2.3334E-01
-5.32960E-06,2.3041E-01
-5.32920E-06,2.2943E-01
-5.32880E-06,2.3139E-01
-5.32840E-06,2.3041E-01
-5.32800E-06,2.3529E-01
-5.32760E-06,2.3725E-01
-5.32720E-06,2.3334E-01
-5.32680E-06,2.3139E-01
-5.32640E-06,2.3139E-01
-5.32600E-06,2.2943E-01
-5.32560E-06,2.3041E-01
-5.32520E-06,2.3139E-01
-5.32480E-06,2.2748E-01
-5.32440E-06,2.3041E-01
-5.32400E-06,2.3041E-01
-5.32360E-06,2.2943E-01
-5.32320E-06,2.3139E-01
-5.32280E-06,2.3529E-01
-5.32240E-06,2.2846E-01
-5.32200E-06,2.3041E-01
-5.32160E-06,2.3139E-01
-5.32120E-06,2.3334E-01
-5.32080E-06,2.2943E-01
-5.32040E-06,2.3432E-01
-5.32000E-06,2.3041E-01
-5.31960E-06,2.3334E-01
-5.31920E-06,2.2846E-01
-5.31880E-06,2.3432E-01
-5.31840E-06,2.2943E-01
-5.31800E-06,2.2748E-01
-5.31760E-06,2.3432E-01
-5.31720E-06,2.3334E-01
-5.31680E-06,2.3139E-01
-5.31640E-06,2.3139E-01
-5.31600E-06,2.3139E-01
-5.31560E-06,2.3041E-01
-5.31520E-06,2.3139E-01
-5.31480E-06,2.3529E-01
-5.31440E-06,2.3432E-01
-5.31400E-06,2.3334E-01
-5.31360E-06,2.3041E-01
-5.31320E-06,2.3236E-01
-5.31280E-06,2.3334E-01
-5.31240E-06,2.3432E-01
-5.31200E-06,2.3041E-01
-5.31160E-06,2.3334E-01
-5.31120E-06,2.3139E-01
-5.31080E-06,2.3627E-01
-5.31040E-06,2.3432E-01
-5.31000E-06,2.2943E-01
-5.30960E-06,2.3139E-01
-5.30920E-06,2.3041E-01
-5.30880E-06,2.3139E-01
-5.30840E-06,2.3041E-01
-5.30800E-06,2.3139E-01
-5.30760E-06,2.3041E-01
-5.30720E-06,2.2846E-01
-5.30680E-06,2.3041E-01
-5.30640E-06,2.3139E-01
-5.30600E-06,2.2943E-01
-5.30560E-06,2.3334E-01
-5.30520E-06,2.3432E-01
-5.30480E-06,2.3041E-01
-5.30440E-06,2.3041E-01
-5.30400E-06,2.3139E-01
-5.30360E-06,2.3432E-01
-5.30320E-06,2.3334E-01
-5.30280E-06,2.3041E-01
-5.30240E-06,2.3139E-01
-5.30200E-06,2.3041E-01
-5.30160E-06,2.3041E-01
-5.30120E-06,2.3432E-01
-5.30080E-06,2.3041E-01
-5.30040E-06,2.3432E-01
-5.30000E-06,2.3236E-01
-5.29960E-06,2.3236E-01
-5.29920E-06,2.3236E-01
-5.29880E-06,2.3139E-01
-5.29840E-06,2.2943E-01
-5.29800E-06,2.3041E-01
-5.29760E-06,2.3041E-01
-5.29720E-06,2.3041E-01
-5.29680E-06,2.3334E-01
-5.29640E-06,2.3139E-01
-5.29600E-06,2.3236E-01
-5.29560E-06,2.3041E-01
-5.29520E-06,2.3139E-01
-5.29480E-06,2.3139E-01
-5.29440E-06,2.3139E-01
-5.29400E-06,2.3041E-01
-5.29360E-06,2.3432E-01
-5.29320E-06,2.3041E-01
-5.29280E-06,2.2846E-01
-5.29240E-06,2.2846E-01
-5.29200E-06,2.3041E-01
-5.29160E-06,2.3236E-01
-5.29120E-06,2.3432E-01
-5.29080E-06,2.3041E-01
-5.29040E-06,2.2943E-01
-5.29000E-06,2.3139E-01
-5.28960E-06,2.3236E-01
-5.28920E-06,2.3334E-01
-5.28880E-06,2.2943E-01
-5.28840E-06,2.3139E-01
-5.28800E-06,2.3334E-01
-5.28760E-06,2.3041E-01
-5.28720E-06,2.3139E-01
-5.28680E-06,2.3041E-01
-5.28640E-06,2.3432E-01
-5.28600E-06,2.3041E-01
-5.28560E-06,2.3139E-01
-5.28520E-06,2.2846E-01
-5.28480E-06,2.3139E-01
-5.28440E-06,2.3236E-01
-5.28400E-06,2.3432E-01
-5.28360E-06,2.3041E-01
-5.28320E-06,2.3139E-01
-5.28280E-06,2.3432E-01
-5.28240E-06,2.3334E-01
-5.28200E-06,2.3432E-01
-5.28160E-06,2.3139E-01
-5.28120E-06,2.3334E-01
-5.28080E-06,2.2943E-01
-5.28040E-06,2.3139E-01
-5.28000E-06,2.3139E-01
-5.27960E-06,2.3041E-01
-5.27920E-06,2.3041E-01
-5.27880E-06,2.3139E-01
-5.27840E-06,2.3236E-01
-5.27800E-06,2.3139E-01
-5.27760E-06,2.3432E-01
-5.27720E-06,2.2846E-01
-5.27680E-06,2.3139E-01
-5.27640E-06,2.3139E-01
-5.27600E-06,2.3041E-01
-5.27560E-06,2.3041E-01
-5.27520E-06,2.2748E-01
-5.27480E-06,2.3432E-01
-5.27440E-06,2.2943E-01
-5.27400E-06,2.3041E-01
-5.27360E-06,2.3041E-01
-5.27320E-06,2.3139E-01
-5.27280E-06,2.3139E-01
-5.27240E-06,2.3041E-01
-5.27200E-06,2.3041E-01
-5.27160E-06,2.3041E-01
-5.27120E-06,2.3139E-01
-5.27080E-06,2.3139E-01
-5.27040E-06,2.2943E-01
-5.27000E-06,2.3432E-01
-5.26960E-06,2.3139E-01
-5.26920E-06,2.2748E-01
-5.26880E-06,2.3041E-01
-5.26840E-06,2.3334E-01
-5.26800E-06,2.3139E-01
-5.26760E-06,2.3139E-01
-5.26720E-06,2.3139E-01
-5.26680E-06,2.3139E-01
-5.26640E-06,2.2748E-01
-5.26600E-06,2.3334E-01
-5.26560E-06,2.2846E-01
-5.26520E-06,2.3139E-01
-5.26480E-06,2.3041E-01
-5.26440E-06,2.3041E-01
-5.26400E-06,2.3236E-01
-5.26360E-06,2.3041E-01
-5.26320E-06,2.3041E-01
-5.26280E-06,2.3236E-01
-5.26240E-06,2.3041E-01
-5.26200E-06,2.3041E-01
-5.26160E-06,2.3529E-01
-5.26120E-06,2.3432E-01
-5.26080E-06,2.3139E-01
-5.26040E-06,2.3041E-01
-5.26000E-06,2.3236E-01
-5.25960E-06,2.2846E-01
-5.25920E-06,2.3334E-01
-5.25880E-06,2.2846E-01
-5.25840E-06,2.3334E-01
-5.25800E-06,2.3041E-01
-5.25760E-06,2.2846E-01
-5.25720E-06,2.2846E-01
-5.25680E-06,2.2846E-01
-5.25640E-06,2.3236E-01
-5.25600E-06,2.3139E-01
-5.25560E-06,2.3041E-01
-5.25520E-06,2.3236E-01
-5.25480E-06,2.3041E-01
-5.25440E-06,2.3139E-01
-5.25400E-06,2.3139E-01
-5.25360E-06,2.3236E-01
-5.25320E-06,2.3236E-01
-5.25280E-06,2.3139E-01
-5.25240E-06,2.2943E-01
-5.25200E-06,2.3139E-01
-5.25160E-06,2.3236E-01
-5.25120E-06,2.3139E-01
-5.25080E-06,2.2846E-01
-5.25040E-06,2.3236E-01
-5.25000E-06,2.3139E-01
-5.24960E-06,2.3529E-01
-5.24920E-06,2.3334E-01
-5.24880E-06,2.3627E-01
-5.24840E-06,2.3139E-01
-5.24800E-06,2.3236E-01
-5.24760E-06,2.3041E-01
-5.24720E-06,2.3236E-01
-5.24680E-06,2.3236E-01
-5.24640E-06,2.3236E-01
-5.24600E-06,2.3236E-01
-5.24560E-06,2.3139E-01
-5.24520E-06,2.2846E-01
-5.24480E-06,2.3627E-01
-5.24440E-06,2.3432E-01
-5.24400E-06,2.3236E-01
-5.24360E-06,2.3139E-01
-5.24320E-06,2.2943E-01
-5.24280E-06,2.3139E-01
-5.24240E-06,2.2943E-01
-5.24200E-06,2.3236E-01
-5.24160E-06,2.3334E-01
-5.24120E-06,2.3139E-01
-5.24080E-06,2.3041E-01
-5.24040E-06,2.3334E-01
-5.24000E-06,2.3041E-01
-5.23960E-06,2.3041E-01
-5.23920E-06,2.3432E-01
-5.23880E-06,2.3139E-01
-5.23840E-06,2.3139E-01
-5.23800E-06,2.3041E-01
-5.23760E-06,2.3139E-01
-5.23720E-06,2.3041E-01
-5.23680E-06,2.3041E-01
-5.23640E-06,2.3041E-01
-5.23600E-06,2.3432E-01
-5.23560E-06,2.3334E-01
-5.23520E-06,2.3139E-01
-5.23480E-06,2.3041E-01
-5.23440E-06,2.3041E-01
-5.23400E-06,2.3041E-01
-5.23360E-06,2.3139E-01
-5.23320E-06,2.2846E-01
-5.23280E-06,2.3139E-01
-5.23240E-06,2.3236E-01
-5.23200E-06,2.3139E-01
-5.23160E-06,2.3432E-01
-5.23120E-06,2.3041E-01
-5.23080E-06,2.3041E-01
-5.23040E-06,2.3334E-01
-5.23000E-06,2.3041E-01
-5.22960E-06,2.3236E-01
-5.22920E-06,2.3236E-01
-5.22880E-06,2.2943E-01
-5.22840E-06,2.3041E-01
-5.22800E-06,2.3139E-01
-5.22760E-06,2.3334E-01
-5.22720E-06,2.3041E-01
-5.22680E-06,2.3139E-01
-5.22640E-06,2.3334E-01
-5.22600E-06,2.3041E-01
-5.22560E-06,2.3041E-01
-5.22520E-06,2.2846E-01
-5.22480E-06,2.3139E-01
-5.22440E-06,2.2943E-01
-5.22400E-06,2.3334E-01
-5.22360E-06,2.2943E-01
-5.22320E-06,2.3041E-01
-5.22280E-06,2.3139E-01
-5.22240E-06,2.3139E-01
-5.22200E-06,2.3236E-01
-5.22160E-06,2.3041E-01
-5.22120E-06,2.3529E-01
-5.22080E-06,2.3334E-01
-5.22040E-06,2.3334E-01
-5.22000E-06,2.3432E-01
-5.21960E-06,2.3334E-01
-5.21920E-06,2.3139E-01
-5.21880E-06,2.2943E-01
-5.21840E-06,2.3334E-01
-5.21800E-06,2.3041E-01
-5.21760E-06,2.3236E-01
-5.21720E-06,2.3041E-01
-5.21680E-06,2.3334E-01
-5.21640E-06,2.3432E-01
-5.21600E-06,2.3432E-01
-5.21560E-06,2.3139E-01
-5.21520E-06,2.3432E-01
-5.21480E-06,2.3432E-01
-5.21440E-06,2.2748E-01
-5.21400E-06,2.3041E-01
-5.21360E-06,2.3139E-01
-5.21320E-06,2.3236E-01
-5.21280E-06,2.2943E-01
-5.21240E-06,2.3041E-01
-5.21200E-06,2.3139E-01
-5.21160E-06,2.3139E-01
-5.21120E-06,2.3236E-01
-5.21080E-06,2.3139E-01
-5.21040E-06,2.3236E-01
-5.21000E-06,2.3236E-01
-5.20960E-06,2.3139E-01
-5.20920E-06,2.3627E-01
-5.20880E-06,2.3041E-01
-5.20840E-06,2.3236E-01
-5.20800E-06,2.3139E-01
-5.20760E-06,2.3236E-01
-5.20720E-06,2.3334E-01
-5.20680E-06,2.3139E-01
-5.20640E-06,2.3432E-01
-5.20600E-06,2.3432E-01
-5.20560E-06,2.3236E-01
-5.20520E-06,2.3334E-01
-5.20480E-06,2.3334E-01
-5.20440E-06,2.3139E-01
-5.20400E-06,2.3334E-01
-5.20360E-06,2.3139E-01
-5.20320E-06,2.3139E-01
-5.20280E-06,2.3529E-01
-5.20240E-06,2.3334E-01
-5.20200E-06,2.3236E-01
-5.20160E-06,2.3041E-01
-5.20120E-06,2.3236E-01
-5.20080E-06,2.3334E-01
-5.20040E-06,2.3334E-01
-5.20000E-06,2.3334E-01
-5.19960E-06,2.3432E-01
-5.19920E-06,2.3334E-01
-5.19880E-06,2.3334E-01
-5.19840E-06,2.3432E-01
-5.19800E-06,2.3432E-01
-5.19760E-06,2.3236E-01
-5.19720E-06,2.3236E-01
-5.19680E-06,2.3236E-01
-5.19640E-06,2.3432E-01
-5.19600E-06,2.3139E-01
-5.19560E-06,2.3334E-01
-5.19520E-06,2.3236E-01
-5.19480E-06,2.3432E-01
-5.19440E-06,2.3236E-01
-5.19400E-06,2.3334E-01
-5.19360E-06,2.3529E-01
-5.19320E-06,2.3139E-01
-5.19280E-06,2.2943E-01
-5.19240E-06,2.3529E-01
-5.19200E-06,2.3236E-01
-5.19160E-06,2.3822E-01
-5.19120E-06,2.3432E-01
-5.19080E-06,2.3139E-01
-5.19040E-06,2.3236E-01
-5.19000E-06,2.3041E-01
-5.18960E-06,2.3334E-01
-5.18920E-06,2.3334E-01
-5.18880E-06,2.3139E-01
-5.18840E-06,2.3139E-01
-5.18800E-06,2.3139E-01
-5.18760E-06,2.3041E-01
-5.18720E-06,2.3627E-01
-5.18680E-06,2.3432E-01
-5.18640E-06,2.3432E-01
-5.18600E-06,2.3334E-01
-5.18560E-06,2.3529E-01
-5.18520E-06,2.3139E-01
-5.18480E-06,2.3139E-01
-5.18440E-06,2.3334E-01
-5.18400E-06,2.3041E-01
-5.18360E-06,2.3139E-01
-5.18320E-06,2.3139E-01
-5.18280E-06,2.3139E-01
-5.18240E-06,2.2846E-01
-5.18200E-06,2.3041E-01
-5.18160E-06,2.3139E-01
-5.18120E-06,2.3139E-01
-5.18080E-06,2.3432E-01
-5.18040E-06,2.3432E-01
-5.18000E-06,2.3432E-01
-5.17960E-06,2.3236E-01
-5.17920E-06,2.3139E-01
-5.17880E-06,2.3041E-01
-5.17840E-06,2.3139E-01
-5.17800E-06,2.3529E-01
-5.17760E-06,2.3139E-01
-5.17720E-06,2.3139E-01
-5.17680E-06,2.3041E-01
-5.17640E-06,2.3432E-01
-5.17600E-06,2.3041E-01
-5.17560E-06,2.3432E-01
-5.17520E-06,2.3334E-01
-5.17480E-06,2.3236E-01
-5.17440E-06,2.3041E-01
-5.17400E-06,2.3139E-01
-5.17360E-06,2.3236E-01
-5.17320E-06,2.3041E-01
-5.17280E-06,2.3529E-01
-5.17240E-06,2.3236E-01
-5.17200E-06,2.3139E-01
-5.17160E-06,2.3334E-01
-5.17120E-06,2.3334E-01
-5.17080E-06,2.3529E-01
-5.17040E-06,2.3334E-01
-5.17000E-06,2.3334E-01
-5.16960E-06,2.3041E-01
-5.16920E-06,2.3334E-01
-5.16880E-06,2.3139E-01
-5.16840E-06,2.3334E-01
-5.16800E-06,2.3236E-01
-5.16760E-06,2.3041E-01
-5.16720E-06,2.3139E-01
-5.16680E-06,2.3334E-01
-5.16640E-06,2.3334E-01
-5.16600E-06,2.3529E-01
-5.16560E-06,2.3236E-01
-5.16520E-06,2.3236E-01
-5.16480E-06,2.3139E-01
-5.16440E-06,2.3432E-01
-5.16400E-06,2.3139E-01
-5.16360E-06,2.3432E-01
-5.16320E-06,2.3041E-01
-5.16280E-06,2.3236E-01
-5.16240E-06,2.2943E-01
-5.16200E-06,2.2943E-01
-5.16160E-06,2.3236E-01
-5.16120E-06,2.3432E-01
-5.16080E-06,2.3139E-01
-5.16040E-06,2.3432E-01
-5.16000E-06,2.3139E-01
-5.15960E-06,2.3334E-01
-5.15920E-06,2.3432E-01
-5.15880E-06,2.3432E-01
-5.15840E-06,2.3334E-01
-5.15800E-06,2.3041E-01
-5.15760E-06,2.3041E-01
-5.15720E-06,2.3334E-01
-5.15680E-06,2.3432E-01
-5.15640E-06,2.3139E-01
-5.15600E-06,2.3334E-01
-5.15560E-06,2.3041E-01
-5.15520E-06,2.3041E-01
-5.15480E-06,2.3236E-01
-5.15440E-06,2.2943E-01
-5.15400E-06,2.3236E-01
-5.15360E-06,2.3236E-01
-5.15320E-06,2.3627E-01
-5.15280E-06,2.3236E-01
-5.15240E-06,2.3334E-01
-5.15200E-06,2.2943E-01
-5.15160E-06,2.3627E-01
-5.15120E-06,2.3334E-01
-5.15080E-06,2.3139E-01
-5.15040E-06,2.3334E-01
-5.15000E-06,2.2943E-01
-5.14960E-06,2.3236E-01
-5.14920E-06,2.3139E-01
-5.14880E-06,2.3627E-01
-5.14840E-06,2.3432E-01
-5.14800E-06,2.3432E-01
-5.14760E-06,2.3139E-01
-5.14720E-06,2.3236E-01
-5.14680E-06,2.3334E-01
-5.14640E-06,2.3236E-01
-5.14600E-06,2.3334E-01
-5.14560E-06,2.3236E-01
-5.14520E-06,2.3334E-01
-5.14480E-06,2.3041E-01
-5.14440E-06,2.3334E-01
-5.14400E-06,2.3236E-01
-5.14360E-06,2.3139E-01
-5.14320E-06,2.3334E-01
-5.14280E-06,2.2846E-01
-5.14240E-06,2.3139E-01
-5.14200E-06,2.2943E-01
-5.14160E-06,2.3139E-01
-5.14120E-06,2.3334E-01
-5.14080E-06,2.3236E-01
-5.14040E-06,2.3139E-01
-5.14000E-06,2.3139E-01
-5.13960E-06,2.2846E-01
-5.13920E-06,2.3334E-01
-5.13880E-06,2.3139E-01
-5.13840E-06,2.3041E-01
-5.13800E-06,2.3139E-01
-5.13760E-06,2.3236E-01
-5.13720E-06,2.2943E-01
-5.13680E-06,2.3041E-01
-5.13640E-06,2.2846E-01
-5.13600E-06,2.2748E-01
-5.13560E-06,2.2846E-01
-5.13520E-06,2.3334E-01
-5.13480E-06,2.3139E-01
-5.13440E-06,2.3041E-01
-5.13400E-06,2.3432E-01
-5.13360E-06,2.3529E-01
-5.13320E-06,2.3432E-01
-5.13280E-06,2.3236E-01
-5.13240E-06,2.3236E-01
-5.13200E-06,2.3236E-01
-5.13160E-06,2.3139E-01
-5.13120E-06,2.3041E-01
-5.13080E-06,2.2846E-01
-5.13040E-06,2.3041E-01
-5.13000E-06,2.3041E-01
-5.12960E-06,2.3334E-01
-5.12920E-06,2.3627E-01
-5.12880E-06,2.3041E-01
-5.12840E-06,2.3432E-01
-5.12800E-06,2.3041E-01
-5.12760E-06,2.3041E-01
-5.12720E-06,2.3236E-01
-5.12680E-06,2.3041E-01
-5.12640E-06,2.2748E-01
-5.12600E-06,2.3432E-01
-5.12560E-06,2.3041E-01
-5.12520E-06,2.3334E-01
-5.12480E-06,2.3041E-01
-5.12440E-06,2.2748E-01
-5.12400E-06,2.3041E-01
-5.12360E-06,2.3041E-01
-5.12320E-06,2.3236E-01
-5.12280E-06,2.3432E-01
-5.12240E-06,2.3041E-01
-5.12200E-06,2.3139E-01
-5.12160E-06,2.3139E-01
-5.12120E-06,2.3334E-01
-5.12080E-06,2.2846E-01
-5.12040E-06,2.3334E-01
-5.12000E-06,2.3041E-01
-5.11960E-06,2.3236E-01
-5.11920E-06,2.3139E-01
-5.11880E-06,2.3139E-01
-5.11840E-06,2.3139E-01
-5.11800E-06,2.3041E-01
-5.11760E-06,2.3236E-01
-5.11720E-06,2.3041E-01
-5.11680E-06,2.3334E-01
-5.11640E-06,2.2748E-01
-5.11600E-06,2.2846E-01
-5.11560E-06,2.2943E-01
-5.11520E-06,2.2748E-01
-5.11480E-06,2.3139E-01
-5.11440E-06,2.3041E-01
-5.11400E-06,2.3041E-01
-5.11360E-06,2.2943E-01
-5.11320E-06,2.2943E-01
-5.11280E-06,2.3041E-01
-5.11240E-06,2.3236E-01
-5.11200E-06,2.3139E-01
-5.11160E-06,2.3139E-01
-5.11120E-06,2.2650E-01
-5.11080E-06,2.3139E-01
-5.11040E-06,2.3334E-01
-5.11000E-06,2.2748E-01
-5.10960E-06,2.2943E-01
-5.10920E-06,2.2846E-01
-5.10880E-06,2.2943E-01
-5.10840E-06,2.3041E-01
-5.10800E-06,2.3041E-01
-5.10760E-06,2.3041E-01
-5.10720E-06,2.2943E-01
-5.10680E-06,2.3334E-01
-5.10640E-06,2.3139E-01
-5.10600E-06,2.3334E-01
-5.10560E-06,2.3725E-01
-5.10520E-06,2.3041E-01
-5.10480E-06,2.2846E-01
-5.10440E-06,2.3041E-01
-5.10400E-06,2.3432E-01
-5.10360E-06,2.2846E-01
-5.10320E-06,2.3139E-01
-5.10280E-06,2.2943E-01
-5.10240E-06,2.3139E-01
-5.10200E-06,2.3041E-01
-5.10160E-06,2.2943E-01
-5.10120E-06,2.3041E-01
-5.10080E-06,2.2943E-01
-5.10040E-06,2.2943E-01
-5.10000E-06,2.3236E-01
-5.09960E-06,2.3334E-01
-5.09920E-06,2.3041E-01
-5.09880E-06,2.2650E-01
-5.09840E-06,2.2943E-01
-5.09800E-06,2.3041E-01
-5.09760E-06,2.2943E-01
-5.09720E-06,2.2943E-01
-5.09680E-06,2.3139E-01
-5.09640E-06,2.3041E-01
-5.09600E-06,2.2846E-01
-5.09560E-06,2.3041E-01
-5.09520E-06,2.3041E-01
-5.09480E-06,2.3432E-01
-5.09440E-06,2.2846E-01
-5.09400E-06,2.3041E-01
-5.09360E-06,2.3041E-01
-5.09320E-06,2.2943E-01
-5.09280E-06,2.3529E-01
-5.09240E-06,2.2943E-01
-5.09200E-06,2.2943E-01
-5.09160E-06,2.2748E-01
-5.09120E-06,2.3236E-01
-5.09080E-06,2.2943E-01
-5.09040E-06,2.3236E-01
-5.09000E-06,2.2943E-01
-5.08960E-06,2.2943E-01
-5.08920E-06,2.3041E-01
-5.08880E-06,2.3041E-01
-5.08840E-06,2.3041E-01
-5.08800E-06,2.2748E-01
-5.08760E-06,2.2846E-01
-5.08720E-06,2.3041E-01
-5.08680E-06,2.3236E-01
-5.08640E-06,2.2943E-01
-5.08600E-06,2.3334E-01
-5.08560E-06,2.3139E-01
-5.08520E-06,2.3041E-01
-5.08480E-06,2.3432E-01
-5.08440E-06,2.3432E-01
-5.08400E-06,2.3236E-01
-5.08360E-06,2.3041E-01
-5.08320E-06,2.3041E-01
-5.08280E-06,2.3041E-01
-5.08240E-06,2.2846E-01
-5.08200E-06,2.3334E-01
-5.08160E-06,2.2943E-01
-5.08120E-06,2.2943E-01
-5.08080E-06,2.2943E-01
-5.08040E-06,2.3139E-01
-5.08000E-06,2.3139E-01
-5.07960E-06,2.3236E-01
-5.07920E-06,2.3236E-01
-5.07880E-06,2.2553E-01
-5.07840E-06,2.3139E-01
-5.07800E-06,2.2748E-01
-5.07760E-06,2.3334E-01
-5.07720E-06,2.2846E-01
-5.07680E-06,2.2943E-01
-5.07640E-06,2.2943E-01
-5.07600E-06,2.3236E-01
-5.07560E-06,2.3236E-01
-5.07520E-06,2.3432E-01
-5.07480E-06,2.2748E-01
-5.07440E-06,2.3041E-01
-5.07400E-06,2.2748E-01
-5.07360E-06,2.2943E-01
-5.07320E-06,2.3041E-01
-5.07280E-06,2.3041E-01
-5.07240E-06,2.2846E-01
-5.07200E-06,2.2748E-01
-5.07160E-06,2.2943E-01
-5.07120E-06,2.2943E-01
-5.07080E-06,2.3041E-01
-5.07040E-06,2.3236E-01
-5.07000E-06,2.3041E-01
-5.06960E-06,2.3041E-01
-5.06920E-06,2.3432E-01
-5.06880E-06,2.3041E-01
-5.06840E-06,2.3041E-01
-5.06800E-06,2.2748E-01
-5.06760E-06,2.3334E-01
-5.06720E-06,2.2846E-01
-5.06680E-06,2.3041E-01
-5.06640E-06,2.3139E-01
-5.06600E-06,2.3236E-01
-5.06560E-06,2.3139E-01
-5.06520E-06,2.3041E-01
-5.06480E-06,2.3432E-01
-5.06440E-06,2.2748E-01
-5.06400E-06,2.3334E-01
-5.06360E-06,2.3041E-01
-5.06320E-06,2.2748E-01
-5.06280E-06,2.3139E-01
-5.06240E-06,2.3139E-01
-5.06200E-06,2.3432E-01
-5.06160E-06,2.2748E-01
-5.06120E-06,2.3236E-01
-5.06080E-06,2.3041E-01
-5.06040E-06,2.3139E-01
-5.06000E-06,2.3139E-01
-5.05960E-06,2.2943E-01
-5.05920E-06,2.3041E-01
-5.05880E-06,2.2943E-01
-5.05840E-06,2.3139E-01
-5.05800E-06,2.2943E-01
-5.05760E-06,2.3334E-01
-5.05720E-06,2.3236E-01
-5.05680E-06,2.3236E-01
-5.05640E-06,2.3041E-01
-5.05600E-06,2.3041E-01
-5.05560E-06,2.3139E-01
-5.05520E-06,2.3041E-01
-5.05480E-06,2.3334E-01
-5.05440E-06,2.3041E-01
-5.05400E-06,2.3139E-01
-5.05360E-06,2.3334E-01
-5.05320E-06,2.3139E-01
-5.05280E-06,2.3139E-01
-5.05240E-06,2.3236E-01
-5.05200E-06,2.3334E-01
-5.05160E-06,2.3432E-01
-5.05120E-06,2.3139E-01
-5.05080E-06,2.3334E-01
-5.05040E-06,2.3432E-01
-5.05000E-06,2.3529E-01
-5.04960E-06,2.3139E-01
-5.04920E-06,2.3139E-01
-5.04880E-06,2.3139E-01
-5.04840E-06,2.3432E-01
-5.04800E-06,2.3041E-01
-5.04760E-06,2.3334E-01
-5.04720E-06,2.3334E-01
-5.04680E-06,2.3236E-01
-5.04640E-06,2.2943E-01
-5.04600E-06,2.3139E-01
-5.04560E-06,2.3041E-01
-5.04520E-06,2.2748E-01
-5.04480E-06,2.3041E-01
-5.04440E-06,2.2943E-01
-5.04400E-06,2.2943E-01
-5.04360E-06,2.3236E-01
-5.04320E-06,2.3432E-01
-5.04280E-06,2.3334E-01
-5.04240E-06,2.3041E-01
-5.04200E-06,2.3334E-01
-5.04160E-06,2.3139E-01
-5.04120E-06,2.3432E-01
-5.04080E-06,2.3432E-01
-5.04040E-06,2.3334E-01
-5.04000E-06,2.3041E-01
-5.03960E-06,2.3041E-01
-5.03920E-06,2.3334E-01
-5.03880E-06,2.3139E-01
-5.03840E-06,2.3529E-01
-5.03800E-06,2.3041E-01
-5.03760E-06,2.3236E-01
-5.03720E-06,2.3139E-01
-5.03680E-06,2.3529E-01
-5.03640E-06,2.3139E-01
-5.03600E-06,2.3041E-01
-5.03560E-06,2.3041E-01
-5.03520E-06,2.3041E-01
-5.03480E-06,2.3139E-01
-5.03440E-06,2.3041E-01
-5.03400E-06,2.2943E-01
-5.03360E-06,2.3139E-01
-5.03320E-06,2.3432E-01
-5.03280E-06,2.3139E-01
-5.03240E-06,2.2650E-01
-5.03200E-06,2.3041E-01
-5.03160E-06,2.3139E-01
-5.03120E-06,2.3041E-01
-5.03080E-06,2.3139E-01
-5.03040E-06,2.3236E-01
-5.03000E-06,2.3432E-01
-5.02960E-06,2.2943E-01
-5.02920E-06,2.3334E-01
-5.02880E-06,2.3139E-01
-5.02840E-06,2.2846E-01
-5.02800E-06,2.3432E-01
-5.02760E-06,2.3236E-01
-5.02720E-06,2.3236E-01
-5.02680E-06,2.3432E-01
-5.02640E-06,2.3139E-01
-5.02600E-06,2.3334E-01
-5.02560E-06,2.3432E-01
-5.02520E-06,2.3432E-01
-5.02480E-06,2.3139E-01
-5.02440E-06,2.3334E-01
-5.02400E-06,2.3041E-01
-5.02360E-06,2.3334E-01
-5.02320E-06,2.3139E-01
-5.02280E-06,2.3627E-01
-5.02240E-06,2.3236E-01
-5.02200E-06,2.3334E-01
-5.02160E-06,2.3432E-01
-5.02120E-06,2.3139E-01
-5.02080E-06,2.3627E-01
-5.02040E-06,2.3432E-01
-5.02000E-06,2.3139E-01
-5.01960E-06,2.3236E-01
-5.01920E-06,2.3041E-01
-5.01880E-06,2.3236E-01
-5.01840E-06,2.3139E-01
-5.01800E-06,2.3041E-01
-5.01760E-06,2.2846E-01
-5.01720E-06,2.3529E-01
-5.01680E-06,2.3041E-01
-5.01640E-06,2.3236E-01
-5.01600E-06,2.3139E-01
-5.01560E-06,2.3334E-01
-5.01520E-06,2.3334E-01
-5.01480E-06,2.3041E-01
-5.01440E-06,2.3236E-01
-5.01400E-06,2.3334E-01
-5.01360E-06,2.3041E-01
-5.01320E-06,2.3139E-01
-5.01280E-06,2.3139E-01
-5.01240E-06,2.3236E-01
-5.01200E-06,2.3432E-01
-5.01160E-06,2.3334E-01
-5.01120E-06,2.3139E-01
-5.01080E-06,2.3236E-01
-5.01040E-06,2.3041E-01
-5.01000E-06,2.3334E-01
-5.00960E-06,2.3432E-01
-5.00920E-06,2.3041E-01
-5.00880E-06,2.3139E-01
-5.00840E-06,2.3041E-01
-5.00800E-06,2.3236E-01
-5.00760E-06,2.3041E-01
-5.00720E-06,2.3334E-01
-5.00680E-06,2.3139E-01
-5.00640E-06,2.3139E-01
-5.00600E-06,2.3041E-01
-5.00560E-06,2.3236E-01
-5.00520E-06,2.3236E-01
-5.00480E-06,2.3041E-01
-5.00440E-06,2.3432E-01
-5.00400E-06,2.2943E-01
-5.00360E-06,2.3334E-01
-5.00320E-06,2.3334E-01
-5.00280E-06,2.3236E-01
-5.00240E-06,2.3432E-01
-5.00200E-06,2.3139E-01
-5.00160E-06,2.3139E-01
-5.00120E-06,2.2943E-01
-5.00080E-06,2.3432E-01
-5.00040E-06,2.3334E-01
-5.00000E-06,2.3041E-01
-4.99960E-06,2.3041E-01
-4.99920E-06,2.3236E-01
-4.99880E-06,2.3041E-01
-4.99840E-06,2.3334E-01
-4.99800E-06,2.3139E-01
-4.99760E-06,2.3236E-01
-4.99720E-06,2.3236E-01
-4.99680E-06,2.3236E-01
-4.99640E-06,2.2943E-01
-4.99600E-06,2.3432E-01
-4.99560E-06,2.3236E-01
-4.99520E-06,2.3334E-01
-4.99480E-06,2.3041E-01
-4.99440E-06,2.3139E-01
-4.99400E-06,2.3432E-01
-4.99360E-06,2.3041E-01
-4.99320E-06,2.3041E-01
-4.99280E-06,2.3334E-01
-4.99240E-06,2.3236E-01
-4.99200E-06,2.3041E-01
-4.99160E-06,2.3041E-01
-4.99120E-06,2.3041E-01
-4.99080E-06,2.3529E-01
-4.99040E-06,2.3334E-01
-4.99000E-06,2.2943E-01
-4.98960E-06,2.3432E-01
-4.98920E-06,2.3236E-01
-4.98880E-06,2.3139E-01
-4.98840E-06,2.3432E-01
-4.98800E-06,2.3139E-01
-4.98760E-06,2.3334E-01
-4.98720E-06,2.3139E-01
-4.98680E-06,2.3236E-01
-4.98640E-06,2.3236E-01
-4.98600E-06,2.3334E-01
-4.98560E-06,2.3432E-01
-4.98520E-06,2.3041E-01
-4.98480E-06,2.3041E-01
-4.98440E-06,2.3139E-01
-4.98400E-06,2.3236E-01
-4.98360E-06,2.3041E-01
-4.98320E-06,2.3041E-01
-4.98280E-06,2.3139E-01
-4.98240E-06,2.3236E-01
-4.98200E-06,2.2748E-01
-4.98160E-06,2.3236E-01
-4.98120E-06,2.3236E-01
-4.98080E-06,2.3432E-01
-4.98040E-06,2.3432E-01
-4.98000E-06,2.3139E-01
-4.97960E-06,2.3139E-01
-4.97920E-06,2.3236E-01
-4.97880E-06,2.3432E-01
-4.97840E-06,2.3432E-01
-4.97800E-06,2.3334E-01
-4.97760E-06,2.3529E-01
-4.97720E-06,2.3334E-01
-4.97680E-06,2.3627E-01
-4.97640E-06,2.3041E-01
-4.97600E-06,2.3334E-01
-4.97560E-06,2.3041E-01
-4.97520E-06,2.3529E-01
-4.97480E-06,2.3236E-01
-4.97440E-06,2.3432E-01
-4.97400E-06,2.3432E-01
-4.97360E-06,2.3236E-01
-4.97320E-06,2.3432E-01
-4.97280E-06,2.3139E-01
-4.97240E-06,2.3236E-01
-4.97200E-06,2.3236E-01
-4.97160E-06,2.3334E-01
-4.97120E-06,2.3236E-01
-4.97080E-06,2.3236E-01
-4.97040E-06,2.3334E-01
-4.97000E-06,2.3725E-01
-4.96960E-06,2.3139E-01
-4.96920E-06,2.3139E-01
-4.96880E-06,2.3432E-01
-4.96840E-06,2.3041E-01
-4.96800E-06,2.3432E-01
-4.96760E-06,2.2846E-01
-4.96720E-06,2.2943E-01
-4.96680E-06,2.3041E-01
-4.96640E-06,2.3041E-01
-4.96600E-06,2.3139E-01
-4.96560E-06,2.3139E-01
-4.96520E-06,2.3139E-01
-4.96480E-06,2.3334E-01
-4.96440E-06,2.3334E-01
-4.96400E-06,2.3139E-01
-4.96360E-06,2.3139E-01
-4.96320E-06,2.3236E-01
-4.96280E-06,2.3139E-01
-4.96240E-06,2.3041E-01
-4.96200E-06,2.3139E-01
-4.96160E-06,2.3236E-01
-4.96120E-06,2.3236E-01
-4.96080E-06,2.3334E-01
-4.96040E-06,2.3432E-01
-4.96000E-06,2.3334E-01
-4.95960E-06,2.3236E-01
-4.95920E-06,2.3139E-01
-4.95880E-06,2.3334E-01
-4.95840E-06,2.3041E-01
-4.95800E-06,2.3236E-01
-4.95760E-06,2.3041E-01
-4.95720E-06,2.3236E-01
-4.95680E-06,2.3139E-01
-4.95640E-06,2.3139E-01
-4.95600E-06,2.2943E-01
-4.95560E-06,2.3432E-01
-4.95520E-06,2.3236E-01
-4.95480E-06,2.3041E-01
-4.95440E-06,2.3139E-01
-4.95400E-06,2.3236E-01
-4.95360E-06,2.3432E-01
-4.95320E-06,2.3334E-01
-4.95280E-06,2.3041E-01
-4.95240E-06,2.3334E-01
-4.95200E-06,2.3236E-01
-4.95160E-06,2.3334E-01
-4.95120E-06,2.3432E-01
-4.95080E-06,2.3432E-01
-4.95040E-06,2.3139E-01
-4.95000E-06,2.3432E-01
-4.94960E-06,2.3041E-01
-4.94920E-06,2.3041E-01
-4.94880E-06,2.3432E-01
-4.94840E-06,2.3334E-01
-4.94800E-06,2.3334E-01
-4.94760E-06,2.3334E-01
-4.94720E-06,2.3432E-01
-4.94680E-06,2.2943E-01
-4.94640E-06,2.3041E-01
-4.94600E-06,2.3236E-01
-4.94560E-06,2.3139E-01
-4.94520E-06,2.3041E-01
-4.94480E-06,2.3236E-01
-4.94440E-06,2.3236E-01
-4.94400E-06,2.3236E-01
-4.94360E-06,2.3041E-01
-4.94320E-06,2.3041E-01
-4.94280E-06,2.2943E-01
-4.94240E-06,2.3236E-01
-4.94200E-06,2.3334E-01
-4.94160E-06,2.3236E-01
-4.94120E-06,2.2943E-01
-4.94080E-06,2.3334E-01
-4.94040E-06,2.3334E-01
-4.94000E-06,2.3236E-01
-4.93960E-06,2.3432E-01
-4.93920E-06,2.3432E-01
-4.93880E-06,2.3041E-01
-4.93840E-06,2.3432E-01
-4.93800E-06,2.3139E-01
-4.93760E-06,2.3139E-01
-4.93720E-06,2.3432E-01
-4.93680E-06,2.2943E-01
-4.93640E-06,2.2943E-01
-4.93600E-06,2.2846E-01
-4.93560E-06,2.3432E-01
-4.93520E-06,2.3041E-01
-4.93480E-06,2.2846E-01
-4.93440E-06,2.2943E-01
-4.93400E-06,2.3041E-01
-4.93360E-06,2.3334E-01
-4.93320E-06,2.3236E-01
-4.93280E-06,2.3432E-01
-4.93240E-06,2.2846E-01
-4.93200E-06,2.3041E-01
-4.93160E-06,2.3139E-01
-4.93120E-06,2.3139E-01
-4.93080E-06,2.2943E-01
-4.93040E-06,2.3139E-01
-4.93000E-06,2.3139E-01
-4.92960E-06,2.3139E-01
-4.92920E-06,2.3041E-01
-4.92880E-06,2.2943E-01
-4.92840E-06,2.2943E-01
-4.92800E-06,2.3139E-01
-4.92760E-06,2.3236E-01
-4.92720E-06,2.2943E-01
-4.92680E-06,2.3139E-01
-4.92640E-06,2.3139E-01
-4.92600E-06,2.3041E-01
-4.92560E-06,2.3139E-01
-4.92520E-06,2.3041E-01
-4.92480E-06,2.3139E-01
-4.92440E-06,2.3432E-01
-4.92400E-06,2.3236E-01
-4.92360E-06,2.2943E-01
-4.92320E-06,2.3041E-01
-4.92280E-06,2.3334E-01
-4.92240E-06,2.3334E-01
-4.92200E-06,2.3236E-01
-4.92160E-06,2.3041E-01
-4.92120E-06,2.3236E-01
-4.92080E-06,2.3432E-01
-4.92040E-06,2.3334E-01
-4.92000E-06,2.3334E-01
-4.91960E-06,2.3041E-01
-4.91920E-06,2.3432E-01
-4.91880E-06,2.3334E-01
-4.91840E-06,2.3236E-01
-4.91800E-06,2.3334E-01
-4.91760E-06,2.2943E-01
-4.91720E-06,2.3041E-01
-4.91680E-06,2.3041E-01
-4.91640E-06,2.3432E-01
-4.91600E-06,2.3139E-01
-4.91560E-06,2.3139E-01
-4.91520E-06,2.2846E-01
-4.91480E-06,2.3334E-01
-4.91440E-06,2.3139E-01
-4.91400E-06,2.2748E-01
-4.91360E-06,2.3139E-01
-4.91320E-06,2.2748E-01
-4.91280E-06,2.3334E-01
-4.91240E-06,2.3139E-01
-4.91200E-06,2.3236E-01
-4.91160E-06,2.3041E-01
-4.91120E-06,2.3432E-01
-4.91080E-06,2.3139E-01
-4.91040E-06,2.3139E-01
-4.91000E-06,2.3139E-01
-4.90960E-06,2.3334E-01
-4.90920E-06,2.2943E-01
-4.90880E-06,2.2943E-01
-4.90840E-06,2.3041E-01
-4.90800E-06,2.2943E-01
-4.90760E-06,2.3236E-01
-4.90720E-06,2.3041E-01
-4.90680E-06,2.3139E-01
-4.90640E-06,2.3041E-01
-4.90600E-06,2.3041E-01
-4.90560E-06,2.3334E-01
-4.90520E-06,2.3041E-01
-4.90480E-06,2.3334E-01
-4.90440E-06,2.3139E-01
-4.90400E-06,2.3236E-01
-4.90360E-06,2.3139E-01
-4.90320E-06,2.3041E-01
-4.90280E-06,2.3334E-01
-4.90240E-06,2.3139E-01
-4.90200E-06,2.3529E-01
-4.90160E-06,2.3139E-01
-4.90120E-06,2.3236E-01
-4.90080E-06,2.3041E-01
-4.90040E-06,2.2943E-01
-4.90000E-06,2.2943E-01
-4.89960E-06,2.3139E-01
-4.89920E-06,2.3334E-01
-4.89880E-06,2.3236E-01
-4.89840E-06,2.3334E-01
-4.89800E-06,2.3236E-01
-4.89760E-06,2.3139E-01
-4.89720E-06,2.3236E-01
-4.89680E-06,2.2846E-01
-4.89640E-06,2.3236E-01
-4.89600E-06,2.3041E-01
-4.89560E-06,2.3041E-01
-4.89520E-06,2.3236E-01
-4.89480E-06,2.3139E-01
-4.89440E-06,2.2846E-01
-4.89400E-06,2.3139E-01
-4.89360E-06,2.2846E-01
-4.89320E-06,2.2846E-01
-4.89280E-06,2.3627E-01
-4.89240E-06,2.3432E-01
-4.89200E-06,2.3139E-01
-4.89160E-06,2.3334E-01
-4.89120E-06,2.3139E-01
-4.89080E-06,2.3041E-01
-4.89040E-06,2.2943E-01
-4.89000E-06,2.3041E-01
-4.88960E-06,2.2846E-01
-4.88920E-06,2.3236E-01
-4.88880E-06,2.2943E-01
-4.88840E-06,2.3627E-01
-4.88800E-06,2.3041E-01
-4.88760E-06,2.2748E-01
-4.88720E-06,2.3041E-01
-4.88680E-06,2.2943E-01
-4.88640E-06,2.3334E-01
-4.88600E-06,2.3041E-01
-4.88560E-06,2.3139E-01
-4.88520E-06,2.3627E-01
-4.88480E-06,2.2846E-01
-4.88440E-06,2.3041E-01
-4.88400E-06,2.3139E-01
-4.88360E-06,2.3041E-01
-4.88320E-06,2.3139E-01
-4.88280E-06,2.3041E-01
-4.88240E-06,2.2943E-01
-4.88200E-06,2.3432E-01
-4.88160E-06,2.3236E-01
-4.88120E-06,2.3139E-01
-4.88080E-06,2.3139E-01
-4.88040E-06,2.3334E-01
-4.88000E-06,2.3334E-01
-4.87960E-06,2.3432E-01
-4.87920E-06,2.3236E-01
-4.87880E-06,2.3236E-01
-4.87840E-06,2.3432E-01
-4.87800E-06,2.3334E-01
-4.87760E-06,2.3432E-01
-4.87720E-06,2.3334E-01
-4.87680E-06,2.3041E-01
-4.87640E-06,2.3236E-01
-4.87600E-06,2.3139E-01
-4.87560E-06,2.3041E-01
-4.87520E-06,2.3041E-01
-4.87480E-06,2.2846E-01
-4.87440E-06,2.3139E-01
-4.87400E-06,2.3139E-01
-4.87360E-06,2.3236E-01
-4.87320E-06,2.3041E-01
-4.87280E-06,2.3041E-01
-4.87240E-06,2.3432E-01
-4.87200E-06,2.3334E-01
-4.87160E-06,2.3139E-01
-4.87120E-06,2.3139E-01
-4.87080E-06,2.3334E-01
-4.87040E-06,2.3041E-01
-4.87000E-06,2.3236E-01
-4.86960E-06,2.3139E-01
-4.86920E-06,2.3334E-01
-4.86880E-06,2.3529E-01
-4.86840E-06,2.3334E-01
-4.86800E-06,2.3432E-01
-4.86760E-06,2.3236E-01
-4.86720E-06,2.3236E-01
-4.86680E-06,2.3334E-01
-4.86640E-06,2.3139E-01
-4.86600E-06,2.2846E-01
-4.86560E-06,2.3334E-01
-4.86520E-06,2.3334E-01
-4.86480E-06,2.3041E-01
-4.86440E-06,2.3334E-01
-4.86400E-06,2.3139E-01
-4.86360E-06,2.3334E-01
-4.86320E-06,2.3139E-01
-4.86280E-06,2.3236E-01
-4.86240E-06,2.2943E-01
-4.86200E-06,2.3139E-01
-4.86160E-06,2.3334E-01
-4.86120E-06,2.3334E-01
-4.86080E-06,2.3236E-01
-4.86040E-06,2.2943E-01
-4.86000E-06,2.3432E-01
-4.85960E-06,2.3041E-01
-4.85920E-06,2.3139E-01
-4.85880E-06,2.3139E-01
-4.85840E-06,2.3041E-01
-4.85800E-06,2.3236E-01
-4.85760E-06,2.2943E-01
-4.85720E-06,2.2943E-01
-4.85680E-06,2.2943E-01
-4.85640E-06,2.3432E-01
-4.85600E-06,2.2943E-01
-4.85560E-06,2.3041E-01
-4.85520E-06,2.3432E-01
-4.85480E-06,2.3334E-01
-4.85440E-06,2.3334E-01
-4.85400E-06,2.2846E-01
-4.85360E-06,2.3432E-01
-4.85320E-06,2.3432E-01
-4.85280E-06,2.3139E-01
-4.85240E-06,2.3041E-01
-4.85200E-06,2.3041E-01
-4.85160E-06,2.3432E-01
-4.85120E-06,2.3334E-01
-4.85080E-06,2.3334E-01
-4.85040E-06,2.2943E-01
-4.85000E-06,2.3529E-01
-4.84960E-06,2.3432E-01
-4.84920E-06,2.3139E-01
-4.84880E-06,2.2943E-01
-4.84840E-06,2.3139E-01
-4.84800E-06,2.3139E-01
-4.84760E-06,2.3432E-01
-4.84720E-06,2.3139E-01
-4.84680E-06,2.3529E-01
-4.84640E-06,2.3041E-01
-4.84600E-06,2.3041E-01
-4.84560E-06,2.3236E-01
-4.84520E-06,2.3139E-01
-4.84480E-06,2.3139E-01
-4.84440E-06,2.3627E-01
-4.84400E-06,2.3041E-01
-4.84360E-06,2.3334E-01
-4.84320E-06,2.3236E-01
-4.84280E-06,2.3041E-01
-4.84240E-06,2.3236E-01
-4.84200E-06,2.3236E-01
-4.84160E-06,2.3139E-01
-4.84120E-06,2.3432E-01
-4.84080E-06,2.3236E-01
-4.84040E-06,2.3139E-01
-4.84000E-06,2.3139E-01
-4.83960E-06,2.3139E-01
-4.83920E-06,2.3041E-01
-4.83880E-06,2.3139E-01
-4.83840E-06,2.3139E-01
-4.83800E-06,2.3236E-01
-4.83760E-06,2.3041E-01
-4.83720E-06,2.3236E-01
-4.83680E-06,2.3041E-01
-4.83640E-06,2.2943E-01
-4.83600E-06,2.3529E-01
-4.83560E-06,2.3334E-01
-4.83520E-06,2.3334E-01
-4.83480E-06,2.2943E-01
-4.83440E-06,2.3334E-01
-4.83400E-06,2.3529E-01
-4.83360E-06,2.3432E-01
-4.83320E-06,2.3139E-01
-4.83280E-06,2.3334E-01
-4.83240E-06,2.3725E-01
-4.83200E-06,2.3236E-01
-4.83160E-06,2.3041E-01
-4.83120E-06,2.3334E-01
-4.83080E-06,2.3139E-01
-4.83040E-06,2.3236E-01
-4.83000E-06,2.3139E-01
-4.82960E-06,2.3139E-01
-4.82920E-06,2.3139E-01
-4.82880E-06,2.3529E-01
-4.82840E-06,2.2943E-01
-4.82800E-06,2.3139E-01
-4.82760E-06,2.3139E-01
-4.82720E-06,2.3334E-01
-4.82680E-06,2.3529E-01
-4.82640E-06,2.3432E-01
-4.82600E-06,2.2943E-01
-4.82560E-06,2.2943E-01
-4.82520E-06,2.3236E-01
-4.82480E-06,2.3139E-01
-4.82440E-06,2.3139E-01
-4.82400E-06,2.3236E-01
-4.82360E-06,2.2846E-01
-4.82320E-06,2.3529E-01
-4.82280E-06,2.3236E-01
-4.82240E-06,2.3139E-01
-4.82200E-06,2.3432E-01
-4.82160E-06,2.3236E-01
-4.82120E-06,2.3236E-01
-4.82080E-06,2.3334E-01
-4.82040E-06,2.3236E-01
-4.82000E-06,2.3334E-01
-4.81960E-06,2.3334E-01
-4.81920E-06,2.3432E-01
-4.81880E-06,2.2943E-01
-4.81840E-06,2.3139E-01
-4.81800E-06,2.3334E-01
-4.81760E-06,2.3139E-01
-4.81720E-06,2.2943E-01
-4.81680E-06,2.3236E-01
-4.81640E-06,2.3139E-01
-4.81600E-06,2.3139E-01
-4.81560E-06,2.3139E-01
-4.81520E-06,2.3041E-01
-4.81480E-06,2.2943E-01
-4.81440E-06,2.3041E-01
-4.81400E-06,2.3334E-01
-4.81360E-06,2.3334E-01
-4.81320E-06,2.3334E-01
-4.81280E-06,2.3334E-01
-4.81240E-06,2.3529E-01
-4.81200E-06,2.3041E-01
-4.81160E-06,2.3334E-01
-4.81120E-06,2.3236E-01
-4.81080E-06,2.3041E-01
-4.81040E-06,2.3139E-01
-4.81000E-06,2.3041E-01
-4.80960E-06,2.3725E-01
-4.80920E-06,2.3432E-01
-4.80880E-06,2.3041E-01
-4.80840E-06,2.3139E-01
-4.80800E-06,2.3627E-01
-4.80760E-06,2.3334E-01
-4.80720E-06,2.3334E-01
-4.80680E-06,2.3627E-01
-4.80640E-06,2.3139E-01
-4.80600E-06,2.3139E-01
-4.80560E-06,2.3139E-01
-4.80520E-06,2.3432E-01
-4.80480E-06,2.3432E-01
-4.80440E-06,2.3432E-01
-4.80400E-06,2.3529E-01
-4.80360E-06,2.3139E-01
-4.80320E-06,2.3529E-01
-4.80280E-06,2.3432E-01
-4.80240E-06,2.3334E-01
-4.80200E-06,2.3139E-01
-4.80160E-06,2.3432E-01
-4.80120E-06,2.3236E-01
-4.80080E-06,2.3529E-01
-4.80040E-06,2.3334E-01
-4.80000E-06,2.3334E-01
-4.79960E-06,2.3432E-01
-4.79920E-06,2.3432E-01
-4.79880E-06,2.3334E-01
-4.79840E-06,2.3041E-01
-4.79800E-06,2.3236E-01
-4.79760E-06,2.3334E-01
-4.79720E-06,2.3236E-01
-4.79680E-06,2.3236E-01
-4.79640E-06,2.3529E-01
-4.79600E-06,2.3236E-01
-4.79560E-06,2.3432E-01
-4.79520E-06,2.3236E-01
-4.79480E-06,2.3529E-01
-4.79440E-06,2.3627E-01
-4.79400E-06,2.3236E-01
-4.79360E-06,2.3432E-01
-4.79320E-06,2.3236E-01
-4.79280E-06,2.3236E-01
-4.79240E-06,2.3236E-01
-4.79200E-06,2.3432E-01
-4.79160E-06,2.3432E-01
-4.79120E-06,2.3334E-01
-4.79080E-06,2.3334E-01
-4.79040E-06,2.3432E-01
-4.79000E-06,2.3236E-01
-4.78960E-06,2.3432E-01
-4.78920E-06,2.3139E-01
-4.78880E-06,2.3139E-01
-4.78840E-06,2.3334E-01
-4.78800E-06,2.3236E-01
-4.78760E-06,2.3236E-01
-4.78720E-06,2.3236E-01
-4.78680E-06,2.3432E-01
-4.78640E-06,2.3334E-01
-4.78600E-06,2.3236E-01
-4.78560E-06,2.3139E-01
-4.78520E-06,2.3041E-01
-4.78480E-06,2.3139E-01
-4.78440E-06,2.3334E-01
-4.78400E-06,2.3041E-01
-4.78360E-06,2.3432E-01
-4.78320E-06,2.3432E-01
-4.78280E-06,2.3334E-01
-4.78240E-06,2.3139E-01
-4.78200E-06,2.3236E-01
-4.78160E-06,2.3139E-01
-4.78120E-06,2.3334E-01
-4.78080E-06,2.3432E-01
-4.78040E-06,2.3432E-01
-4.78000E-06,2.3041E-01
-4.77960E-06,2.3334E-01
-4.77920E-06,2.3334E-01
-4.77880E-06,2.3432E-01
-4.77840E-06,2.3334E-01
-4.77800E-06,2.3041E-01
-4.77760E-06,2.3236E-01
-4.77720E-06,2.2943E-01
-4.77680E-06,2.2846E-01
-4.77640E-06,2.3334E-01
-4.77600E-06,2.3334E-01
-4.77560E-06,2.3432E-01
-4.77520E-06,2.3432E-01
-4.77480E-06,2.3139E-01
-4.77440E-06,2.3334E-01
-4.77400E-06,2.3236E-01
-4.77360E-06,2.3236E-01
-4.77320E-06,2.3139E-01
-4.77280E-06,2.3139E-01
-4.77240E-06,2.3139E-01
-4.77200E-06,2.3432E-01
-4.77160E-06,2.3236E-01
-4.77120E-06,2.3236E-01
-4.77080E-06,2.3432E-01
-4.77040E-06,2.3432E-01
-4.77000E-06,2.3432E-01
-4.76960E-06,2.3529E-01
-4.76920E-06,2.3236E-01
-4.76880E-06,2.3529E-01
-4.76840E-06,2.3432E-01
-4.76800E-06,2.3334E-01
-4.76760E-06,2.3139E-01
-4.76720E-06,2.3334E-01
-4.76680E-06,2.3236E-01
-4.76640E-06,2.3334E-01
-4.76600E-06,2.2943E-01
-4.76560E-06,2.2846E-01
-4.76520E-06,2.2846E-01
-4.76480E-06,2.3041E-01
-4.76440E-06,2.3236E-01
-4.76400E-06,2.3529E-01
-4.76360E-06,2.3236E-01
-4.76320E-06,2.3334E-01
-4.76280E-06,2.3334E-01
-4.76240E-06,2.3529E-01
-4.76200E-06,2.3334E-01
-4.76160E-06,2.3334E-01
-4.76120E-06,2.3334E-01
-4.76080E-06,2.3139E-01
-4.76040E-06,2.3139E-01
-4.76000E-06,2.3432E-01
-4.75960E-06,2.3139E-01
-4.75920E-06,2.3334E-01
-4.75880E-06,2.3236E-01
-4.75840E-06,2.3236E-01
-4.75800E-06,2.3041E-01
-4.75760E-06,2.3334E-01
-4.75720E-06,2.3236E-01
-4.75680E-06,2.3041E-01
-4.75640E-06,2.3334E-01
-4.75600E-06,2.3041E-01
-4.75560E-06,2.3432E-01
-4.75520E-06,2.3139E-01
-4.75480E-06,2.3236E-01
-4.75440E-06,2.3139E-01
-4.75400E-06,2.3529E-01
-4.75360E-06,2.3334E-01
-4.75320E-06,2.3139E-01
-4.75280E-06,2.3236E-01
-4.75240E-06,2.3334E-01
-4.75200E-06,2.3627E-01
-4.75160E-06,2.3334E-01
-4.75120E-06,2.3139E-01
-4.75080E-06,2.3334E-01
-4.75040E-06,2.3139E-01
-4.75000E-06,2.3432E-01
-4.74960E-06,2.3432E-01
-4.74920E-06,2.3139E-01
-4.74880E-06,2.3139E-01
-4.74840E-06,2.3334E-01
-4.74800E-06,2.3041E-01
-4.74760E-06,2.3334E-01
-4.74720E-06,2.3236E-01
-4.74680E-06,2.3236E-01
-4.74640E-06,2.3139E-01
-4.74600E-06,2.3236E-01
-4.74560E-06,2.3432E-01
-4.74520E-06,2.3236E-01
-4.74480E-06,2.3139E-01
-4.74440E-06,2.3041E-01
-4.74400E-06,2.3236E-01
-4.74360E-06,2.3236E-01
-4.74320E-06,2.3139E-01
-4.74280E-06,2.3334E-01
-4.74240E-06,2.3432E-01
-4.74200E-06,2.3139E-01
-4.74160E-06,2.3236E-01
-4.74120E-06,2.3041E-01
-4.74080E-06,2.3627E-01
-4.74040E-06,2.3432E-01
-4.74000E-06,2.3529E-01
-4.73960E-06,2.3236E-01
-4.73920E-06,2.3236E-01
-4.73880E-06,2.3432E-01
-4.73840E-06,2.3236E-01
-4.73800E-06,2.3236E-01
-4.73760E-06,2.3529E-01
-4.73720E-06,2.3139E-01
-4.73680E-06,2.3432E-01
-4.73640E-06,2.3432E-01
-4.73600E-06,2.3432E-01
-4.73560E-06,2.3432E-01
-4.73520E-06,2.3627E-01
-4.73480E-06,2.3236E-01
-4.73440E-06,2.3529E-01
-4.73400E-06,2.3041E-01
-4.73360E-06,2.2943E-01
-4.73320E-06,2.3041E-01
-4.73280E-06,2.3139E-01
-4.73240E-06,2.3432E-01
-4.73200E-06,2.3432E-01
-4.73160E-06,2.3236E-01
-4.73120E-06,2.3139E-01
-4.73080E-06,2.3432E-01
-4.73040E-06,2.3432E-01
-4.73000E-06,2.3139E-01
-4.72960E-06,2.3139E-01
-4.72920E-06,2.3529E-01
-4.72880E-06,2.3041E-01
-4.72840E-06,2.3334E-01
-4.72800E-06,2.3236E-01
-4.72760E-06,2.3236E-01
-4.72720E-06,2.3236E-01
-4.72680E-06,2.3139E-01
-4.72640E-06,2.3432E-01
-4.72600E-06,2.3432E-01
-4.72560E-06,2.3041E-01
-4.72520E-06,2.3432E-01
-4.72480E-06,2.3236E-01
-4.72440E-06,2.3139E-01
-4.72400E-06,2.3432E-01
-4.72360E-06,2.3334E-01
-4.72320E-06,2.3432E-01
-4.72280E-06,2.3236E-01
-4.72240E-06,2.3432E-01
-4.72200E-06,2.3334E-01
-4.72160E-06,2.3334E-01
-4.72120E-06,2.3139E-01
-4.72080E-06,2.3432E-01
-4.72040E-06,2.3139E-01
-4.72000E-06,2.3432E-01
-4.71960E-06,2.3236E-01
-4.71920E-06,2.3236E-01
-4.71880E-06,2.3334E-01
-4.71840E-06,2.3334E-01
-4.71800E-06,2.3432E-01
-4.71760E-06,2.3236E-01
-4.71720E-06,2.3041E-01
-4.71680E-06,2.3041E-01
-4.71640E-06,2.3139E-01
-4.71600E-06,2.3139E-01
-4.71560E-06,2.3432E-01
-4.71520E-06,2.3236E-01
-4.71480E-06,2.3236E-01
-4.71440E-06,2.3529E-01
-4.71400E-06,2.3432E-01
-4.71360E-06,2.3432E-01
-4.71320E-06,2.3432E-01
-4.71280E-06,2.3334E-01
-4.71240E-06,2.3139E-01
-4.71200E-06,2.3432E-01
-4.71160E-06,2.3432E-01
-4.71120E-06,2.3139E-01
-4.71080E-06,2.3432E-01
-4.71040E-06,2.3041E-01
-4.71000E-06,2.3432E-01
-4.70960E-06,2.3334E-01
-4.70920E-06,2.3236E-01
-4.70880E-06,2.3627E-01
-4.70840E-06,2.3432E-01
-4.70800E-06,2.3334E-01
-4.70760E-06,2.3236E-01
-4.70720E-06,2.3432E-01
-4.70680E-06,2.3432E-01
-4.70640E-06,2.3041E-01
-4.70600E-06,2.3432E-01
-4.70560E-06,2.3529E-01
-4.70520E-06,2.3139E-01
-4.70480E-06,2.3236E-01
-4.70440E-06,2.3236E-01
-4.70400E-06,2.3139E-01
-4.70360E-06,2.3334E-01
-4.70320E-06,2.3236E-01
-4.70280E-06,2.3529E-01
-4.70240E-06,2.3627E-01
-4.70200E-06,2.3334E-01
-4.70160E-06,2.3432E-01
-4.70120E-06,2.3432E-01
-4.70080E-06,2.3236E-01
-4.70040E-06,2.3432E-01
-4.70000E-06,2.3334E-01
-4.69960E-06,2.3334E-01
-4.69920E-06,2.3236E-01
-4.69880E-06,2.3334E-01
-4.69840E-06,2.3432E-01
-4.69800E-06,2.3725E-01
-4.69760E-06,2.3529E-01
-4.69720E-06,2.3334E-01
-4.69680E-06,2.3139E-01
-4.69640E-06,2.3334E-01
-4.69600E-06,2.3334E-01
-4.69560E-06,2.3139E-01
-4.69520E-06,2.3236E-01
-4.69480E-06,2.3432E-01
-4.69440E-06,2.3529E-01
-4.69400E-06,2.3334E-01
-4.69360E-06,2.3139E-01
-4.69320E-06,2.3236E-01
-4.69280E-06,2.3529E-01
-4.69240E-06,2.3432E-01
-4.69200E-06,2.3236E-01
-4.69160E-06,2.3334E-01
-4.69120E-06,2.3334E-01
-4.69080E-06,2.3139E-01
-4.69040E-06,2.3432E-01
-4.69000E-06,2.3236E-01
-4.68960E-06,2.3432E-01
-4.68920E-06,2.2748E-01
-4.68880E-06,2.3529E-01
-4.68840E-06,2.3041E-01
-4.68800E-06,2.3334E-01
-4.68760E-06,2.3529E-01
-4.68720E-06,2.3139E-01
-4.68680E-06,2.3139E-01
-4.68640E-06,2.3529E-01
-4.68600E-06,2.3236E-01
-4.68560E-06,2.3627E-01
-4.68520E-06,2.3529E-01
-4.68480E-06,2.3432E-01
-4.68440E-06,2.3432E-01
-4.68400E-06,2.3041E-01
-4.68360E-06,2.3432E-01
-4.68320E-06,2.3725E-01
-4.68280E-06,2.3627E-01
-4.68240E-06,2.3627E-01
-4.68200E-06,2.3139E-01
-4.68160E-06,2.3334E-01
-4.68120E-06,2.3627E-01
-4.68080E-06,2.3432E-01
-4.68040E-06,2.3236E-01
-4.68000E-06,2.3529E-01
-4.67960E-06,2.3041E-01
-4.67920E-06,2.3432E-01
-4.67880E-06,2.3236E-01
-4.67840E-06,2.3236E-01
-4.67800E-06,2.3334E-01
-4.67760E-06,2.3041E-01
-4.67720E-06,2.3432E-01
-4.67680E-06,2.3236E-01
-4.67640E-06,2.3334E-01
-4.67600E-06,2.3236E-01
-4.67560E-06,2.3334E-01
-4.67520E-06,2.3432E-01
-4.67480E-06,2.3432E-01
-4.67440E-06,2.3041E-01
-4.67400E-06,2.3236E-01
-4.67360E-06,2.3041E-01
-4.67320E-06,2.3041E-01
-4.67280E-06,2.3139E-01
-4.67240E-06,2.3236E-01
-4.67200E-06,2.3432E-01
-4.67160E-06,2.3236E-01
-4.67120E-06,2.3334E-01
-4.67080E-06,2.3236E-01
-4.67040E-06,2.3529E-01
-4.67000E-06,2.3529E-01
-4.66960E-06,2.3432E-01
-4.66920E-06,2.3236E-01
-4.66880E-06,2.3236E-01
-4.66840E-06,2.2943E-01
-4.66800E-06,2.3236E-01
-4.66760E-06,2.3334E-01
-4.66720E-06,2.3334E-01
-4.66680E-06,2.3236E-01
-4.66640E-06,2.3334E-01
-4.66600E-06,2.3529E-01
-4.66560E-06,2.3139E-01
-4.66520E-06,2.3334E-01
-4.66480E-06,2.3041E-01
-4.66440E-06,2.3236E-01
-4.66400E-06,2.3334E-01
-4.66360E-06,2.3529E-01
-4.66320E-06,2.3334E-01
-4.66280E-06,2.3529E-01
-4.66240E-06,2.3236E-01
-4.66200E-06,2.2846E-01
-4.66160E-06,2.3236E-01
-4.66120E-06,2.3139E-01
-4.66080E-06,2.3139E-01
-4.66040E-06,2.3432E-01
-4.66000E-06,2.3139E-01
-4.65960E-06,2.3432E-01
-4.65920E-06,2.2943E-01
-4.65880E-06,2.3432E-01
-4.65840E-06,2.3139E-01
-4.65800E-06,2.3236E-01
-4.65760E-06,2.3041E-01
-4.65720E-06,2.3139E-01
-4.65680E-06,2.2943E-01
-4.65640E-06,2.3334E-01
-4.65600E-06,2.3041E-01
-4.65560E-06,2.2846E-01
-4.65520E-06,2.3334E-01
-4.65480E-06,2.3139E-01
-4.65440E-06,2.3236E-01
-4.65400E-06,2.3236E-01
-4.65360E-06,2.3236E-01
-4.65320E-06,2.3334E-01
-4.65280E-06,2.3334E-01
-4.65240E-06,2.3334E-01
-4.65200E-06,2.3334E-01
-4.65160E-06,2.3432E-01
-4.65120E-06,2.3334E-01
-4.65080E-06,2.3334E-01
-4.65040E-06,2.3139E-01
-4.65000E-06,2.3041E-01
-4.64960E-06,2.3139E-01
-4.64920E-06,2.3432E-01
-4.64880E-06,2.3432E-01
-4.64840E-06,2.3139E-01
-4.64800E-06,2.3334E-01
-4.64760E-06,2.3627E-01
-4.64720E-06,2.3432E-01
-4.64680E-06,2.3139E-01
-4.64640E-06,2.3236E-01
-4.64600E-06,2.3432E-01
-4.64560E-06,2.3334E-01
-4.64520E-06,2.2748E-01
-4.64480E-06,2.3432E-01
-4.64440E-06,2.3432E-01
-4.64400E-06,2.3334E-01
-4.64360E-06,2.3139E-01
-4.64320E-06,2.3139E-01
-4.64280E-06,2.2943E-01
-4.64240E-06,2.3432E-01
-4.64200E-06,2.3139E-01
-4.64160E-06,2.3139E-01
-4.64120E-06,2.3041E-01
-4.64080E-06,2.3139E-01
-4.64040E-06,2.3432E-01
-4.64000E-06,2.3139E-01
-4.63960E-06,2.3236E-01
-4.63920E-06,2.3236E-01
-4.63880E-06,2.3236E-01
-4.63840E-06,2.3139E-01
-4.63800E-06,2.3236E-01
-4.63760E-06,2.3334E-01
-4.63720E-06,2.3139E-01
-4.63680E-06,2.3529E-01
-4.63640E-06,2.3041E-01
-4.63600E-06,2.3236E-01
-4.63560E-06,2.2846E-01
-4.63520E-06,2.3236E-01
-4.63480E-06,2.3041E-01
-4.63440E-06,2.3139E-01
-4.63400E-06,2.3432E-01
-4.63360E-06,2.3236E-01
-4.63320E-06,2.3139E-01
-4.63280E-06,2.3041E-01
-4.63240E-06,2.3334E-01
-4.63200E-06,2.3627E-01
-4.63160E-06,2.3432E-01
-4.63120E-06,2.3334E-01
-4.63080E-06,2.3236E-01
-4.63040E-06,2.3236E-01
-4.63000E-06,2.3236E-01
-4.62960E-06,2.3334E-01
-4.62920E-06,2.3529E-01
-4.62880E-06,2.3236E-01
-4.62840E-06,2.3041E-01
-4.62800E-06,2.3041E-01
-4.62760E-06,2.3529E-01
-4.62720E-06,2.3334E-01
-4.62680E-06,2.3334E-01
-4.62640E-06,2.3041E-01
-4.62600E-06,2.3041E-01
-4.62560E-06,2.3432E-01
-4.62520E-06,2.3041E-01
-4.62480E-06,2.3334E-01
-4.62440E-06,2.3236E-01
-4.62400E-06,2.3041E-01
-4.62360E-06,2.3041E-01
-4.62320E-06,2.3334E-01
-4.62280E-06,2.3236E-01
-4.62240E-06,2.3139E-01
-4.62200E-06,2.3139E-01
-4.62160E-06,2.3139E-01
-4.62120E-06,2.3432E-01
-4.62080E-06,2.3041E-01
-4.62040E-06,2.3236E-01
-4.62000E-06,2.3139E-01
-4.61960E-06,2.3334E-01
-4.61920E-06,2.3334E-01
-4.61880E-06,2.3139E-01
-4.61840E-06,2.3236E-01
-4.61800E-06,2.3334E-01
-4.61760E-06,2.3432E-01
-4.61720E-06,2.3529E-01
-4.61680E-06,2.3334E-01
-4.61640E-06,2.3236E-01
-4.61600E-06,2.3139E-01
-4.61560E-06,2.3236E-01
-4.61520E-06,2.3139E-01
-4.61480E-06,2.3236E-01
-4.61440E-06,2.3334E-01
-4.61400E-06,2.3139E-01
-4.61360E-06,2.3139E-01
-4.61320E-06,2.3236E-01
-4.61280E-06,2.3139E-01
-4.61240E-06,2.3236E-01
-4.61200E-06,2.3139E-01
-4.61160E-06,2.3334E-01
-4.61120E-06,2.3529E-01
-4.61080E-06,2.2846E-01
-4.61040E-06,2.3236E-01
-4.61000E-06,2.3432E-01
-4.60960E-06,2.2748E-01
-4.60920E-06,2.3236E-01
-4.60880E-06,2.3334E-01
-4.60840E-06,2.3041E-01
-4.60800E-06,2.3139E-01
-4.60760E-06,2.3139E-01
-4.60720E-06,2.3236E-01
-4.60680E-06,2.3236E-01
-4.60640E-06,2.3236E-01
-4.60600E-06,2.3041E-01
-4.60560E-06,2.2846E-01
-4.60520E-06,2.3139E-01
-4.60480E-06,2.3139E-01
-4.60440E-06,2.2748E-01
-4.60400E-06,2.3139E-01
-4.60360E-06,2.3139E-01
-4.60320E-06,2.3432E-01
-4.60280E-06,2.3236E-01
-4.60240E-06,2.3236E-01
-4.60200E-06,2.3236E-01
-4.60160E-06,2.3139E-01
-4.60120E-06,2.3529E-01
-4.60080E-06,2.3041E-01
-4.60040E-06,2.3236E-01
-4.60000E-06,2.3041E-01
-4.59960E-06,2.3139E-01
-4.59920E-06,2.3236E-01
-4.59880E-06,2.3236E-01
-4.59840E-06,2.3139E-01
-4.59800E-06,2.3432E-01
-4.59760E-06,2.2846E-01
-4.59720E-06,2.3236E-01
-4.59680E-06,2.3041E-01
-4.59640E-06,2.2943E-01
-4.59600E-06,2.3334E-01
-4.59560E-06,2.3432E-01
-4.59520E-06,2.3432E-01
-4.59480E-06,2.3041E-01
-4.59440E-06,2.3236E-01
-4.59400E-06,2.3236E-01
-4.59360E-06,2.3139E-01
-4.59320E-06,2.3041E-01
-4.59280E-06,2.3139E-01
-4.59240E-06,2.3627E-01
-4.59200E-06,2.3139E-01
-4.59160E-06,2.3432E-01
-4.59120E-06,2.3334E-01
-4.59080E-06,2.3041E-01
-4.59040E-06,2.3334E-01
-4.59000E-06,2.3236E-01
-4.58960E-06,2.3139E-01
-4.58920E-06,2.3236E-01
-4.58880E-06,2.3041E-01
-4.58840E-06,2.3334E-01
-4.58800E-06,2.3041E-01
-4.58760E-06,2.3139E-01
-4.58720E-06,2.3236E-01
-4.58680E-06,2.2943E-01
-4.58640E-06,2.3139E-01
-4.58600E-06,2.3139E-01
-4.58560E-06,2.3139E-01
-4.58520E-06,2.3236E-01
-4.58480E-06,2.3139E-01
-4.58440E-06,2.3139E-01
-4.58400E-06,2.3139E-01
-4.58360E-06,2.3041E-01
-4.58320E-06,2.2943E-01
-4.58280E-06,2.3236E-01
-4.58240E-06,2.3041E-01
-4.58200E-06,2.3236E-01
-4.58160E-06,2.3139E-01
-4.58120E-06,2.3041E-01
-4.58080E-06,2.3432E-01
-4.58040E-06,2.3334E-01
-4.58000E-06,2.3432E-01
-4.57960E-06,2.3139E-01
-4.57920E-06,2.3139E-01
-4.57880E-06,2.3041E-01
-4.57840E-06,2.3236E-01
-4.57800E-06,2.3139E-01
-4.57760E-06,2.3139E-01
-4.57720E-06,2.3139E-01
-4.57680E-06,2.3432E-01
-4.57640E-06,2.3041E-01
-4.57600E-06,2.3041E-01
-4.57560E-06,2.3139E-01
-4.57520E-06,2.3041E-01
-4.57480E-06,2.3139E-01
-4.57440E-06,2.3139E-01
-4.57400E-06,2.3139E-01
-4.57360E-06,2.3529E-01
-4.57320E-06,2.3236E-01
-4.57280E-06,2.3334E-01
-4.57240E-06,2.2943E-01
-4.57200E-06,2.3139E-01
-4.57160E-06,2.3236E-01
-4.57120E-06,2.3139E-01
-4.57080E-06,2.3139E-01
-4.57040E-06,2.3139E-01
-4.57000E-06,2.3529E-01
-4.56960E-06,2.3236E-01
-4.56920E-06,2.3139E-01
-4.56880E-06,2.3236E-01
-4.56840E-06,2.3236E-01
-4.56800E-06,2.3041E-01
-4.56760E-06,2.3236E-01
-4.56720E-06,2.3334E-01
-4.56680E-06,2.2943E-01
-4.56640E-06,2.3041E-01
-4.56600E-06,2.3041E-01
-4.56560E-06,2.3432E-01
-4.56520E-06,2.3139E-01
-4.56480E-06,2.3139E-01
-4.56440E-06,2.3236E-01
-4.56400E-06,2.2846E-01
-4.56360E-06,2.3432E-01
-4.56320E-06,2.2846E-01
-4.56280E-06,2.3139E-01
-4.56240E-06,2.3139E-01
-4.56200E-06,2.3236E-01
-4.56160E-06,2.3041E-01
-4.56120E-06,2.3041E-01
-4.56080E-06,2.2846E-01
-4.56040E-06,2.2943E-01
-4.56000E-06,2.3139E-01
-4.55960E-06,2.3041E-01
-4.55920E-06,2.3334E-01
-4.55880E-06,2.3041E-01
-4.55840E-06,2.3139E-01
-4.55800E-06,2.3432E-01
-4.55760E-06,2.3334E-01
-4.55720E-06,2.3041E-01
-4.55680E-06,2.2846E-01
-4.55640E-06,2.3139E-01
-4.55600E-06,2.3139E-01
-4.55560E-06,2.3334E-01
-4.55520E-06,2.3236E-01
-4.55480E-06,2.3236E-01
-4.55440E-06,2.3334E-01
-4.55400E-06,2.3041E-01
-4.55360E-06,2.3139E-01
-4.55320E-06,2.3139E-01
-4.55280E-06,2.3432E-01
-4.55240E-06,2.3236E-01
-4.55200E-06,2.3041E-01
-4.55160E-06,2.3432E-01
-4.55120E-06,2.3236E-01
-4.55080E-06,2.3236E-01
-4.55040E-06,2.3139E-01
-4.55000E-06,2.3334E-01
-4.54960E-06,2.3041E-01
-4.54920E-06,2.3236E-01
-4.54880E-06,2.3139E-01
-4.54840E-06,2.3432E-01
-4.54800E-06,2.3334E-01
-4.54760E-06,2.3139E-01
-4.54720E-06,2.3139E-01
-4.54680E-06,2.3041E-01
-4.54640E-06,2.3236E-01
-4.54600E-06,2.3041E-01
-4.54560E-06,2.3236E-01
-4.54520E-06,2.3041E-01
-4.54480E-06,2.2943E-01
-4.54440E-06,2.2846E-01
-4.54400E-06,2.2943E-01
-4.54360E-06,2.3139E-01
-4.54320E-06,2.3139E-01
-4.54280E-06,2.3041E-01
-4.54240E-06,2.3041E-01
-4.54200E-06,2.3041E-01
-4.54160E-06,2.2846E-01
-4.54120E-06,2.2943E-01
-4.54080E-06,2.3139E-01
-4.54040E-06,2.2846E-01
-4.54000E-06,2.3236E-01
-4.53960E-06,2.3139E-01
-4.53920E-06,2.2846E-01
-4.53880E-06,2.3139E-01
-4.53840E-06,2.3041E-01
-4.53800E-06,2.3236E-01
-4.53760E-06,2.2943E-01
-4.53720E-06,2.3139E-01
-4.53680E-06,2.3139E-01
-4.53640E-06,2.3139E-01
-4.53600E-06,2.3334E-01
-4.53560E-06,2.3139E-01
-4.53520E-06,2.3236E-01
-4.53480E-06,2.3139E-01
-4.53440E-06,2.3236E-01
-4.53400E-06,2.2943E-01
-4.53360E-06,2.3432E-01
-4.53320E-06,2.3236E-01
-4.53280E-06,2.3041E-01
-4.53240E-06,2.2943E-01
-4.53200E-06,2.2846E-01
-4.53160E-06,2.3334E-01
-4.53120E-06,2.3041E-01
-4.53080E-06,2.3236E-01
-4.53040E-06,2.3041E-01
-4.53000E-06,2.3432E-01
-4.52960E-06,2.3334E-01
-4.52920E-06,2.3139E-01
-4.52880E-06,2.3139E-01
-4.52840E-06,2.3041E-01
-4.52800E-06,2.3041E-01
-4.52760E-06,2.3041E-01
-4.52720E-06,2.3041E-01
-4.52680E-06,2.3236E-01
-4.52640E-06,2.3236E-01
-4.52600E-06,2.3041E-01
-4.52560E-06,2.2943E-01
-4.52520E-06,2.3041E-01
-4.52480E-06,2.3139E-01
-4.52440E-06,2.3236E-01
-4.52400E-06,2.3139E-01
-4.52360E-06,2.3236E-01
-4.52320E-06,2.3041E-01
-4.52280E-06,2.3139E-01
-4.52240E-06,2.3041E-01
-4.52200E-06,2.2846E-01
-4.52160E-06,2.3236E-01
-4.52120E-06,2.2943E-01
-4.52080E-06,2.3041E-01
-4.52040E-06,2.3041E-01
-4.52000E-06,2.3334E-01
-4.51960E-06,2.3139E-01
-4.51920E-06,2.3139E-01
-4.51880E-06,2.3334E-01
-4.51840E-06,2.2943E-01
-4.51800E-06,2.3041E-01
-4.51760E-06,2.3041E-01
-4.51720E-06,2.3041E-01
-4.51680E-06,2.3139E-01
-4.51640E-06,2.3236E-01
-4.51600E-06,2.3432E-01
-4.51560E-06,2.3334E-01
-4.51520E-06,2.3139E-01
-4.51480E-06,2.3041E-01
-4.51440E-06,2.3139E-01
-4.51400E-06,2.3041E-01
-4.51360E-06,2.3041E-01
-4.51320E-06,2.3139E-01
-4.51280E-06,2.3139E-01
-4.51240E-06,2.3334E-01
-4.51200E-06,2.3041E-01
-4.51160E-06,2.3041E-01
-4.51120E-06,2.2846E-01
-4.51080E-06,2.3334E-01
-4.51040E-06,2.2748E-01
-4.51000E-06,2.2846E-01
-4.50960E-06,2.3139E-01
-4.50920E-06,2.2943E-01
-4.50880E-06,2.3334E-01
-4.50840E-06,2.3432E-01
-4.50800E-06,2.3041E-01
-4.50760E-06,2.3334E-01
-4.50720E-06,2.2846E-01
-4.50680E-06,2.3334E-01
-4.50640E-06,2.3432E-01
-4.50600E-06,2.3139E-01
-4.50560E-06,2.3236E-01
-4.50520E-06,2.3041E-01
-4.50480E-06,2.3139E-01
-4.50440E-06,2.3334E-01
-4.50400E-06,2.3334E-01
-4.50360E-06,2.3041E-01
-4.50320E-06,2.3334E-01
-4.50280E-06,2.3236E-01
-4.50240E-06,2.3334E-01
-4.50200E-06,2.2943E-01
-4.50160E-06,2.3432E-01
-4.50120E-06,2.3041E-01
-4.50080E-06,2.3041E-01
-4.50040E-06,2.3041E-01
-4.50000E-06,2.3041E-01
-4.49960E-06,2.3041E-01
-4.49920E-06,2.3041E-01
-4.49880E-06,2.3139E-01
-4.49840E-06,2.3041E-01
-4.49800E-06,2.3041E-01
-4.49760E-06,2.3139E-01
-4.49720E-06,2.2748E-01
-4.49680E-06,2.3041E-01
-4.49640E-06,2.2846E-01
-4.49600E-06,2.3236E-01
-4.49560E-06,2.3529E-01
-4.49520E-06,2.2846E-01
-4.49480E-06,2.3041E-01
-4.49440E-06,2.3041E-01
-4.49400E-06,2.3041E-01
-4.49360E-06,2.3139E-01
-4.49320E-06,2.3139E-01
-4.49280E-06,2.3139E-01
-4.49240E-06,2.3041E-01
-4.49200E-06,2.2748E-01
-4.49160E-06,2.3041E-01
-4.49120E-06,2.2650E-01
-4.49080E-06,2.3041E-01
-4.49040E-06,2.2748E-01
-4.49000E-06,2.2846E-01
-4.48960E-06,2.2846E-01
-4.48920E-06,2.2943E-01
-4.48880E-06,2.2943E-01
-4.48840E-06,2.3139E-01
-4.48800E-06,2.3139E-01
-4.48760E-06,2.2846E-01
-4.48720E-06,2.3041E-01
-4.48680E-06,2.2943E-01
-4.48640E-06,2.2943E-01
-4.48600E-06,2.2943E-01
-4.48560E-06,2.2943E-01
-4.48520E-06,2.3236E-01
-4.48480E-06,2.3334E-01
-4.48440E-06,2.3041E-01
-4.48400E-06,2.2748E-01
-4.48360E-06,2.3236E-01
-4.48320E-06,2.2943E-01
-4.48280E-06,2.2943E-01
-4.48240E-06,2.2846E-01
-4.48200E-06,2.3334E-01
-4.48160E-06,2.3041E-01
-4.48120E-06,2.2943E-01
-4.48080E-06,2.3041E-01
-4.48040E-06,2.3041E-01
-4.48000E-06,2.2553E-01
-4.47960E-06,2.3041E-01
-4.47920E-06,2.3041E-01
-4.47880E-06,2.3139E-01
-4.47840E-06,2.3041E-01
-4.47800E-06,2.3041E-01
-4.47760E-06,2.2943E-01
-4.47720E-06,2.3139E-01
-4.47680E-06,2.3529E-01
-4.47640E-06,2.2943E-01
-4.47600E-06,2.2748E-01
-4.47560E-06,2.3139E-01
-4.47520E-06,2.3041E-01
-4.47480E-06,2.3529E-01
-4.47440E-06,2.2846E-01
-4.47400E-06,2.3041E-01
-4.47360E-06,2.2943E-01
-4.47320E-06,2.3139E-01
-4.47280E-06,2.3041E-01
-4.47240E-06,2.3139E-01
-4.47200E-06,2.3041E-01
-4.47160E-06,2.2943E-01
-4.47120E-06,2.3334E-01
-4.47080E-06,2.2846E-01
-4.47040E-06,2.3236E-01
-4.47000E-06,2.2650E-01
-4.46960E-06,2.2943E-01
-4.46920E-06,2.3041E-01
-4.46880E-06,2.2553E-01
-4.46840E-06,2.2846E-01
-4.46800E-06,2.2650E-01
-4.46760E-06,2.2846E-01
-4.46720E-06,2.2943E-01
-4.46680E-06,2.2943E-01
-4.46640E-06,2.2650E-01
-4.46600E-06,2.3041E-01
-4.46560E-06,2.2748E-01
-4.46520E-06,2.2846E-01
-4.46480E-06,2.3041E-01
-4.46440E-06,2.2943E-01
-4.46400E-06,2.3041E-01
-4.46360E-06,2.3041E-01
-4.46320E-06,2.2846E-01
-4.46280E-06,2.2846E-01
-4.46240E-06,2.3236E-01
-4.46200E-06,2.2846E-01
-4.46160E-06,2.2943E-01
-4.46120E-06,2.2846E-01
-4.46080E-06,2.2943E-01
-4.46040E-06,2.3041E-01
-4.46000E-06,2.3139E-01
-4.45960E-06,2.3236E-01
-4.45920E-06,2.2943E-01
-4.45880E-06,2.2943E-01
-4.45840E-06,2.2846E-01
-4.45800E-06,2.3041E-01
-4.45760E-06,2.2943E-01
-4.45720E-06,2.2846E-01
-4.45680E-06,2.3041E-01
-4.45640E-06,2.2846E-01
-4.45600E-06,2.3041E-01
-4.45560E-06,2.2846E-01
-4.45520E-06,2.2846E-01
-4.45480E-06,2.3139E-01
-4.45440E-06,2.3041E-01
-4.45400E-06,2.3334E-01
-4.45360E-06,2.2748E-01
-4.45320E-06,2.3334E-01
-4.45280E-06,2.3041E-01
-4.45240E-06,2.3041E-01
-4.45200E-06,2.3432E-01
-4.45160E-06,2.2943E-01
-4.45120E-06,2.3139E-01
-4.45080E-06,2.3432E-01
-4.45040E-06,2.2943E-01
-4.45000E-06,2.2846E-01
-4.44960E-06,2.3236E-01
-4.44920E-06,2.3236E-01
-4.44880E-06,2.3236E-01
-4.44840E-06,2.3139E-01
-4.44800E-06,2.2846E-01
-4.44760E-06,2.3334E-01
-4.44720E-06,2.3041E-01
-4.44680E-06,2.3139E-01
-4.44640E-06,2.3334E-01
-4.44600E-06,2.2943E-01
-4.44560E-06,2.3041E-01
-4.44520E-06,2.3041E-01
-4.44480E-06,2.3236E-01
-4.44440E-06,2.3041E-01
-4.44400E-06,2.2943E-01
-4.44360E-06,2.3139E-01
-4.44320E-06,2.3041E-01
-4.44280E-06,2.2748E-01
-4.44240E-06,2.3139E-01
-4.44200E-06,2.2846E-01
-4.44160E-06,2.2748E-01
-4.44120E-06,2.3041E-01
-4.44080E-06,2.3334E-01
-4.44040E-06,2.2846E-01
-4.44000E-06,2.3236E-01
-4.43960E-06,2.3041E-01
-4.43920E-06,2.2943E-01
-4.43880E-06,2.2748E-01
-4.43840E-06,2.3334E-01
-4.43800E-06,2.2846E-01
-4.43760E-06,2.3334E-01
-4.43720E-06,2.2846E-01
-4.43680E-06,2.3139E-01
-4.43640E-06,2.3041E-01
-4.43600E-06,2.3041E-01
-4.43560E-06,2.2943E-01
-4.43520E-06,2.2748E-01
-4.43480E-06,2.2846E-01
-4.43440E-06,2.3041E-01
-4.43400E-06,2.3236E-01
-4.43360E-06,2.3139E-01
-4.43320E-06,2.3139E-01
-4.43280E-06,2.3236E-01
-4.43240E-06,2.2748E-01
-4.43200E-06,2.3236E-01
-4.43160E-06,2.3432E-01
-4.43120E-06,2.2748E-01
-4.43080E-06,2.2748E-01
-4.43040E-06,2.2943E-01
-4.43000E-06,2.2943E-01
-4.42960E-06,2.2748E-01
-4.42920E-06,2.3041E-01
-4.42880E-06,2.3041E-01
-4.42840E-06,2.2846E-01
-4.42800E-06,2.2846E-01
-4.42760E-06,2.3041E-01
-4.42720E-06,2.3041E-01
-4.42680E-06,2.2943E-01
-4.42640E-06,2.3139E-01
-4.42600E-06,2.2846E-01
-4.42560E-06,2.2846E-01
-4.42520E-06,2.2846E-01
-4.42480E-06,2.3041E-01
-4.42440E-06,2.2846E-01
-4.42400E-06,2.3041E-01
-4.42360E-06,2.3139E-01
-4.42320E-06,2.2943E-01
-4.42280E-06,2.3334E-01
-4.42240E-06,2.2846E-01
-4.42200E-06,2.3041E-01
-4.42160E-06,2.3041E-01
-4.42120E-06,2.3236E-01
-4.42080E-06,2.3041E-01
-4.42040E-06,2.2748E-01
-4.42000E-06,2.3041E-01
-4.41960E-06,2.2943E-01
-4.41920E-06,2.3139E-01
-4.41880E-06,2.2748E-01
-4.41840E-06,2.2943E-01
-4.41800E-06,2.3236E-01
-4.41760E-06,2.3529E-01
-4.41720E-06,2.3139E-01
-4.41680E-06,2.2943E-01
-4.41640E-06,2.3041E-01
-4.41600E-06,2.2943E-01
-4.41560E-06,2.3041E-01
-4.41520E-06,2.3139E-01
-4.41480E-06,2.3139E-01
-4.41440E-06,2.3041E-01
-4.41400E-06,2.3041E-01
-4.41360E-06,2.3334E-01
-4.41320E-06,2.3236E-01
-4.41280E-06,2.2943E-01
-4.41240E-06,2.2943E-01
-4.41200E-06,2.3041E-01
-4.41160E-06,2.2748E-01
-4.41120E-06,2.3041E-01
-4.41080E-06,2.3041E-01
-4.41040E-06,2.2943E-01
-4.41000E-06,2.3041E-01
-4.40960E-06,2.3041E-01
-4.40920E-06,2.2943E-01
-4.40880E-06,2.2846E-01
-4.40840E-06,2.3334E-01
-4.40800E-06,2.3139E-01
-4.40760E-06,2.2943E-01
-4.40720E-06,2.2748E-01
-4.40680E-06,2.2943E-01
-4.40640E-06,2.2943E-01
-4.40600E-06,2.2943E-01
-4.40560E-06,2.2846E-01
-4.40520E-06,2.2748E-01
-4.40480E-06,2.2943E-01
-4.40440E-06,2.3139E-01
-4.40400E-06,2.2748E-01
-4.40360E-06,2.2943E-01
-4.40320E-06,2.3041E-01
-4.40280E-06,2.3139E-01
-4.40240E-06,2.2943E-01
-4.40200E-06,2.2943E-01
-4.40160E-06,2.3236E-01
-4.40120E-06,2.3041E-01
-4.40080E-06,2.2943E-01
-4.40040E-06,2.2846E-01
-4.40000E-06,2.3041E-01
-4.39960E-06,2.3236E-01
-4.39920E-06,2.3041E-01
-4.39880E-06,2.3041E-01
-4.39840E-06,2.3041E-01
-4.39800E-06,2.3041E-01
-4.39760E-06,2.3041E-01
-4.39720E-06,2.3139E-01
-4.39680E-06,2.2846E-01
-4.39640E-06,2.3334E-01
-4.39600E-06,2.3041E-01
-4.39560E-06,2.3041E-01
-4.39520E-06,2.3236E-01
-4.39480E-06,2.3041E-01
-4.39440E-06,2.3334E-01
-4.39400E-06,2.2846E-01
-4.39360E-06,2.3139E-01
-4.39320E-06,2.3041E-01
-4.39280E-06,2.3432E-01
-4.39240E-06,2.2943E-01
-4.39200E-06,2.2943E-01
-4.39160E-06,2.3041E-01
-4.39120E-06,2.2943E-01
-4.39080E-06,2.2846E-01
-4.39040E-06,2.3236E-01
-4.39000E-06,2.3041E-01
-4.38960E-06,2.3041E-01
-4.38920E-06,2.2748E-01
-4.38880E-06,2.3139E-01
-4.38840E-06,2.2846E-01
-4.38800E-06,2.3334E-01
-4.38760E-06,2.2846E-01
-4.38720E-06,2.3041E-01
-4.38680E-06,2.2846E-01
-4.38640E-06,2.2846E-01
-4.38600E-06,2.2943E-01
-4.38560E-06,2.2846E-01
-4.38520E-06,2.3041E-01
-4.38480E-06,2.2943E-01
-4.38440E-06,2.3236E-01
-4.38400E-06,2.3041E-01
-4.38360E-06,2.2943E-01
-4.38320E-06,2.2748E-01
-4.38280E-06,2.3334E-01
-4.38240E-06,2.3041E-01
-4.38200E-06,2.3041E-01
-4.38160E-06,2.3139E-01
-4.38120E-06,2.2846E-01
-4.38080E-06,2.3041E-01
-4.38040E-06,2.2650E-01
-4.38000E-06,2.2943E-01
-4.37960E-06,2.2748E-01
-4.37920E-06,2.2943E-01
-4.37880E-06,2.2748E-01
-4.37840E-06,2.2846E-01
-4.37800E-06,2.2943E-01
-4.37760E-06,2.2846E-01
-4.37720E-06,2.2846E-01
-4.37680E-06,2.3041E-01
-4.37640E-06,2.3041E-01
-4.37600E-06,2.3139E-01
-4.37560E-06,2.3041E-01
-4.37520E-06,2.2846E-01
-4.37480E-06,2.2748E-01
-4.37440E-06,2.3041E-01
-4.37400E-06,2.2748E-01
-4.37360E-06,2.2943E-01
-4.37320E-06,2.3041E-01
-4.37280E-06,2.3041E-01
-4.37240E-06,2.3041E-01
-4.37200E-06,2.2943E-01
-4.37160E-06,2.2846E-01
-4.37120E-06,2.2943E-01
-4.37080E-06,2.3041E-01
-4.37040E-06,2.2943E-01
-4.37000E-06,2.2943E-01
-4.36960E-06,2.3139E-01
-4.36920E-06,2.2748E-01
-4.36880E-06,2.3041E-01
-4.36840E-06,2.2455E-01
-4.36800E-06,2.3139E-01
-4.36760E-06,2.2748E-01
-4.36720E-06,2.3334E-01
-4.36680E-06,2.2943E-01
-4.36640E-06,2.2846E-01
-4.36600E-06,2.2748E-01
-4.36560E-06,2.2846E-01
-4.36520E-06,2.2846E-01
-4.36480E-06,2.2748E-01
-4.36440E-06,2.2846E-01
-4.36400E-06,2.2748E-01
-4.36360E-06,2.3334E-01
-4.36320E-06,2.3041E-01
-4.36280E-06,2.2846E-01
-4.36240E-06,2.3041E-01
-4.36200E-06,2.2846E-01
-4.36160E-06,2.3041E-01
-4.36120E-06,2.3139E-01
-4.36080E-06,2.2943E-01
-4.36040E-06,2.3041E-01
-4.36000E-06,2.2748E-01
-4.35960E-06,2.3334E-01
-4.35920E-06,2.2846E-01
-4.35880E-06,2.2846E-01
-4.35840E-06,2.2846E-01
-4.35800E-06,2.2748E-01
-4.35760E-06,2.2748E-01
-4.35720E-06,2.2943E-01
-4.35680E-06,2.2846E-01
-4.35640E-06,2.2748E-01
-4.35600E-06,2.3041E-01
-4.35560E-06,2.2943E-01
-4.35520E-06,2.2943E-01
-4.35480E-06,2.2846E-01
-4.35440E-06,2.2748E-01
-4.35400E-06,2.2748E-01
-4.35360E-06,2.2943E-01
-4.35320E-06,2.2846E-01
-4.35280E-06,2.2846E-01
-4.35240E-06,2.3041E-01
-4.35200E-06,2.2748E-01
-4.35160E-06,2.3334E-01
-4.35120E-06,2.2748E-01
-4.35080E-06,2.3041E-01
-4.35040E-06,2.3334E-01
-4.35000E-06,2.2943E-01
-4.34960E-06,2.2846E-01
-4.34920E-06,2.2846E-01
-4.34880E-06,2.3139E-01
-4.34840E-06,2.2846E-01
-4.34800E-06,2.2748E-01
-4.34760E-06,2.2748E-01
-4.34720E-06,2.3041E-01
-4.34680E-06,2.2943E-01
-4.34640E-06,2.2846E-01
-4.34600E-06,2.2943E-01
-4.34560E-06,2.3236E-01
-4.34520E-06,2.3041E-01
-4.34480E-06,2.3041E-01
-4.34440E-06,2.2846E-01
-4.34400E-06,2.2650E-01
-4.34360E-06,2.2650E-01
-4.34320E-06,2.2748E-01
-4.34280E-06,2.2650E-01
-4.34240E-06,2.3236E-01
-4.34200E-06,2.2748E-01
-4.34160E-06,2.3041E-01
-4.34120E-06,2.2748E-01
-4.34080E-06,2.3139E-01
-4.34040E-06,2.3041E-01
-4.34000E-06,2.2943E-01
-4.33960E-06,2.3041E-01
-4.33920E-06,2.2846E-01
-4.33880E-06,2.3041E-01
-4.33840E-06,2.2650E-01
-4.33800E-06,2.2650E-01
-4.33760E-06,2.2846E-01
-4.33720E-06,2.2846E-01
-4.33680E-06,2.2748E-01
-4.33640E-06,2.2943E-01
-4.33600E-06,2.3041E-01
-4.33560E-06,2.2943E-01
-4.33520E-06,2.2846E-01
-4.33480E-06,2.2943E-01
-4.33440E-06,2.2943E-01
-4.33400E-06,2.3236E-01
-4.33360E-06,2.3236E-01
-4.33320E-06,2.2846E-01
-4.33280E-06,2.2846E-01
-4.33240E-06,2.2748E-01
-4.33200E-06,2.2943E-01
-4.33160E-06,2.3041E-01
-4.33120E-06,2.2748E-01
-4.33080E-06,2.2650E-01
-4.33040E-06,2.2943E-01
-4.33000E-06,2.2748E-01
-4.32960E-06,2.2650E-01
-4.32920E-06,2.2748E-01
-4.32880E-06,2.2846E-01
-4.32840E-06,2.2650E-01
-4.32800E-06,2.3041E-01
-4.32760E-06,2.2846E-01
-4.32720E-06,2.3334E-01
-4.32680E-06,2.2748E-01
-4.32640E-06,2.2846E-01
-4.32600E-06,2.2748E-01
-4.32560E-06,2.2748E-01
-4.32520E-06,2.2943E-01
-4.32480E-06,2.3041E-01
-4.32440E-06,2.2748E-01
-4.32400E-06,2.3334E-01
-4.32360E-06,2.2455E-01
-4.32320E-06,2.3041E-01
-4.32280E-06,2.3432E-01
-4.32240E-06,2.2943E-01
-4.32200E-06,2.2748E-01
-4.32160E-06,2.2748E-01
-4.32120E-06,2.2748E-01
-4.32080E-06,2.3041E-01
-4.32040E-06,2.2748E-01
-4.32000E-06,2.3041E-01
-4.31960E-06,2.3432E-01
-4.31920E-06,2.2650E-01
-4.31880E-06,2.2846E-01
-4.31840E-06,2.2943E-01
-4.31800E-06,2.2748E-01
-4.31760E-06,2.2943E-01
-4.31720E-06,2.2553E-01
-4.31680E-06,2.3041E-01
-4.31640E-06,2.2553E-01
-4.31600E-06,2.2650E-01
-4.31560E-06,2.3041E-01
-4.31520E-06,2.2748E-01
-4.31480E-06,2.3041E-01
-4.31440E-06,2.2650E-01
-4.31400E-06,2.3236E-01
-4.31360E-06,2.2943E-01
-4.31320E-06,2.2943E-01
-4.31280E-06,2.3041E-01
-4.31240E-06,2.2943E-01
-4.31200E-06,2.3041E-01
-4.31160E-06,2.2846E-01
-4.31120E-06,2.3041E-01
-4.31080E-06,2.3041E-01
-4.31040E-06,2.3041E-01
-4.31000E-06,2.2846E-01
-4.30960E-06,2.2943E-01
-4.30920E-06,2.2943E-01
-4.30880E-06,2.2846E-01
-4.30840E-06,2.3041E-01
-4.30800E-06,2.3041E-01
-4.30760E-06,2.2846E-01
-4.30720E-06,2.2943E-01
-4.30680E-06,2.3236E-01
-4.30640E-06,2.3041E-01
-4.30600E-06,2.3139E-01
-4.30560E-06,2.3041E-01
-4.30520E-06,2.2943E-01
-4.30480E-06,2.3041E-01
-4.30440E-06,2.2943E-01
-4.30400E-06,2.2846E-01
-4.30360E-06,2.2650E-01
-4.30320E-06,2.2650E-01
-4.30280E-06,2.2650E-01
-4.30240E-06,2.2553E-01
-4.30200E-06,2.2553E-01
-4.30160E-06,2.2748E-01
-4.30120E-06,2.2846E-01
-4.30080E-06,2.2650E-01
-4.30040E-06,2.2748E-01
-4.30000E-06,2.2748E-01
-4.29960E-06,2.2846E-01
-4.29920E-06,2.2650E-01
-4.29880E-06,2.3139E-01
-4.29840E-06,2.3041E-01
-4.29800E-06,2.2943E-01
-4.29760E-06,2.2650E-01
-4.29720E-06,2.2846E-01
-4.29680E-06,2.2553E-01
-4.29640E-06,2.2650E-01
-4.29600E-06,2.2943E-01
-4.29560E-06,2.2650E-01
-4.29520E-06,2.2748E-01
-4.29480E-06,2.2748E-01
-4.29440E-06,2.2553E-01
-4.29400E-06,2.2748E-01
-4.29360E-06,2.2650E-01
-4.29320E-06,2.2650E-01
-4.29280E-06,2.2748E-01
-4.29240E-06,2.2943E-01
-4.29200E-06,2.3041E-01
-4.29160E-06,2.2846E-01
-4.29120E-06,2.2846E-01
-4.29080E-06,2.2943E-01
-4.29040E-06,2.2846E-01
-4.29000E-06,2.2650E-01
-4.28960E-06,2.2943E-01
-4.28920E-06,2.2943E-01
-4.28880E-06,2.2943E-01
-4.28840E-06,2.2943E-01
-4.28800E-06,2.2650E-01
-4.28760E-06,2.2846E-01
-4.28720E-06,2.2943E-01
-4.28680E-06,2.2846E-01
-4.28640E-06,2.3236E-01
-4.28600E-06,2.3041E-01
-4.28560E-06,2.3236E-01
-4.28520E-06,2.2846E-01
-4.28480E-06,2.2553E-01
-4.28440E-06,2.2650E-01
-4.28400E-06,2.2748E-01
-4.28360E-06,2.3041E-01
-4.28320E-06,2.2748E-01
-4.28280E-06,2.3041E-01
-4.28240E-06,2.2650E-01
-4.28200E-06,2.2943E-01
-4.28160E-06,2.2748E-01
-4.28120E-06,2.2846E-01
-4.28080E-06,2.3041E-01
-4.28040E-06,2.2748E-01
-4.28000E-06,2.2943E-01
-4.27960E-06,2.2748E-01
-4.27920E-06,2.2748E-01
-4.27880E-06,2.2650E-01
-4.27840E-06,2.3041E-01
-4.27800E-06,2.2553E-01
-4.27760E-06,2.3041E-01
-4.27720E-06,2.3041E-01
-4.27680E-06,2.2455E-01
-4.27640E-06,2.2650E-01
-4.27600E-06,2.2943E-01
-4.27560E-06,2.2943E-01
-4.27520E-06,2.2748E-01
-4.27480E-06,2.2553E-01
-4.27440E-06,2.2846E-01
-4.27400E-06,2.2650E-01
-4.27360E-06,2.2748E-01
-4.27320E-06,2.2650E-01
-4.27280E-06,2.2846E-01
-4.27240E-06,2.2748E-01
-4.27200E-06,2.3139E-01
-4.27160E-06,2.2943E-01
-4.27120E-06,2.2748E-01
-4.27080E-06,2.2846E-01
-4.27040E-06,2.2943E-01
-4.27000E-06,2.2943E-01
-4.26960E-06,2.2748E-01
-4.26920E-06,2.2943E-01
-4.26880E-06,2.2748E-01
-4.26840E-06,2.3334E-01
-4.26800E-06,2.2846E-01
-4.26760E-06,2.3334E-01
-4.26720E-06,2.2455E-01
-4.26680E-06,2.2748E-01
-4.26640E-06,2.2846E-01
-4.26600E-06,2.2943E-01
-4.26560E-06,2.3041E-01
-4.26520E-06,2.2943E-01
-4.26480E-06,2.2943E-01
-4.26440E-06,2.2748E-01
-4.26400E-06,2.2748E-01
-4.26360E-06,2.2748E-01
-4.26320E-06,2.2650E-01
-4.26280E-06,2.2846E-01
-4.26240E-06,2.2846E-01
-4.26200E-06,2.2943E-01
-4.26160E-06,2.2943E-01
-4.26120E-06,2.2846E-01
-4.26080E-06,2.3041E-01
-4.26040E-06,2.2846E-01
-4.26000E-06,2.2650E-01
-4.25960E-06,2.2846E-01
-4.25920E-06,2.2748E-01
-4.25880E-06,2.2748E-01
-4.25840E-06,2.2846E-01
-4.25800E-06,2.2650E-01
-4.25760E-06,2.2748E-01
-4.25720E-06,2.2650E-01
-4.25680E-06,2.2943E-01
-4.25640E-06,2.2650E-01
-4.25600E-06,2.2748E-01
-4.25560E-06,2.2748E-01
-4.25520E-06,2.2846E-01
-4.25480E-06,2.2943E-01
-4.25440E-06,2.2748E-01
-4.25400E-06,2.3041E-01
-4.25360E-06,2.3041E-01
-4.25320E-06,2.2553E-01
-4.25280E-06,2.2748E-01
-4.25240E-06,2.2748E-01
-4.25200E-06,2.2553E-01
-4.25160E-06,2.2846E-01
-4.25120E-06,2.2553E-01
-4.25080E-06,2.2748E-01
-4.25040E-06,2.2943E-01
-4.25000E-06,2.2943E-01
-4.24960E-06,2.2846E-01
-4.24920E-06,2.2748E-01
-4.24880E-06,2.3139E-01
-4.24840E-06,2.3139E-01
-4.24800E-06,2.2748E-01
-4.24760E-06,2.2943E-01
-4.24720E-06,2.2943E-01
-4.24680E-06,2.2748E-01
-4.24640E-06,2.3139E-01
-4.24600E-06,2.2748E-01
-4.24560E-06,2.2846E-01
-4.24520E-06,2.2748E-01
-4.24480E-06,2.3041E-01
-4.24440E-06,2.2748E-01
-4.24400E-06,2.2846E-01
-4.24360E-06,2.3041E-01
-4.24320E-06,2.2553E-01
-4.24280E-06,2.2650E-01
-4.24240E-06,2.2650E-01
-4.24200E-06,2.2943E-01
-4.24160E-06,2.2650E-01
-4.24120E-06,2.2943E-01
-4.24080E-06,2.2846E-01
-4.24040E-06,2.3041E-01
-4.24000E-06,2.3041E-01
-4.23960E-06,2.2846E-01
-4.23920E-06,2.2846E-01
-4.23880E-06,2.2650E-01
-4.23840E-06,2.2846E-01
-4.23800E-06,2.2748E-01
-4.23760E-06,2.2846E-01
-4.23720E-06,2.2748E-01
-4.23680E-06,2.3041E-01
-4.23640E-06,2.2943E-01
-4.23600E-06,2.2650E-01
-4.23560E-06,2.2943E-01
-4.23520E-06,2.2748E-01
-4.23480E-06,2.2748E-01
-4.23440E-06,2.3041E-01
-4.23400E-06,2.2846E-01
-4.23360E-06,2.2748E-01
-4.23320E-06,2.2846E-01
-4.23280E-06,2.2943E-01
-4.23240E-06,2.2943E-01
-4.23200E-06,2.2846E-01
-4.23160E-06,2.2943E-01
-4.23120E-06,2.2943E-01
-4.23080E-06,2.2846E-01
-4.23040E-06,2.2846E-01
-4.23000E-06,2.3041E-01
-4.22960E-06,2.2943E-01
-4.22920E-06,2.3236E-01
-4.22880E-06,2.2748E-01
-4.22840E-06,2.2943E-01
-4.22800E-06,2.3041E-01
-4.22760E-06,2.2650E-01
-4.22720E-06,2.2748E-01
-4.22680E-06,2.2650E-01
-4.22640E-06,2.2650E-01
-4.22600E-06,2.2748E-01
-4.22560E-06,2.2650E-01
-4.22520E-06,2.2748E-01
-4.22480E-06,2.3139E-01
-4.22440E-06,2.3041E-01
-4.22400E-06,2.3139E-01
-4.22360E-06,2.2846E-01
-4.22320E-06,2.2846E-01
-4.22280E-06,2.3139E-01
-4.22240E-06,2.3041E-01
-4.22200E-06,2.2943E-01
-4.22160E-06,2.3334E-01
-4.22120E-06,2.3041E-01
-4.22080E-06,2.2748E-01
-4.22040E-06,2.2748E-01
-4.22000E-06,2.2943E-01
-4.21960E-06,2.2650E-01
-4.21920E-06,2.2943E-01
-4.21880E-06,2.3041E-01
-4.21840E-06,2.2748E-01
-4.21800E-06,2.3334E-01
-4.21760E-06,2.2455E-01
-4.21720E-06,2.2748E-01
-4.21680E-06,2.2943E-01
-4.21640E-06,2.2943E-01
-4.21600E-06,2.3041E-01
-4.21560E-06,2.2846E-01
-4.21520E-06,2.3041E-01
-4.21480E-06,2.2650E-01
-4.21440E-06,2.3041E-01
-4.21400E-06,2.2748E-01
-4.21360E-06,2.2943E-01
-4.21320E-06,2.2846E-01
-4.21280E-06,2.2846E-01
-4.21240E-06,2.2943E-01
-4.21200E-06,2.2650E-01
-4.21160E-06,2.2943E-01
-4.21120E-06,2.2846E-01
-4.21080E-06,2.2943E-01
-4.21040E-06,2.3041E-01
-4.21000E-06,2.2846E-01
-4.20960E-06,2.2846E-01
-4.20920E-06,2.2846E-01
-4.20880E-06,2.2943E-01
-4.20840E-06,2.2455E-01
-4.20800E-06,2.3041E-01
-4.20760E-06,2.2748E-01
-4.20720E-06,2.2846E-01
-4.20680E-06,2.3041E-01
-4.20640E-06,2.2846E-01
-4.20600E-06,2.2943E-01
-4.20560E-06,2.2846E-01
-4.20520E-06,2.3041E-01
-4.20480E-06,2.2748E-01
-4.20440E-06,2.2748E-01
-4.20400E-06,2.2846E-01
-4.20360E-06,2.2748E-01
-4.20320E-06,2.2650E-01
-4.20280E-06,2.2846E-01
-4.20240E-06,2.2846E-01
-4.20200E-06,2.2943E-01
-4.20160E-06,2.2943E-01
-4.20120E-06,2.3041E-01
-4.20080E-06,2.2846E-01
-4.20040E-06,2.2943E-01
-4.20000E-06,2.2943E-01
-4.19960E-06,2.2943E-01
-4.19920E-06,2.2943E-01
-4.19880E-06,2.2553E-01
-4.19840E-06,2.2748E-01
-4.19800E-06,2.2553E-01
-4.19760E-06,2.2748E-01
-4.19720E-06,2.3041E-01
-4.19680E-06,2.2553E-01
-4.19640E-06,2.3139E-01
-4.19600E-06,2.3041E-01
-4.19560E-06,2.2943E-01
-4.19520E-06,2.3041E-01
-4.19480E-06,2.2748E-01
-4.19440E-06,2.2846E-01
-4.19400E-06,2.2650E-01
-4.19360E-06,2.2943E-01
-4.19320E-06,2.2846E-01
-4.19280E-06,2.3236E-01
-4.19240E-06,2.2943E-01
-4.19200E-06,2.2455E-01
-4.19160E-06,2.2748E-01
-4.19120E-06,2.2943E-01
-4.19080E-06,2.3041E-01
-4.19040E-06,2.2846E-01
-4.19000E-06,2.2748E-01
-4.18960E-06,2.2943E-01
-4.18920E-06,2.2748E-01
-4.18880E-06,2.2846E-01
-4.18840E-06,2.2748E-01
-4.18800E-06,2.2553E-01
-4.18760E-06,2.2748E-01
-4.18720E-06,2.3041E-01
-4.18680E-06,2.2846E-01
-4.18640E-06,2.2943E-01
-4.18600E-06,2.2748E-01
-4.18560E-06,2.2943E-01
-4.18520E-06,2.2748E-01
-4.18480E-06,2.2650E-01
-4.18440E-06,2.2943E-01
-4.18400E-06,2.2650E-01
-4.18360E-06,2.2650E-01
-4.18320E-06,2.3041E-01
-4.18280E-06,2.2748E-01
-4.18240E-06,2.2553E-01
-4.18200E-06,2.2748E-01
-4.18160E-06,2.3041E-01
-4.18120E-06,2.2943E-01
-4.18080E-06,2.3041E-01
-4.18040E-06,2.2748E-01
-4.18000E-06,2.2650E-01
-4.17960E-06,2.3041E-01
-4.17920E-06,2.2846E-01
-4.17880E-06,2.3139E-01
-4.17840E-06,2.3041E-01
-4.17800E-06,2.3041E-01
-4.17760E-06,2.2846E-01
-4.17720E-06,2.2748E-01
-4.17680E-06,2.3041E-01
-4.17640E-06,2.2943E-01
-4.17600E-06,2.2748E-01
-4.17560E-06,2.2943E-01
-4.17520E-06,2.2943E-01
-4.17480E-06,2.2943E-01
-4.17440E-06,2.2846E-01
-4.17400E-06,2.3236E-01
-4.17360E-06,2.2650E-01
-4.17320E-06,2.3041E-01
-4.17280E-06,2.2553E-01
-4.17240E-06,2.2650E-01
-4.17200E-06,2.2553E-01
-4.17160E-06,2.2943E-01
-4.17120E-06,2.2650E-01
-4.17080E-06,2.2943E-01
-4.17040E-06,2.3041E-01
-4.17000E-06,2.2943E-01
-4.16960E-06,2.3041E-01
-4.16920E-06,2.2650E-01
-4.16880E-06,2.2748E-01
-4.16840E-06,2.2650E-01
-4.16800E-06,2.2846E-01
-4.16760E-06,2.2748E-01
-4.16720E-06,2.2748E-01
-4.16680E-06,2.2748E-01
-4.16640E-06,2.2650E-01
-4.16600E-06,2.3041E-01
-4.16560E-06,2.2650E-01
-4.16520E-06,2.2553E-01
-4.16480E-06,2.2748E-01
-4.16440E-06,2.2650E-01
-4.16400E-06,2.3139E-01
-4.16360E-06,2.2846E-01
-4.16320E-06,2.3041E-01
-4.16280E-06,2.2748E-01
-4.16240E-06,2.2748E-01
-4.16200E-06,2.2943E-01
-4.16160E-06,2.2748E-01
-4.16120E-06,2.2553E-01
-4.16080E-06,2.2846E-01
-4.16040E-06,2.3041E-01
-4.16000E-06,2.2943E-01
-4.15960E-06,2.2748E-01
-4.15920E-06,2.2748E-01
-4.15880E-06,2.3041E-01
-4.15840E-06,2.2748E-01
-4.15800E-06,2.2748E-01
-4.15760E-06,2.3041E-01
-4.15720E-06,2.2650E-01
-4.15680E-06,2.2650E-01
-4.15640E-06,2.2943E-01
-4.15600E-06,2.2553E-01
-4.15560E-06,2.2650E-01
-4.15520E-06,2.2748E-01
-4.15480E-06,2.3041E-01
-4.15440E-06,2.3139E-01
-4.15400E-06,2.2748E-01
-4.15360E-06,2.2650E-01
-4.15320E-06,2.2943E-01
-4.15280E-06,2.3041E-01
-4.15240E-06,2.3041E-01
-4.15200E-06,2.2553E-01
-4.15160E-06,2.3139E-01
-4.15120E-06,2.2943E-01
-4.15080E-06,2.2748E-01
-4.15040E-06,2.3139E-01
-4.15000E-06,2.2943E-01
-4.14960E-06,2.2943E-01
-4.14920E-06,2.2650E-01
-4.14880E-06,2.2748E-01
-4.14840E-06,2.2943E-01
-4.14800E-06,2.2846E-01
-4.14760E-06,2.3041E-01
-4.14720E-06,2.2553E-01
-4.14680E-06,2.2846E-01
-4.14640E-06,2.3041E-01
-4.14600E-06,2.2943E-01
-4.14560E-06,2.2748E-01
-4.14520E-06,2.2650E-01
-4.14480E-06,2.2748E-01
-4.14440E-06,2.2846E-01
-4.14400E-06,2.2748E-01
-4.14360E-06,2.2455E-01
-4.14320E-06,2.2748E-01
-4.14280E-06,2.2748E-01
-4.14240E-06,2.3041E-01
-4.14200E-06,2.2846E-01
-4.14160E-06,2.2650E-01
-4.14120E-06,2.3139E-01
-4.14080E-06,2.2455E-01
-4.14040E-06,2.2943E-01
-4.14000E-06,2.2846E-01
-4.13960E-06,2.3041E-01
-4.13920E-06,2.2943E-01
-4.13880E-06,2.2748E-01
-4.13840E-06,2.3139E-01
-4.13800E-06,2.2748E-01
-4.13760E-06,2.2748E-01
-4.13720E-06,2.2943E-01
-4.13680E-06,2.2650E-01
-4.13640E-06,2.2943E-01
-4.13600E-06,2.3139E-01
-4.13560E-06,2.2846E-01
-4.13520E-06,2.2846E-01
-4.13480E-06,2.2846E-01
-4.13440E-06,2.2650E-01
-4.13400E-06,2.3041E-01
-4.13360E-06,2.3041E-01
-4.13320E-06,2.3041E-01
-4.13280E-06,2.3236E-01
-4.13240E-06,2.2650E-01
-4.13200E-06,2.2943E-01
-4.13160E-06,2.2846E-01
-4.13120E-06,2.2748E-01
-4.13080E-06,2.2846E-01
-4.13040E-06,2.2650E-01
-4.13000E-06,2.2846E-01
-4.12960E-06,2.2748E-01
-4.12920E-06,2.2748E-01
-4.12880E-06,2.2943E-01
-4.12840E-06,2.2846E-01
-4.12800E-06,2.2943E-01
-4.12760E-06,2.2748E-01
-4.12720E-06,2.2650E-01
-4.12680E-06,2.2943E-01
-4.12640E-06,2.2650E-01
-4.12600E-06,2.2748E-01
-4.12560E-06,2.2846E-01
-4.12520E-06,2.2846E-01
-4.12480E-06,2.2943E-01
-4.12440E-06,2.2943E-01
-4.12400E-06,2.2846E-01
-4.12360E-06,2.2846E-01
-4.12320E-06,2.2943E-01
-4.12280E-06,2.2553E-01
-4.12240E-06,2.2650E-01
-4.12200E-06,2.2846E-01
-4.12160E-06,2.2846E-01
-4.12120E-06,2.3139E-01
-4.12080E-06,2.2943E-01
-4.12040E-06,2.2650E-01
-4.12000E-06,2.2748E-01
-4.11960E-06,2.2650E-01
-4.11920E-06,2.2943E-01
-4.11880E-06,2.2846E-01
-4.11840E-06,2.2748E-01
-4.11800E-06,2.2748E-01
-4.11760E-06,2.3041E-01
-4.11720E-06,2.2455E-01
-4.11680E-06,2.3041E-01
-4.11640E-06,2.2748E-01
-4.11600E-06,2.2943E-01
-4.11560E-06,2.2846E-01
-4.11520E-06,2.2943E-01
-4.11480E-06,2.3041E-01
-4.11440E-06,2.2748E-01
-4.11400E-06,2.3236E-01
-4.11360E-06,2.2846E-01
-4.11320E-06,2.2748E-01
-4.11280E-06,2.3041E-01
-4.11240E-06,2.2846E-01
-4.11200E-06,2.2650E-01
-4.11160E-06,2.2650E-01
-4.11120E-06,2.2455E-01
-4.11080E-06,2.2748E-01
-4.11040E-06,2.2650E-01
-4.11000E-06,2.2748E-01
-4.10960E-06,2.3041E-01
-4.10920E-06,2.3041E-01
-4.10880E-06,2.2846E-01
-4.10840E-06,2.2846E-01
-4.10800E-06,2.2846E-01
-4.10760E-06,2.2943E-01
-4.10720E-06,2.2943E-01
-4.10680E-06,2.3139E-01
-4.10640E-06,2.2943E-01
-4.10600E-06,2.2748E-01
-4.10560E-06,2.3041E-01
-4.10520E-06,2.2650E-01
-4.10480E-06,2.2650E-01
-4.10440E-06,2.3041E-01
-4.10400E-06,2.2846E-01
-4.10360E-06,2.3041E-01
-4.10320E-06,2.2748E-01
-4.10280E-06,2.2943E-01
-4.10240E-06,2.2650E-01
-4.10200E-06,2.2846E-01
-4.10160E-06,2.2748E-01
-4.10120E-06,2.2748E-01
-4.10080E-06,2.3041E-01
-4.10040E-06,2.2748E-01
-4.10000E-06,2.2748E-01
-4.09960E-06,2.2748E-01
-4.09920E-06,2.2943E-01
-4.09880E-06,2.2748E-01
-4.09840E-06,2.3139E-01
-4.09800E-06,2.2943E-01
-4.09760E-06,2.2846E-01
-4.09720E-06,2.2943E-01
-4.09680E-06,2.2846E-01
-4.09640E-06,2.2943E-01
-4.09600E-06,2.2846E-01
-4.09560E-06,2.3139E-01
-4.09520E-06,2.2846E-01
-4.09480E-06,2.3334E-01
-4.09440E-06,2.2846E-01
-4.09400E-06,2.2650E-01
-4.09360E-06,2.3236E-01
-4.09320E-06,2.3041E-01
-4.09280E-06,2.2650E-01
-4.09240E-06,2.2846E-01
-4.09200E-06,2.2943E-01
-4.09160E-06,2.3236E-01
-4.09120E-06,2.3041E-01
-4.09080E-06,2.2748E-01
-4.09040E-06,2.2553E-01
-4.09000E-06,2.2846E-01
-4.08960E-06,2.2748E-01
-4.08920E-06,2.3041E-01
-4.08880E-06,2.2846E-01
-4.08840E-06,2.2748E-01
-4.08800E-06,2.3236E-01
-4.08760E-06,2.2748E-01
-4.08720E-06,2.2650E-01
-4.08680E-06,2.2846E-01
-4.08640E-06,2.2748E-01
-4.08600E-06,2.3236E-01
-4.08560E-06,2.2943E-01
-4.08520E-06,2.3041E-01
-4.08480E-06,2.2846E-01
-4.08440E-06,2.3041E-01
-4.08400E-06,2.2650E-01
-4.08360E-06,2.2650E-01
-4.08320E-06,2.2846E-01
-4.08280E-06,2.3041E-01
-4.08240E-06,2.2943E-01
-4.08200E-06,2.2748E-01
-4.08160E-06,2.2748E-01
-4.08120E-06,2.2650E-01
-4.08080E-06,2.3041E-01
-4.08040E-06,2.3041E-01
-4.08000E-06,2.2553E-01
-4.07960E-06,2.2943E-01
-4.07920E-06,2.2846E-01
-4.07880E-06,2.2943E-01
-4.07840E-06,2.3041E-01
-4.07800E-06,2.2846E-01
-4.07760E-06,2.3139E-01
-4.07720E-06,2.2943E-01
-4.07680E-06,2.2748E-01
-4.07640E-06,2.2943E-01
-4.07600E-06,2.2748E-01
-4.07560E-06,2.2846E-01
-4.07520E-06,2.2943E-01
-4.07480E-06,2.2748E-01
-4.07440E-06,2.2650E-01
-4.07400E-06,2.2650E-01
-4.07360E-06,2.2846E-01
-4.07320E-06,2.2650E-01
-4.07280E-06,2.3041E-01
-4.07240E-06,2.2650E-01
-4.07200E-06,2.3041E-01
-4.07160E-06,2.2943E-01
-4.07120E-06,2.2943E-01
-4.07080E-06,2.3041E-01
-4.07040E-06,2.2357E-01
-4.07000E-06,2.2650E-01
-4.06960E-06,2.3041E-01
-4.06920E-06,2.2650E-01
-4.06880E-06,2.2846E-01
-4.06840E-06,2.3041E-01
-4.06800E-06,2.2943E-01
-4.06760E-06,2.2943E-01
-4.06720E-06,2.2748E-01
-4.06680E-06,2.3236E-01
-4.06640E-06,2.2846E-01
-4.06600E-06,2.2846E-01
-4.06560E-06,2.2650E-01
-4.06520E-06,2.2748E-01
-4.06480E-06,2.2748E-01
-4.06440E-06,2.3041E-01
-4.06400E-06,2.2748E-01
-4.06360E-06,2.2846E-01
-4.06320E-06,2.2650E-01
-4.06280E-06,2.3041E-01
-4.06240E-06,2.3041E-01
-4.06200E-06,2.2748E-01
-4.06160E-06,2.2846E-01
-4.06120E-06,2.2748E-01
-4.06080E-06,2.3139E-01
-4.06040E-06,2.2748E-01
-4.06000E-06,2.2846E-01
-4.05960E-06,2.2650E-01
-4.05920E-06,2.2748E-01
-4.05880E-06,2.2846E-01
-4.05840E-06,2.2748E-01
-4.05800E-06,2.2943E-01
-4.05760E-06,2.2748E-01
-4.05720E-06,2.2846E-01
-4.05680E-06,2.3041E-01
-4.05640E-06,2.2748E-01
-4.05600E-06,2.2650E-01
-4.05560E-06,2.2748E-01
-4.05520E-06,2.2748E-01
-4.05480E-06,2.3041E-01
-4.05440E-06,2.3139E-01
-4.05400E-06,2.2650E-01
-4.05360E-06,2.2748E-01
-4.05320E-06,2.2846E-01
-4.05280E-06,2.2943E-01
-4.05240E-06,2.2943E-01
-4.05200E-06,2.2650E-01
-4.05160E-06,2.2846E-01
-4.05120E-06,2.2846E-01
-4.05080E-06,2.2748E-01
-4.05040E-06,2.3041E-01
-4.05000E-06,2.3236E-01
-4.04960E-06,2.2846E-01
-4.04920E-06,2.2748E-01
-4.04880E-06,2.2748E-01
-4.04840E-06,2.2553E-01
-4.04800E-06,2.2553E-01
-4.04760E-06,2.2455E-01
-4.04720E-06,2.3139E-01
-4.04680E-06,2.3041E-01
-4.04640E-06,2.2846E-01
-4.04600E-06,2.2748E-01
-4.04560E-06,2.2553E-01
-4.04520E-06,2.2553E-01
-4.04480E-06,2.2846E-01
-4.04440E-06,2.2748E-01
-4.04400E-06,2.2943E-01
-4.04360E-06,2.2943E-01
-4.04320E-06,2.2650E-01
-4.04280E-06,2.2846E-01
-4.04240E-06,2.3041E-01
-4.04200E-06,2.2748E-01
-4.04160E-06,2.3236E-01
-4.04120E-06,2.2943E-01
-4.04080E-06,2.2650E-01
-4.04040E-06,2.2846E-01
-4.04000E-06,2.2943E-01
-4.03960E-06,2.2846E-01
-4.03920E-06,2.2846E-01
-4.03880E-06,2.3041E-01
-4.03840E-06,2.3041E-01
-4.03800E-06,2.2943E-01
-4.03760E-06,2.2846E-01
-4.03720E-06,2.2943E-01
-4.03680E-06,2.2846E-01
-4.03640E-06,2.2846E-01
-4.03600E-06,2.2943E-01
-4.03560E-06,2.2650E-01
-4.03520E-06,2.2455E-01
-4.03480E-06,2.2846E-01
-4.03440E-06,2.2943E-01
-4.03400E-06,2.2943E-01
-4.03360E-06,2.2357E-01
-4.03320E-06,2.3041E-01
-4.03280E-06,2.2650E-01
-4.03240E-06,2.2846E-01
-4.03200E-06,2.2943E-01
-4.03160E-06,2.2553E-01
-4.03120E-06,2.2748E-01
-4.03080E-06,2.2748E-01
-4.03040E-06,2.2846E-01
-4.03000E-06,2.2943E-01
-4.02960E-06,2.3041E-01
-4.02920E-06,2.2943E-01
-4.02880E-06,2.3139E-01
-4.02840E-06,2.2748E-01
-4.02800E-06,2.2943E-01
-4.02760E-06,2.2553E-01
-4.02720E-06,2.3041E-01
-4.02680E-06,2.2748E-01
-4.02640E-06,2.2943E-01
-4.02600E-06,2.3041E-01
-4.02560E-06,2.2748E-01
-4.02520E-06,2.2748E-01
-4.02480E-06,2.2943E-01
-4.02440E-06,2.2650E-01
-4.02400E-06,2.2748E-01
-4.02360E-06,2.2650E-01
-4.02320E-06,2.2943E-01
-4.02280E-06,2.2553E-01
-4.02240E-06,2.2455E-01
-4.02200E-06,2.2943E-01
-4.02160E-06,2.2846E-01
-4.02120E-06,2.2650E-01
-4.02080E-06,2.3041E-01
-4.02040E-06,2.2846E-01
-4.02000E-06,2.2650E-01
-4.01960E-06,2.2846E-01
-4.01920E-06,2.2455E-01
-4.01880E-06,2.2846E-01
-4.01840E-06,2.2553E-01
-4.01800E-06,2.2748E-01
-4.01760E-06,2.3236E-01
-4.01720E-06,2.2943E-01
-4.01680E-06,2.2748E-01
-4.01640E-06,2.3041E-01
-4.01600E-06,2.3041E-01
-4.01560E-06,2.2748E-01
-4.01520E-06,2.2553E-01
-4.01480E-06,2.2748E-01
-4.01440E-06,2.2943E-01
-4.01400E-06,2.2943E-01
-4.01360E-06,2.2748E-01
-4.01320E-06,2.2748E-01
-4.01280E-06,2.2943E-01
-4.01240E-06,2.3041E-01
-4.01200E-06,2.2748E-01
-4.01160E-06,2.2846E-01
-4.01120E-06,2.2846E-01
-4.01080E-06,2.2357E-01
-4.01040E-06,2.2748E-01
-4.01000E-06,2.3041E-01
-4.00960E-06,2.2748E-01
-4.00920E-06,2.2748E-01
-4.00880E-06,2.2943E-01
-4.00840E-06,2.3041E-01
-4.00800E-06,2.3041E-01
-4.00760E-06,2.3041E-01
-4.00720E-06,2.2943E-01
-4.00680E-06,2.2748E-01
-4.00640E-06,2.2748E-01
-4.00600E-06,2.3139E-01
-4.00560E-06,2.2846E-01
-4.00520E-06,2.2748E-01
-4.00480E-06,2.2455E-01
-4.00440E-06,2.2748E-01
-4.00400E-06,2.3139E-01
-4.00360E-06,2.2748E-01
-4.00320E-06,2.2748E-01
-4.00280E-06,2.3041E-01
-4.00240E-06,2.2748E-01
-4.00200E-06,2.2455E-01
-4.00160E-06,2.2846E-01
-4.00120E-06,2.2846E-01
-4.00080E-06,2.2748E-01
-4.00040E-06,2.2846E-01
-4.00000E-06,2.2650E-01
-3.99960E-06,2.2748E-01
-3.99920E-06,2.2650E-01
-3.99880E-06,2.2943E-01
-3.99840E-06,2.2846E-01
-3.99800E-06,2.2650E-01
-3.99760E-06,2.2846E-01
-3.99720E-06,2.2650E-01
-3.99680E-06,2.2748E-01
-3.99640E-06,2.2748E-01
-3.99600E-06,2.2846E-01
-3.99560E-06,2.2650E-01
-3.99520E-06,2.2846E-01
-3.99480E-06,2.2455E-01
-3.99440E-06,2.2846E-01
-3.99400E-06,2.2943E-01
-3.99360E-06,2.2748E-01
-3.99320E-06,2.2943E-01
-3.99280E-06,2.2846E-01
-3.99240E-06,2.2748E-01
-3.99200E-06,2.2748E-01
-3.99160E-06,2.2748E-01
-3.99120E-06,2.2846E-01
-3.99080E-06,2.2846E-01
-3.99040E-06,2.2846E-01
-3.99000E-06,2.2650E-01
-3.98960E-06,2.2943E-01
-3.98920E-06,2.2943E-01
-3.98880E-06,2.2455E-01
-3.98840E-06,2.3139E-01
-3.98800E-06,2.2943E-01
-3.98760E-06,2.2943E-01
-3.98720E-06,2.2455E-01
-3.98680E-06,2.2553E-01
-3.98640E-06,2.2553E-01
-3.98600E-06,2.2748E-01
-3.98560E-06,2.2650E-01
-3.98520E-06,2.2748E-01
-3.98480E-06,2.2748E-01
-3.98440E-06,2.2455E-01
-3.98400E-06,2.2650E-01
-3.98360E-06,2.2748E-01
-3.98320E-06,2.2455E-01
-3.98280E-06,2.2455E-01
-3.98240E-06,2.2846E-01
-3.98200E-06,2.2943E-01
-3.98160E-06,2.2650E-01
-3.98120E-06,2.3041E-01
-3.98080E-06,2.2943E-01
-3.98040E-06,2.2650E-01
-3.98000E-06,2.2943E-01
-3.97960E-06,2.2748E-01
-3.97920E-06,2.2846E-01
-3.97880E-06,2.2748E-01
-3.97840E-06,2.2748E-01
-3.97800E-06,2.2650E-01
-3.97760E-06,2.2846E-01
-3.97720E-06,2.2846E-01
-3.97680E-06,2.2943E-01
-3.97640E-06,2.2943E-01
-3.97600E-06,2.2846E-01
-3.97560E-06,2.2553E-01
-3.97520E-06,2.2846E-01
-3.97480E-06,2.2943E-01
-3.97440E-06,2.2748E-01
-3.97400E-06,2.2943E-01
-3.97360E-06,2.2748E-01
-3.97320E-06,2.3041E-01
-3.97280E-06,2.2846E-01
-3.97240E-06,2.2748E-01
-3.97200E-06,2.2943E-01
-3.97160E-06,2.2846E-01
-3.97120E-06,2.2748E-01
-3.97080E-06,2.2943E-01
-3.97040E-06,2.3041E-01
-3.97000E-06,2.3139E-01
-3.96960E-06,2.3041E-01
-3.96920E-06,2.2943E-01
-3.96880E-06,2.3139E-01
-3.96840E-06,2.2846E-01
-3.96800E-06,2.2943E-01
-3.96760E-06,2.2650E-01
-3.96720E-06,2.2650E-01
-3.96680E-06,2.2943E-01
-3.96640E-06,2.3334E-01
-3.96600E-06,2.2846E-01
-3.96560E-06,2.2943E-01
-3.96520E-06,2.2943E-01
-3.96480E-06,2.2748E-01
-3.96440E-06,2.2846E-01
-3.96400E-06,2.2846E-01
-3.96360E-06,2.3041E-01
-3.96320E-06,2.2748E-01
-3.96280E-06,2.2943E-01
-3.96240E-06,2.2846E-01
-3.96200E-06,2.2943E-01
-3.96160E-06,2.2650E-01
-3.96120E-06,2.2943E-01
-3.96080E-06,2.3041E-01
-3.96040E-06,2.3236E-01
-3.96000E-06,2.2748E-01
-3.95960E-06,2.2748E-01
-3.95920E-06,2.2943E-01
-3.95880E-06,2.2748E-01
-3.95840E-06,2.3041E-01
-3.95800E-06,2.2943E-01
-3.95760E-06,2.2943E-01
-3.95720E-06,2.2943E-01
-3.95680E-06,2.2748E-01
-3.95640E-06,2.2553E-01
-3.95600E-06,2.3041E-01
-3.95560E-06,2.2846E-01
-3.95520E-06,2.2748E-01
-3.95480E-06,2.2943E-01
-3.95440E-06,2.2943E-01
-3.95400E-06,2.2846E-01
-3.95360E-06,2.3041E-01
-3.95320E-06,2.2943E-01
-3.95280E-06,2.2650E-01
-3.95240E-06,2.2748E-01
-3.95200E-06,2.3236E-01
-3.95160E-06,2.2943E-01
-3.95120E-06,2.2748E-01
-3.95080E-06,2.2943E-01
-3.95040E-06,2.2943E-01
-3.95000E-06,2.2846E-01
-3.94960E-06,2.2748E-01
-3.94920E-06,2.2748E-01
-3.94880E-06,2.2846E-01
-3.94840E-06,2.2748E-01
-3.94800E-06,2.2748E-01
-3.94760E-06,2.3236E-01
-3.94720E-06,2.3041E-01
-3.94680E-06,2.2748E-01
-3.94640E-06,2.2846E-01
-3.94600E-06,2.2846E-01
-3.94560E-06,2.2748E-01
-3.94520E-06,2.2846E-01
-3.94480E-06,2.2650E-01
-3.94440E-06,2.2748E-01
-3.94400E-06,2.2943E-01
-3.94360E-06,2.2846E-01
-3.94320E-06,2.2943E-01
-3.94280E-06,2.2748E-01
-3.94240E-06,2.2846E-01
-3.94200E-06,2.2846E-01
-3.94160E-06,2.2650E-01
-3.94120E-06,2.3041E-01
-3.94080E-06,2.3236E-01
-3.94040E-06,2.3236E-01
-3.94000E-06,2.3041E-01
-3.93960E-06,2.2748E-01
-3.93920E-06,2.2650E-01
-3.93880E-06,2.2943E-01
-3.93840E-06,2.2943E-01
-3.93800E-06,2.2943E-01
-3.93760E-06,2.3236E-01
-3.93720E-06,2.3041E-01
-3.93680E-06,2.2748E-01
-3.93640E-06,2.2943E-01
-3.93600E-06,2.2943E-01
-3.93560E-06,2.2748E-01
-3.93520E-06,2.2943E-01
-3.93480E-06,2.2943E-01
-3.93440E-06,2.3041E-01
-3.93400E-06,2.2748E-01
-3.93360E-06,2.2943E-01
-3.93320E-06,2.2748E-01
-3.93280E-06,2.3041E-01
-3.93240E-06,2.2846E-01
-3.93200E-06,2.2943E-01
-3.93160E-06,2.2748E-01
-3.93120E-06,2.3041E-01
-3.93080E-06,2.3041E-01
-3.93040E-06,2.2650E-01
-3.93000E-06,2.2846E-01
-3.92960E-06,2.2943E-01
-3.92920E-06,2.3139E-01
-3.92880E-06,2.3041E-01
-3.92840E-06,2.3041E-01
-3.92800E-06,2.3041E-01
-3.92760E-06,2.3041E-01
-3.92720E-06,2.2943E-01
-3.92680E-06,2.2748E-01
-3.92640E-06,2.2748E-01
-3.92600E-06,2.2943E-01
-3.92560E-06,2.3041E-01
-3.92520E-06,2.2943E-01
-3.92480E-06,2.3041E-01
-3.92440E-06,2.3041E-01
-3.92400E-06,2.3139E-01
-3.92360E-06,2.3236E-01
-3.92320E-06,2.2943E-01
-3.92280E-06,2.2553E-01
-3.92240E-06,2.2846E-01
-3.92200E-06,2.2943E-01
-3.92160E-06,2.2748E-01
-3.92120E-06,2.2846E-01
-3.92080E-06,2.2846E-01
-3.92040E-06,2.3041E-01
-3.92000E-06,2.2943E-01
-3.91960E-06,2.3529E-01
-3.91920E-06,2.3041E-01
-3.91880E-06,2.3041E-01
-3.91840E-06,2.3334E-01
-3.91800E-06,2.3139E-01
-3.91760E-06,2.2846E-01
-3.91720E-06,2.2748E-01
-3.91680E-06,2.2846E-01
-3.91640E-06,2.3041E-01
-3.91600E-06,2.2748E-01
-3.91560E-06,2.2943E-01
-3.91520E-06,2.2943E-01
-3.91480E-06,2.2943E-01
-3.91440E-06,2.3041E-01
-3.91400E-06,2.3041E-01
-3.91360E-06,2.3334E-01
-3.91320E-06,2.2943E-01
-3.91280E-06,2.3236E-01
-3.91240E-06,2.3041E-01
-3.91200E-06,2.2943E-01
-3.91160E-06,2.2943E-01
-3.91120E-06,2.2943E-01
-3.91080E-06,2.3041E-01
-3.91040E-06,2.2748E-01
-3.91000E-06,2.2748E-01
-3.90960E-06,2.2943E-01
-3.90920E-06,2.2846E-01
-3.90880E-06,2.3139E-01
-3.90840E-06,2.3139E-01
-3.90800E-06,2.3041E-01
-3.90760E-06,2.3041E-01
-3.90720E-06,2.3041E-01
-3.90680E-06,2.3432E-01
-3.90640E-06,2.3236E-01
-3.90600E-06,2.2846E-01
-3.90560E-06,2.3236E-01
-3.90520E-06,2.3041E-01
-3.90480E-06,2.3041E-01
-3.90440E-06,2.3041E-01
-3.90400E-06,2.3041E-01
-3.90360E-06,2.3041E-01
-3.90320E-06,2.2846E-01
-3.90280E-06,2.2943E-01
-3.90240E-06,2.2748E-01
-3.90200E-06,2.2943E-01
-3.90160E-06,2.3041E-01
-3.90120E-06,2.3139E-01
-3.90080E-06,2.2650E-01
-3.90040E-06,2.2943E-01
-3.90000E-06,2.3139E-01
-3.89960E-06,2.3041E-01
-3.89920E-06,2.2943E-01
-3.89880E-06,2.3041E-01
-3.89840E-06,2.2846E-01
-3.89800E-06,2.3041E-01
-3.89760E-06,2.3139E-01
-3.89720E-06,2.2943E-01
-3.89680E-06,2.2748E-01
-3.89640E-06,2.3041E-01
-3.89600E-06,2.3041E-01
-3.89560E-06,2.2846E-01
-3.89520E-06,2.3041E-01
-3.89480E-06,2.3041E-01
-3.89440E-06,2.3139E-01
-3.89400E-06,2.3432E-01
-3.89360E-06,2.2943E-01
-3.89320E-06,2.3236E-01
-3.89280E-06,2.2943E-01
-3.89240E-06,2.3041E-01
-3.89200E-06,2.2846E-01
-3.89160E-06,2.3139E-01
-3.89120E-06,2.2553E-01
-3.89080E-06,2.3041E-01
-3.89040E-06,2.3041E-01
-3.89000E-06,2.3041E-01
-3.88960E-06,2.2748E-01
-3.88920E-06,2.2943E-01
-3.88880E-06,2.3041E-01
-3.88840E-06,2.3041E-01
-3.88800E-06,2.3334E-01
-3.88760E-06,2.3236E-01
-3.88720E-06,2.2943E-01
-3.88680E-06,2.3041E-01
-3.88640E-06,2.3041E-01
-3.88600E-06,2.2943E-01
-3.88560E-06,2.2748E-01
-3.88520E-06,2.3139E-01
-3.88480E-06,2.2943E-01
-3.88440E-06,2.3139E-01
-3.88400E-06,2.3041E-01
-3.88360E-06,2.2748E-01
-3.88320E-06,2.3041E-01
-3.88280E-06,2.3139E-01
-3.88240E-06,2.3139E-01
-3.88200E-06,2.3139E-01
-3.88160E-06,2.3236E-01
-3.88120E-06,2.3041E-01
-3.88080E-06,2.2943E-01
-3.88040E-06,2.3041E-01
-3.88000E-06,2.3041E-01
-3.87960E-06,2.3139E-01
-3.87920E-06,2.2846E-01
-3.87880E-06,2.2846E-01
-3.87840E-06,2.2748E-01
-3.87800E-06,2.3041E-01
-3.87760E-06,2.2748E-01
-3.87720E-06,2.3334E-01
-3.87680E-06,2.2748E-01
-3.87640E-06,2.3041E-01
-3.87600E-06,2.3041E-01
-3.87560E-06,2.2943E-01
-3.87520E-06,2.3236E-01
-3.87480E-06,2.2943E-01
-3.87440E-06,2.2846E-01
-3.87400E-06,2.3041E-01
-3.87360E-06,2.3041E-01
-3.87320E-06,2.3041E-01
-3.87280E-06,2.3041E-01
-3.87240E-06,2.3041E-01
-3.87200E-06,2.2943E-01
-3.87160E-06,2.2943E-01
-3.87120E-06,2.3334E-01
-3.87080E-06,2.3041E-01
-3.87040E-06,2.2748E-01
-3.87000E-06,2.2846E-01
-3.86960E-06,2.2846E-01
-3.86920E-06,2.2553E-01
-3.86880E-06,2.2846E-01
-3.86840E-06,2.3041E-01
-3.86800E-06,2.3139E-01
-3.86760E-06,2.2943E-01
-3.86720E-06,2.3236E-01
-3.86680E-06,2.3041E-01
-3.86640E-06,2.2650E-01
-3.86600E-06,2.3236E-01
-3.86560E-06,2.2943E-01
-3.86520E-06,2.3041E-01
-3.86480E-06,2.2748E-01
-3.86440E-06,2.3041E-01
-3.86400E-06,2.2846E-01
-3.86360E-06,2.2846E-01
-3.86320E-06,2.2943E-01
-3.86280E-06,2.3041E-01
-3.86240E-06,2.3334E-01
-3.86200E-06,2.2943E-01
-3.86160E-06,2.3334E-01
-3.86120E-06,2.3139E-01
-3.86080E-06,2.3041E-01
-3.86040E-06,2.3041E-01
-3.86000E-06,2.3139E-01
-3.85960E-06,2.3334E-01
-3.85920E-06,2.3139E-01
-3.85880E-06,2.3041E-01
-3.85840E-06,2.3041E-01
-3.85800E-06,2.3041E-01
-3.85760E-06,2.3139E-01
-3.85720E-06,2.2943E-01
-3.85680E-06,2.3041E-01
-3.85640E-06,2.2943E-01
-3.85600E-06,2.3041E-01
-3.85560E-06,2.2846E-01
-3.85520E-06,2.2943E-01
-3.85480E-06,2.2650E-01
-3.85440E-06,2.3041E-01
-3.85400E-06,2.3139E-01
-3.85360E-06,2.3139E-01
-3.85320E-06,2.2748E-01
-3.85280E-06,2.2943E-01
-3.85240E-06,2.3041E-01
-3.85200E-06,2.3041E-01
-3.85160E-06,2.3041E-01
-3.85120E-06,2.3041E-01
-3.85080E-06,2.2943E-01
-3.85040E-06,2.2846E-01
-3.85000E-06,2.2943E-01
-3.84960E-06,2.3139E-01
-3.84920E-06,2.3041E-01
-3.84880E-06,2.2846E-01
-3.84840E-06,2.3041E-01
-3.84800E-06,2.3041E-01
-3.84760E-06,2.3041E-01
-3.84720E-06,2.3041E-01
-3.84680E-06,2.2846E-01
-3.84640E-06,2.2943E-01
-3.84600E-06,2.2846E-01
-3.84560E-06,2.2748E-01
-3.84520E-06,2.3041E-01
-3.84480E-06,2.3041E-01
-3.84440E-06,2.3041E-01
-3.84400E-06,2.3041E-01
-3.84360E-06,2.2846E-01
-3.84320E-06,2.3334E-01
-3.84280E-06,2.2943E-01
-3.84240E-06,2.3139E-01
-3.84200E-06,2.3041E-01
-3.84160E-06,2.3041E-01
-3.84120E-06,2.3139E-01
-3.84080E-06,2.2748E-01
-3.84040E-06,2.3041E-01
-3.84000E-06,2.3334E-01
-3.83960E-06,2.3334E-01
-3.83920E-06,2.3041E-01
-3.83880E-06,2.3139E-01
-3.83840E-06,2.3236E-01
-3.83800E-06,2.3432E-01
-3.83760E-06,2.3041E-01
-3.83720E-06,2.2846E-01
-3.83680E-06,2.2943E-01
-3.83640E-06,2.2943E-01
-3.83600E-06,2.3236E-01
-3.83560E-06,2.2846E-01
-3.83520E-06,2.2748E-01
-3.83480E-06,2.2846E-01
-3.83440E-06,2.2650E-01
-3.83400E-06,2.2846E-01
-3.83360E-06,2.3041E-01
-3.83320E-06,2.2846E-01
-3.83280E-06,2.2943E-01
-3.83240E-06,2.3041E-01
-3.83200E-06,2.3139E-01
-3.83160E-06,2.2846E-01
-3.83120E-06,2.3041E-01
-3.83080E-06,2.3041E-01
-3.83040E-06,2.2553E-01
-3.83000E-06,2.2846E-01
-3.82960E-06,2.2943E-01
-3.82920E-06,2.3041E-01
-3.82880E-06,2.2846E-01
-3.82840E-06,2.3041E-01
-3.82800E-06,2.3139E-01
-3.82760E-06,2.3041E-01
-3.82720E-06,2.2846E-01
-3.82680E-06,2.3139E-01
-3.82640E-06,2.3041E-01
-3.82600E-06,2.3334E-01
-3.82560E-06,2.3139E-01
-3.82520E-06,2.3139E-01
-3.82480E-06,2.3139E-01
-3.82440E-06,2.3041E-01
-3.82400E-06,2.3236E-01
-3.82360E-06,2.2943E-01
-3.82320E-06,2.2846E-01
-3.82280E-06,2.2846E-01
-3.82240E-06,2.3041E-01
-3.82200E-06,2.2846E-01
-3.82160E-06,2.2943E-01
-3.82120E-06,2.3236E-01
-3.82080E-06,2.2943E-01
-3.82040E-06,2.3236E-01
-3.82000E-06,2.2748E-01
-3.81960E-06,2.2846E-01
-3.81920E-06,2.3041E-01
-3.81880E-06,2.3041E-01
-3.81840E-06,2.3139E-01
-3.81800E-06,2.3041E-01
-3.81760E-06,2.3139E-01
-3.81720E-06,2.3041E-01
-3.81680E-06,2.3041E-01
-3.81640E-06,2.3041E-01
-3.81600E-06,2.2748E-01
-3.81560E-06,2.3236E-01
-3.81520E-06,2.2846E-01
-3.81480E-06,2.3139E-01
-3.81440E-06,2.2846E-01
-3.81400E-06,2.2943E-01
-3.81360E-06,2.2650E-01
-3.81320E-06,2.3041E-01
-3.81280E-06,2.3041E-01
-3.81240E-06,2.2846E-01
-3.81200E-06,2.3041E-01
-3.81160E-06,2.2943E-01
-3.81120E-06,2.3139E-01
-3.81080E-06,2.2943E-01
-3.81040E-06,2.3236E-01
-3.81000E-06,2.2943E-01
-3.80960E-06,2.2943E-01
-3.80920E-06,2.3139E-01
-3.80880E-06,2.2943E-01
-3.80840E-06,2.3041E-01
-3.80800E-06,2.3236E-01
-3.80760E-06,2.3236E-01
-3.80720E-06,2.3334E-01
-3.80680E-06,2.3334E-01
-3.80640E-06,2.3139E-01
-3.80600E-06,2.2943E-01
-3.80560E-06,2.3041E-01
-3.80520E-06,2.3334E-01
-3.80480E-06,2.3041E-01
-3.80440E-06,2.3334E-01
-3.80400E-06,2.3139E-01
-3.80360E-06,2.3139E-01
-3.80320E-06,2.3334E-01
-3.80280E-06,2.2846E-01
-3.80240E-06,2.3432E-01
-3.80200E-06,2.3139E-01
-3.80160E-06,2.3236E-01
-3.80120E-06,2.3139E-01
-3.80080E-06,2.2846E-01
-3.80040E-06,2.3139E-01
-3.80000E-06,2.2943E-01
-3.79960E-06,2.2748E-01
-3.79920E-06,2.2943E-01
-3.79880E-06,2.2748E-01
-3.79840E-06,2.3236E-01
-3.79800E-06,2.2943E-01
-3.79760E-06,2.3432E-01
-3.79720E-06,2.3041E-01
-3.79680E-06,2.3139E-01
-3.79640E-06,2.3334E-01
-3.79600E-06,2.3041E-01
-3.79560E-06,2.3139E-01
-3.79520E-06,2.2748E-01
-3.79480E-06,2.3041E-01
-3.79440E-06,2.3041E-01
-3.79400E-06,2.2943E-01
-3.79360E-06,2.3334E-01
-3.79320E-06,2.2748E-01
-3.79280E-06,2.3236E-01
-3.79240E-06,2.3041E-01
-3.79200E-06,2.3334E-01
-3.79160E-06,2.2943E-01
-3.79120E-06,2.2943E-01
-3.79080E-06,2.3236E-01
-3.79040E-06,2.3139E-01
-3.79000E-06,2.3236E-01
-3.78960E-06,2.2943E-01
-3.78920E-06,2.3334E-01
-3.78880E-06,2.3041E-01
-3.78840E-06,2.3432E-01
-3.78800E-06,2.3041E-01
-3.78760E-06,2.3139E-01
-3.78720E-06,2.3041E-01
-3.78680E-06,2.3139E-01
-3.78640E-06,2.3139E-01
-3.78600E-06,2.3041E-01
-3.78560E-06,2.3334E-01
-3.78520E-06,2.2943E-01
-3.78480E-06,2.2943E-01
-3.78440E-06,2.2943E-01
-3.78400E-06,2.3041E-01
-3.78360E-06,2.3334E-01
-3.78320E-06,2.3041E-01
-3.78280E-06,2.2943E-01
-3.78240E-06,2.3334E-01
-3.78200E-06,2.3139E-01
-3.78160E-06,2.2748E-01
-3.78120E-06,2.3334E-01
-3.78080E-06,2.3139E-01
-3.78040E-06,2.3334E-01
-3.78000E-06,2.2846E-01
-3.77960E-06,2.2748E-01
-3.77920E-06,2.3236E-01
-3.77880E-06,2.3334E-01
-3.77840E-06,2.3236E-01
-3.77800E-06,2.3236E-01
-3.77760E-06,2.3139E-01
-3.77720E-06,2.3334E-01
-3.77680E-06,2.3334E-01
-3.77640E-06,2.3139E-01
-3.77600E-06,2.3139E-01
-3.77560E-06,2.3236E-01
-3.77520E-06,2.3139E-01
-3.77480E-06,2.3432E-01
-3.77440E-06,2.2943E-01
-3.77400E-06,2.3139E-01
-3.77360E-06,2.3139E-01
-3.77320E-06,2.3139E-01
-3.77280E-06,2.3139E-01
-3.77240E-06,2.2846E-01
-3.77200E-06,2.3432E-01
-3.77160E-06,2.3334E-01
-3.77120E-06,2.2943E-01
-3.77080E-06,2.2943E-01
-3.77040E-06,2.3041E-01
-3.77000E-06,2.3334E-01
-3.76960E-06,2.2943E-01
-3.76920E-06,2.2943E-01
-3.76880E-06,2.2943E-01
-3.76840E-06,2.3041E-01
-3.76800E-06,2.3041E-01
-3.76760E-06,2.3041E-01
-3.76720E-06,2.3041E-01
-3.76680E-06,2.3139E-01
-3.76640E-06,2.3334E-01
-3.76600E-06,2.3236E-01
-3.76560E-06,2.3139E-01
-3.76520E-06,2.3139E-01
-3.76480E-06,2.3041E-01
-3.76440E-06,2.3139E-01
-3.76400E-06,2.3334E-01
-3.76360E-06,2.3139E-01
-3.76320E-06,2.3041E-01
-3.76280E-06,2.3236E-01
-3.76240E-06,2.3236E-01
-3.76200E-06,2.3334E-01
-3.76160E-06,2.3432E-01
-3.76120E-06,2.3432E-01
-3.76080E-06,2.3432E-01
-3.76040E-06,2.3432E-01
-3.76000E-06,2.3334E-01
-3.75960E-06,2.3334E-01
-3.75920E-06,2.3236E-01
-3.75880E-06,2.3334E-01
-3.75840E-06,2.3627E-01
-3.75800E-06,2.2846E-01
-3.75760E-06,2.2943E-01
-3.75720E-06,2.3432E-01
-3.75680E-06,2.3041E-01
-3.75640E-06,2.3041E-01
-3.75600E-06,2.3041E-01
-3.75560E-06,2.3334E-01
-3.75520E-06,2.3334E-01
-3.75480E-06,2.2846E-01
-3.75440E-06,2.2846E-01
-3.75400E-06,2.2943E-01
-3.75360E-06,2.3139E-01
-3.75320E-06,2.2846E-01
-3.75280E-06,2.3236E-01
-3.75240E-06,2.3139E-01
-3.75200E-06,2.3432E-01
-3.75160E-06,2.3041E-01
-3.75120E-06,2.2846E-01
-3.75080E-06,2.3236E-01
-3.75040E-06,2.2846E-01
-3.75000E-06,2.3236E-01
-3.74960E-06,2.2943E-01
-3.74920E-06,2.3236E-01
-3.74880E-06,2.3139E-01
-3.74840E-06,2.3139E-01
-3.74800E-06,2.3334E-01
-3.74760E-06,2.2943E-01
-3.74720E-06,2.3334E-01
-3.74680E-06,2.3432E-01
-3.74640E-06,2.3236E-01
-3.74600E-06,2.3139E-01
-3.74560E-06,2.3432E-01
-3.74520E-06,2.3334E-01
-3.74480E-06,2.3334E-01
-3.74440E-06,2.3334E-01
-3.74400E-06,2.3236E-01
-3.74360E-06,2.3334E-01
-3.74320E-06,2.2943E-01
-3.74280E-06,2.3529E-01
-3.74240E-06,2.3041E-01
-3.74200E-06,2.2748E-01
-3.74160E-06,2.3139E-01
-3.74120E-06,2.3041E-01
-3.74080E-06,2.3139E-01
-3.74040E-06,2.3139E-01
-3.74000E-06,2.3236E-01
-3.73960E-06,2.3529E-01
-3.73920E-06,2.3432E-01
-3.73880E-06,2.3334E-01
-3.73840E-06,2.3139E-01
-3.73800E-06,2.3432E-01
-3.73760E-06,2.3139E-01
-3.73720E-06,2.3139E-01
-3.73680E-06,2.3041E-01
-3.73640E-06,2.3041E-01
-3.73600E-06,2.3236E-01
-3.73560E-06,2.3139E-01
-3.73520E-06,2.3432E-01
-3.73480E-06,2.3041E-01
-3.73440E-06,2.3139E-01
-3.73400E-06,2.3432E-01
-3.73360E-06,2.3041E-01
-3.73320E-06,2.3236E-01
-3.73280E-06,2.3041E-01
-3.73240E-06,2.3334E-01
-3.73200E-06,2.3334E-01
-3.73160E-06,2.3334E-01
-3.73120E-06,2.3334E-01
-3.73080E-06,2.3139E-01
-3.73040E-06,2.3041E-01
-3.73000E-06,2.3139E-01
-3.72960E-06,2.2943E-01
-3.72920E-06,2.3139E-01
-3.72880E-06,2.3529E-01
-3.72840E-06,2.3139E-01
-3.72800E-06,2.3139E-01
-3.72760E-06,2.2943E-01
-3.72720E-06,2.2846E-01
-3.72680E-06,2.2748E-01
-3.72640E-06,2.3139E-01
-3.72600E-06,2.3041E-01
-3.72560E-06,2.2943E-01
-3.72520E-06,2.3041E-01
-3.72480E-06,2.3041E-01
-3.72440E-06,2.3041E-01
-3.72400E-06,2.3725E-01
-3.72360E-06,2.3139E-01
-3.72320E-06,2.3041E-01
-3.72280E-06,2.3139E-01
-3.72240E-06,2.3236E-01
-3.72200E-06,2.3334E-01
-3.72160E-06,2.3139E-01
-3.72120E-06,2.2943E-01
-3.72080E-06,2.3236E-01
-3.72040E-06,2.3139E-01
-3.72000E-06,2.3236E-01
-3.71960E-06,2.3139E-01
-3.71920E-06,2.3236E-01
-3.71880E-06,2.3139E-01
-3.71840E-06,2.3139E-01
-3.71800E-06,2.3334E-01
-3.71760E-06,2.3041E-01
-3.71720E-06,2.3432E-01
-3.71680E-06,2.3041E-01
-3.71640E-06,2.3334E-01
-3.71600E-06,2.3529E-01
-3.71560E-06,2.3139E-01
-3.71520E-06,2.3139E-01
-3.71480E-06,2.3041E-01
-3.71440E-06,2.2846E-01
-3.71400E-06,2.3139E-01
-3.71360E-06,2.3041E-01
-3.71320E-06,2.3041E-01
-3.71280E-06,2.3139E-01
-3.71240E-06,2.3334E-01
-3.71200E-06,2.3236E-01
-3.71160E-06,2.3041E-01
-3.71120E-06,2.3432E-01
-3.71080E-06,2.3334E-01
-3.71040E-06,2.3139E-01
-3.71000E-06,2.3041E-01
-3.70960E-06,2.2846E-01
-3.70920E-06,2.3041E-01
-3.70880E-06,2.3041E-01
-3.70840E-06,2.3432E-01
-3.70800E-06,2.3334E-01
-3.70760E-06,2.3041E-01
-3.70720E-06,2.3529E-01
-3.70680E-06,2.3432E-01
-3.70640E-06,2.3139E-01
-3.70600E-06,2.3236E-01
-3.70560E-06,2.3041E-01
-3.70520E-06,2.3139E-01
-3.70480E-06,2.3041E-01
-3.70440E-06,2.3529E-01
-3.70400E-06,2.3041E-01
-3.70360E-06,2.3236E-01
-3.70320E-06,2.3139E-01
-3.70280E-06,2.2943E-01
-3.70240E-06,2.3139E-01
-3.70200E-06,2.3334E-01
-3.70160E-06,2.3334E-01
-3.70120E-06,2.3236E-01
-3.70080E-06,2.3139E-01
-3.70040E-06,2.3041E-01
-3.70000E-06,2.3236E-01
-3.69960E-06,2.3236E-01
-3.69920E-06,2.3041E-01
-3.69880E-06,2.3139E-01
-3.69840E-06,2.3432E-01
-3.69800E-06,2.3139E-01
-3.69760E-06,2.2748E-01
-3.69720E-06,2.3139E-01
-3.69680E-06,2.3139E-01
-3.69640E-06,2.3041E-01
-3.69600E-06,2.2846E-01
-3.69560E-06,2.3041E-01
-3.69520E-06,2.3041E-01
-3.69480E-06,2.3139E-01
-3.69440E-06,2.3334E-01
-3.69400E-06,2.3041E-01
-3.69360E-06,2.3139E-01
-3.69320E-06,2.3139E-01
-3.69280E-06,2.3236E-01
-3.69240E-06,2.3236E-01
-3.69200E-06,2.2846E-01
-3.69160E-06,2.3529E-01
-3.69120E-06,2.3041E-01
-3.69080E-06,2.3334E-01
-3.69040E-06,2.3334E-01
-3.69000E-06,2.3236E-01
-3.68960E-06,2.3236E-01
-3.68920E-06,2.3139E-01
-3.68880E-06,2.3236E-01
-3.68840E-06,2.2846E-01
-3.68800E-06,2.3334E-01
-3.68760E-06,2.3041E-01
-3.68720E-06,2.3139E-01
-3.68680E-06,2.3236E-01
-3.68640E-06,2.3236E-01
-3.68600E-06,2.3334E-01
-3.68560E-06,2.3236E-01
-3.68520E-06,2.3334E-01
-3.68480E-06,2.2943E-01
-3.68440E-06,2.2943E-01
-3.68400E-06,2.2943E-01
-3.68360E-06,2.2748E-01
-3.68320E-06,2.2650E-01
-3.68280E-06,2.3041E-01
-3.68240E-06,2.3236E-01
-3.68200E-06,2.3041E-01
-3.68160E-06,2.3334E-01
-3.68120E-06,2.3334E-01
-3.68080E-06,2.3139E-01
-3.68040E-06,2.3041E-01
-3.68000E-06,2.3041E-01
-3.67960E-06,2.3041E-01
-3.67920E-06,2.3041E-01
-3.67880E-06,2.3041E-01
-3.67840E-06,2.3139E-01
-3.67800E-06,2.2943E-01
-3.67760E-06,2.2846E-01
-3.67720E-06,2.2943E-01
-3.67680E-06,2.2846E-01
-3.67640E-06,2.3432E-01
-3.67600E-06,2.3236E-01
-3.67560E-06,2.3334E-01
-3.67520E-06,2.3041E-01
-3.67480E-06,2.2748E-01
-3.67440E-06,2.3236E-01
-3.67400E-06,2.3236E-01
-3.67360E-06,2.2943E-01
-3.67320E-06,2.3334E-01
-3.67280E-06,2.2650E-01
-3.67240E-06,2.3334E-01
-3.67200E-06,2.2943E-01
-3.67160E-06,2.2943E-01
-3.67120E-06,2.2943E-01
-3.67080E-06,2.3236E-01
-3.67040E-06,2.3139E-01
-3.67000E-06,2.3041E-01
-3.66960E-06,2.2748E-01
-3.66920E-06,2.2943E-01
-3.66880E-06,2.3139E-01
-3.66840E-06,2.2846E-01
-3.66800E-06,2.2943E-01
-3.66760E-06,2.3041E-01
-3.66720E-06,2.3432E-01
-3.66680E-06,2.3236E-01
-3.66640E-06,2.3041E-01
-3.66600E-06,2.3139E-01
-3.66560E-06,2.3041E-01
-3.66520E-06,2.3139E-01
-3.66480E-06,2.3334E-01
-3.66440E-06,2.3041E-01
-3.66400E-06,2.3334E-01
-3.66360E-06,2.2846E-01
-3.66320E-06,2.3236E-01
-3.66280E-06,2.2943E-01
-3.66240E-06,2.3041E-01
-3.66200E-06,2.2943E-01
-3.66160E-06,2.3041E-01
-3.66120E-06,2.3139E-01
-3.66080E-06,2.3236E-01
-3.66040E-06,2.3041E-01
-3.66000E-06,2.3041E-01
-3.65960E-06,2.3139E-01
-3.65920E-06,2.2943E-01
-3.65880E-06,2.3041E-01
-3.65840E-06,2.3432E-01
-3.65800E-06,2.2943E-01
-3.65760E-06,2.3139E-01
-3.65720E-06,2.3041E-01
-3.65680E-06,2.2943E-01
-3.65640E-06,2.2748E-01
-3.65600E-06,2.2846E-01
-3.65560E-06,2.3041E-01
-3.65520E-06,2.3139E-01
-3.65480E-06,2.3041E-01
-3.65440E-06,2.2943E-01
-3.65400E-06,2.3041E-01
-3.65360E-06,2.3041E-01
-3.65320E-06,2.2943E-01
-3.65280E-06,2.3041E-01
-3.65240E-06,2.2748E-01
-3.65200E-06,2.3139E-01
-3.65160E-06,2.3041E-01
-3.65120E-06,2.2650E-01
-3.65080E-06,2.2748E-01
-3.65040E-06,2.3041E-01
-3.65000E-06,2.3041E-01
-3.64960E-06,2.2943E-01
-3.64920E-06,2.2943E-01
-3.64880E-06,2.2943E-01
-3.64840E-06,2.3236E-01
-3.64800E-06,2.2748E-01
-3.64760E-06,2.2943E-01
-3.64720E-06,2.3041E-01
-3.64680E-06,2.3334E-01
-3.64640E-06,2.2846E-01
-3.64600E-06,2.3041E-01
-3.64560E-06,2.2943E-01
-3.64520E-06,2.3041E-01
-3.64480E-06,2.3627E-01
-3.64440E-06,2.2748E-01
-3.64400E-06,2.3041E-01
-3.64360E-06,2.3041E-01
-3.64320E-06,2.2846E-01
-3.64280E-06,2.3236E-01
-3.64240E-06,2.3236E-01
-3.64200E-06,2.3236E-01
-3.64160E-06,2.2748E-01
-3.64120E-06,2.2943E-01
-3.64080E-06,2.3041E-01
-3.64040E-06,2.3139E-01
-3.64000E-06,2.3041E-01
-3.63960E-06,2.2943E-01
-3.63920E-06,2.3334E-01
-3.63880E-06,2.3041E-01
-3.63840E-06,2.3041E-01
-3.63800E-06,2.3236E-01
-3.63760E-06,2.2846E-01
-3.63720E-06,2.3139E-01
-3.63680E-06,2.3236E-01
-3.63640E-06,2.3236E-01
-3.63600E-06,2.2943E-01
-3.63560E-06,2.3139E-01
-3.63520E-06,2.3041E-01
-3.63480E-06,2.3041E-01
-3.63440E-06,2.2846E-01
-3.63400E-06,2.2943E-01
-3.63360E-06,2.3041E-01
-3.63320E-06,2.3139E-01
-3.63280E-06,2.3627E-01
-3.63240E-06,2.3139E-01
-3.63200E-06,2.3236E-01
-3.63160E-06,2.3432E-01
-3.63120E-06,2.2943E-01
-3.63080E-06,2.3139E-01
-3.63040E-06,2.3041E-01
-3.63000E-06,2.2943E-01
-3.62960E-06,2.2846E-01
-3.62920E-06,2.2943E-01
-3.62880E-06,2.3041E-01
-3.62840E-06,2.3041E-01
-3.62800E-06,2.2943E-01
-3.62760E-06,2.3041E-01
-3.62720E-06,2.2748E-01
-3.62680E-06,2.3139E-01
-3.62640E-06,2.3432E-01
-3.62600E-06,2.3139E-01
-3.62560E-06,2.2943E-01
-3.62520E-06,2.2943E-01
-3.62480E-06,2.3041E-01
-3.62440E-06,2.2846E-01
-3.62400E-06,2.3139E-01
-3.62360E-06,2.3041E-01
-3.62320E-06,2.3236E-01
-3.62280E-06,2.2943E-01
-3.62240E-06,2.3334E-01
-3.62200E-06,2.3139E-01
-3.62160E-06,2.3334E-01
-3.62120E-06,2.3041E-01
-3.62080E-06,2.3139E-01
-3.62040E-06,2.3041E-01
-3.62000E-06,2.2943E-01
-3.61960E-06,2.2943E-01
-3.61920E-06,2.2748E-01
-3.61880E-06,2.2748E-01
-3.61840E-06,2.2846E-01
-3.61800E-06,2.2943E-01
-3.61760E-06,2.2748E-01
-3.61720E-06,2.3432E-01
-3.61680E-06,2.2846E-01
-3.61640E-06,2.3236E-01
-3.61600E-06,2.3041E-01
-3.61560E-06,2.3041E-01
-3.61520E-06,2.3041E-01
-3.61480E-06,2.3236E-01
-3.61440E-06,2.3236E-01
-3.61400E-06,2.3139E-01
-3.61360E-06,2.3334E-01
-3.61320E-06,2.2748E-01
-3.61280E-06,2.3334E-01
-3.61240E-06,2.3334E-01
-3.61200E-06,2.3139E-01
-3.61160E-06,2.2846E-01
-3.61120E-06,2.3139E-01
-3.61080E-06,2.2846E-01
-3.61040E-06,2.3041E-01
-3.61000E-06,2.3236E-01
-3.60960E-06,2.3334E-01
-3.60920E-06,2.3236E-01
-3.60880E-06,2.3041E-01
-3.60840E-06,2.3041E-01
-3.60800E-06,2.3041E-01
-3.60760E-06,2.3041E-01
-3.60720E-06,2.3041E-01
-3.60680E-06,2.2943E-01
-3.60640E-06,2.3334E-01
-3.60600E-06,2.3334E-01
-3.60560E-06,2.3432E-01
-3.60520E-06,2.3334E-01
-3.60480E-06,2.3236E-01
-3.60440E-06,2.3041E-01
-3.60400E-06,2.3236E-01
-3.60360E-06,2.3139E-01
-3.60320E-06,2.2943E-01
-3.60280E-06,2.3041E-01
-3.60240E-06,2.3041E-01
-3.60200E-06,2.3236E-01
-3.60160E-06,2.3139E-01
-3.60120E-06,2.3041E-01
-3.60080E-06,2.3041E-01
-3.60040E-06,2.3139E-01
-3.60000E-06,2.2943E-01
-3.59960E-06,2.3139E-01
-3.59920E-06,2.3529E-01
-3.59880E-06,2.3139E-01
-3.59840E-06,2.3041E-01
-3.59800E-06,2.3041E-01
-3.59760E-06,2.2846E-01
-3.59720E-06,2.2943E-01
-3.59680E-06,2.2846E-01
-3.59640E-06,2.3334E-01
-3.59600E-06,2.3041E-01
-3.59560E-06,2.3334E-01
-3.59520E-06,2.3236E-01
-3.59480E-06,2.3041E-01
-3.59440E-06,2.3334E-01
-3.59400E-06,2.3139E-01
-3.59360E-06,2.3236E-01
-3.59320E-06,2.3432E-01
-3.59280E-06,2.2846E-01
-3.59240E-06,2.3236E-01
-3.59200E-06,2.2846E-01
-3.59160E-06,2.3236E-01
-3.59120E-06,2.3041E-01
-3.59080E-06,2.3334E-01
-3.59040E-06,2.3041E-01
-3.59000E-06,2.2943E-01
-3.58960E-06,2.3139E-01
-3.58920E-06,2.3236E-01
-3.58880E-06,2.3139E-01
-3.58840E-06,2.3334E-01
-3.58800E-06,2.3041E-01
-3.58760E-06,2.3041E-01
-3.58720E-06,2.2846E-01
-3.58680E-06,2.2455E-01
-3.58640E-06,2.3236E-01
-3.58600E-06,2.3139E-01
-3.58560E-06,2.3334E-01
-3.58520E-06,2.3041E-01
-3.58480E-06,2.3139E-01
-3.58440E-06,2.3041E-01
-3.58400E-06,2.3334E-01
-3.58360E-06,2.2846E-01
-3.58320E-06,2.2846E-01
-3.58280E-06,2.2846E-01
-3.58240E-06,2.2748E-01
-3.58200E-06,2.3334E-01
-3.58160E-06,2.3334E-01
-3.58120E-06,2.3041E-01
-3.58080E-06,2.3334E-01
-3.58040E-06,2.3139E-01
-3.58000E-06,2.3334E-01
-3.57960E-06,2.3041E-01
-3.57920E-06,2.3236E-01
-3.57880E-06,2.3334E-01
-3.57840E-06,2.3139E-01
-3.57800E-06,2.3041E-01
-3.57760E-06,2.3041E-01
-3.57720E-06,2.3139E-01
-3.57680E-06,2.3041E-01
-3.57640E-06,2.3334E-01
-3.57600E-06,2.3334E-01
-3.57560E-06,2.3041E-01
-3.57520E-06,2.3334E-01
-3.57480E-06,2.2748E-01
-3.57440E-06,2.3236E-01
-3.57400E-06,2.3041E-01
-3.57360E-06,2.3041E-01
-3.57320E-06,2.3041E-01
-3.57280E-06,2.2943E-01
-3.57240E-06,2.3041E-01
-3.57200E-06,2.2846E-01
-3.57160E-06,2.3041E-01
-3.57120E-06,2.3041E-01
-3.57080E-06,2.3236E-01
-3.57040E-06,2.2846E-01
-3.57000E-06,2.3236E-01
-3.56960E-06,2.3041E-01
-3.56920E-06,2.2748E-01
-3.56880E-06,2.3334E-01
-3.56840E-06,2.3432E-01
-3.56800E-06,2.3529E-01
-3.56760E-06,2.2943E-01
-3.56720E-06,2.2846E-01
-3.56680E-06,2.3139E-01
-3.56640E-06,2.2846E-01
-3.56600E-06,2.3041E-01
-3.56560E-06,2.3139E-01
-3.56520E-06,2.3041E-01
-3.56480E-06,2.3236E-01
-3.56440E-06,2.3432E-01
-3.56400E-06,2.3334E-01
-3.56360E-06,2.3334E-01
-3.56320E-06,2.3236E-01
-3.56280E-06,2.3041E-01
-3.56240E-06,2.3041E-01
-3.56200E-06,2.3041E-01
-3.56160E-06,2.3236E-01
-3.56120E-06,2.3041E-01
-3.56080E-06,2.3334E-01
-3.56040E-06,2.3236E-01
-3.56000E-06,2.3236E-01
-3.55960E-06,2.3139E-01
-3.55920E-06,2.2748E-01
-3.55880E-06,2.3432E-01
-3.55840E-06,2.3236E-01
-3.55800E-06,2.3432E-01
-3.55760E-06,2.3139E-01
-3.55720E-06,2.3041E-01
-3.55680E-06,2.3139E-01
-3.55640E-06,2.3041E-01
-3.55600E-06,2.2943E-01
-3.55560E-06,2.3139E-01
-3.55520E-06,2.3334E-01
-3.55480E-06,2.2846E-01
-3.55440E-06,2.3041E-01
-3.55400E-06,2.2943E-01
-3.55360E-06,2.3334E-01
-3.55320E-06,2.3334E-01
-3.55280E-06,2.3236E-01
-3.55240E-06,2.3041E-01
-3.55200E-06,2.3334E-01
-3.55160E-06,2.3236E-01
-3.55120E-06,2.3236E-01
-3.55080E-06,2.3041E-01
-3.55040E-06,2.3139E-01
-3.55000E-06,2.3236E-01
-3.54960E-06,2.3334E-01
-3.54920E-06,2.3041E-01
-3.54880E-06,2.3041E-01
-3.54840E-06,2.3041E-01
-3.54800E-06,2.3236E-01
-3.54760E-06,2.2943E-01
-3.54720E-06,2.3236E-01
-3.54680E-06,2.3139E-01
-3.54640E-06,2.3139E-01
-3.54600E-06,2.3529E-01
-3.54560E-06,2.3041E-01
-3.54520E-06,2.3725E-01
-3.54480E-06,2.3041E-01
-3.54440E-06,2.3334E-01
-3.54400E-06,2.3139E-01
-3.54360E-06,2.3236E-01
-3.54320E-06,2.3139E-01
-3.54280E-06,2.3041E-01
-3.54240E-06,2.3139E-01
-3.54200E-06,2.2846E-01
-3.54160E-06,2.3041E-01
-3.54120E-06,2.3139E-01
-3.54080E-06,2.3139E-01
-3.54040E-06,2.3236E-01
-3.54000E-06,2.3432E-01
-3.53960E-06,2.3432E-01
-3.53920E-06,2.3334E-01
-3.53880E-06,2.3041E-01
-3.53840E-06,2.2846E-01
-3.53800E-06,2.3236E-01
-3.53760E-06,2.3139E-01
-3.53720E-06,2.3236E-01
-3.53680E-06,2.3041E-01
-3.53640E-06,2.2846E-01
-3.53600E-06,2.3529E-01
-3.53560E-06,2.3236E-01
-3.53520E-06,2.3041E-01
-3.53480E-06,2.3139E-01
-3.53440E-06,2.3041E-01
-3.53400E-06,2.3041E-01
-3.53360E-06,2.3041E-01
-3.53320E-06,2.2846E-01
-3.53280E-06,2.2846E-01
-3.53240E-06,2.2943E-01
-3.53200E-06,2.2846E-01
-3.53160E-06,2.3236E-01
-3.53120E-06,2.3334E-01
-3.53080E-06,2.3041E-01
-3.53040E-06,2.3139E-01
-3.53000E-06,2.2943E-01
-3.52960E-06,2.3139E-01
-3.52920E-06,2.3139E-01
-3.52880E-06,2.3041E-01
-3.52840E-06,2.3041E-01
-3.52800E-06,2.2943E-01
-3.52760E-06,2.3041E-01
-3.52720E-06,2.3139E-01
-3.52680E-06,2.2943E-01
-3.52640E-06,2.2846E-01
-3.52600E-06,2.3139E-01
-3.52560E-06,2.3139E-01
-3.52520E-06,2.3334E-01
-3.52480E-06,2.3432E-01
-3.52440E-06,2.3139E-01
-3.52400E-06,2.2943E-01
-3.52360E-06,2.2846E-01
-3.52320E-06,2.3041E-01
-3.52280E-06,2.3236E-01
-3.52240E-06,2.2943E-01
-3.52200E-06,2.3139E-01
-3.52160E-06,2.3041E-01
-3.52120E-06,2.3236E-01
-3.52080E-06,2.3139E-01
-3.52040E-06,2.3041E-01
-3.52000E-06,2.2943E-01
-3.51960E-06,2.3041E-01
-3.51920E-06,2.3041E-01
-3.51880E-06,2.3041E-01
-3.51840E-06,2.3041E-01
-3.51800E-06,2.3041E-01
-3.51760E-06,2.3041E-01
-3.51720E-06,2.3334E-01
-3.51680E-06,2.2748E-01
-3.51640E-06,2.3041E-01
-3.51600E-06,2.3139E-01
-3.51560E-06,2.3236E-01
-3.51520E-06,2.2846E-01
-3.51480E-06,2.2943E-01
-3.51440E-06,2.3139E-01
-3.51400E-06,2.2846E-01
-3.51360E-06,2.2943E-01
-3.51320E-06,2.3041E-01
-3.51280E-06,2.3139E-01
-3.51240E-06,2.3334E-01
-3.51200E-06,2.3139E-01
-3.51160E-06,2.2943E-01
-3.51120E-06,2.2943E-01
-3.51080E-06,2.3041E-01
-3.51040E-06,2.2846E-01
-3.51000E-06,2.3041E-01
-3.50960E-06,2.3139E-01
-3.50920E-06,2.3139E-01
-3.50880E-06,2.3139E-01
-3.50840E-06,2.3334E-01
-3.50800E-06,2.3139E-01
-3.50760E-06,2.3334E-01
-3.50720E-06,2.3041E-01
-3.50680E-06,2.3139E-01
-3.50640E-06,2.2748E-01
-3.50600E-06,2.3236E-01
-3.50560E-06,2.3236E-01
-3.50520E-06,2.3041E-01
-3.50480E-06,2.3041E-01
-3.50440E-06,2.2943E-01
-3.50400E-06,2.3139E-01
-3.50360E-06,2.3139E-01
-3.50320E-06,2.2846E-01
-3.50280E-06,2.3139E-01
-3.50240E-06,2.2943E-01
-3.50200E-06,2.3236E-01
-3.50160E-06,2.3236E-01
-3.50120E-06,2.3139E-01
-3.50080E-06,2.3041E-01
-3.50040E-06,2.3041E-01
-3.50000E-06,2.3041E-01
-3.49960E-06,2.3041E-01
-3.49920E-06,2.3041E-01
-3.49880E-06,2.3139E-01
-3.49840E-06,2.3432E-01
-3.49800E-06,2.2846E-01
-3.49760E-06,2.3139E-01
-3.49720E-06,2.3041E-01
-3.49680E-06,2.3139E-01
-3.49640E-06,2.3139E-01
-3.49600E-06,2.3139E-01
-3.49560E-06,2.3041E-01
-3.49520E-06,2.3236E-01
-3.49480E-06,2.3334E-01
-3.49440E-06,2.2846E-01
-3.49400E-06,2.3041E-01
-3.49360E-06,2.3041E-01
-3.49320E-06,2.2748E-01
-3.49280E-06,2.3334E-01
-3.49240E-06,2.3139E-01
-3.49200E-06,2.3627E-01
-3.49160E-06,2.3236E-01
-3.49120E-06,2.3236E-01
-3.49080E-06,2.3236E-01
-3.49040E-06,2.2846E-01
-3.49000E-06,2.2943E-01
-3.48960E-06,2.3139E-01
-3.48920E-06,2.3334E-01
-3.48880E-06,2.3139E-01
-3.48840E-06,2.3139E-01
-3.48800E-06,2.3334E-01
-3.48760E-06,2.3139E-01
-3.48720E-06,2.3139E-01
-3.48680E-06,2.3334E-01
-3.48640E-06,2.3041E-01
-3.48600E-06,2.3139E-01
-3.48560E-06,2.3139E-01
-3.48520E-06,2.3236E-01
-3.48480E-06,2.3529E-01
-3.48440E-06,2.3041E-01
-3.48400E-06,2.3236E-01
-3.48360E-06,2.3139E-01
-3.48320E-06,2.3139E-01
-3.48280E-06,2.3041E-01
-3.48240E-06,2.3139E-01
-3.48200E-06,2.3236E-01
-3.48160E-06,2.3236E-01
-3.48120E-06,2.3041E-01
-3.48080E-06,2.3041E-01
-3.48040E-06,2.3139E-01
-3.48000E-06,2.3139E-01
-3.47960E-06,2.3139E-01
-3.47920E-06,2.3334E-01
-3.47880E-06,2.3236E-01
-3.47840E-06,2.2846E-01
-3.47800E-06,2.3041E-01
-3.47760E-06,2.3432E-01
-3.47720E-06,2.3139E-01
-3.47680E-06,2.3139E-01
-3.47640E-06,2.3334E-01
-3.47600E-06,2.3139E-01
-3.47560E-06,2.3236E-01
-3.47520E-06,2.3041E-01
-3.47480E-06,2.2943E-01
-3.47440E-06,2.3334E-01
-3.47400E-06,2.3627E-01
-3.47360E-06,2.2943E-01
-3.47320E-06,2.2846E-01
-3.47280E-06,2.3041E-01
-3.47240E-06,2.3139E-01
-3.47200E-06,2.3334E-01
-3.47160E-06,2.3236E-01
-3.47120E-06,2.3334E-01
-3.47080E-06,2.3139E-01
-3.47040E-06,2.3432E-01
-3.47000E-06,2.3139E-01
-3.46960E-06,2.3041E-01
-3.46920E-06,2.3041E-01
-3.46880E-06,2.3334E-01
-3.46840E-06,2.3041E-01
-3.46800E-06,2.3139E-01
-3.46760E-06,2.3334E-01
-3.46720E-06,2.3334E-01
-3.46680E-06,2.2943E-01
-3.46640E-06,2.3041E-01
-3.46600E-06,2.3041E-01
-3.46560E-06,2.2943E-01
-3.46520E-06,2.3627E-01
-3.46480E-06,2.2943E-01
-3.46440E-06,2.3139E-01
-3.46400E-06,2.3334E-01
-3.46360E-06,2.3334E-01
-3.46320E-06,2.3139E-01
-3.46280E-06,2.3334E-01
-3.46240E-06,2.3139E-01
-3.46200E-06,2.3139E-01
-3.46160E-06,2.3041E-01
-3.46120E-06,2.3139E-01
-3.46080E-06,2.3334E-01
-3.46040E-06,2.2943E-01
-3.46000E-06,2.3139E-01
-3.45960E-06,2.3236E-01
-3.45920E-06,2.3529E-01
-3.45880E-06,2.3627E-01
-3.45840E-06,2.3432E-01
-3.45800E-06,2.3041E-01
-3.45760E-06,2.3334E-01
-3.45720E-06,2.3041E-01
-3.45680E-06,2.3139E-01
-3.45640E-06,2.3334E-01
-3.45600E-06,2.3139E-01
-3.45560E-06,2.3334E-01
-3.45520E-06,2.3139E-01
-3.45480E-06,2.3432E-01
-3.45440E-06,2.3139E-01
-3.45400E-06,2.3041E-01
-3.45360E-06,2.3041E-01
-3.45320E-06,2.3041E-01
-3.45280E-06,2.3139E-01
-3.45240E-06,2.2846E-01
-3.45200E-06,2.3236E-01
-3.45160E-06,2.2943E-01
-3.45120E-06,2.2748E-01
-3.45080E-06,2.3334E-01
-3.45040E-06,2.3236E-01
-3.45000E-06,2.3334E-01
-3.44960E-06,2.3041E-01
-3.44920E-06,2.3334E-01
-3.44880E-06,2.2846E-01
-3.44840E-06,2.3139E-01
-3.44800E-06,2.3236E-01
-3.44760E-06,2.3139E-01
-3.44720E-06,2.3041E-01
-3.44680E-06,2.3334E-01
-3.44640E-06,2.3334E-01
-3.44600E-06,2.3139E-01
-3.44560E-06,2.3432E-01
-3.44520E-06,2.3432E-01
-3.44480E-06,2.3236E-01
-3.44440E-06,2.3041E-01
-3.44400E-06,2.3334E-01
-3.44360E-06,2.3334E-01
-3.44320E-06,2.2846E-01
-3.44280E-06,2.3236E-01
-3.44240E-06,2.3432E-01
-3.44200E-06,2.3334E-01
-3.44160E-06,2.3334E-01
-3.44120E-06,2.2943E-01
-3.44080E-06,2.3139E-01
-3.44040E-06,2.3041E-01
-3.44000E-06,2.3139E-01
-3.43960E-06,2.3529E-01
-3.43920E-06,2.3432E-01
-3.43880E-06,2.3041E-01
-3.43840E-06,2.3139E-01
-3.43800E-06,2.2846E-01
-3.43760E-06,2.3236E-01
-3.43720E-06,2.2943E-01
-3.43680E-06,2.3432E-01
-3.43640E-06,2.3139E-01
-3.43600E-06,2.3041E-01
-3.43560E-06,2.3236E-01
-3.43520E-06,2.3041E-01
-3.43480E-06,2.3041E-01
-3.43440E-06,2.3236E-01
-3.43400E-06,2.3041E-01
-3.43360E-06,2.3334E-01
-3.43320E-06,2.3432E-01
-3.43280E-06,2.3432E-01
-3.43240E-06,2.3334E-01
-3.43200E-06,2.3432E-01
-3.43160E-06,2.3334E-01
-3.43120E-06,2.3334E-01
-3.43080E-06,2.3432E-01
-3.43040E-06,2.3236E-01
-3.43000E-06,2.3334E-01
-3.42960E-06,2.3334E-01
-3.42920E-06,2.3334E-01
-3.42880E-06,2.3432E-01
-3.42840E-06,2.3041E-01
-3.42800E-06,2.3432E-01
-3.42760E-06,2.3139E-01
-3.42720E-06,2.3139E-01
-3.42680E-06,2.2748E-01
-3.42640E-06,2.3139E-01
-3.42600E-06,2.3139E-01
-3.42560E-06,2.3139E-01
-3.42520E-06,2.3041E-01
-3.42480E-06,2.3529E-01
-3.42440E-06,2.3236E-01
-3.42400E-06,2.2846E-01
-3.42360E-06,2.3236E-01
-3.42320E-06,2.2943E-01
-3.42280E-06,2.3334E-01
-3.42240E-06,2.3236E-01
-3.42200E-06,2.3236E-01
-3.42160E-06,2.3334E-01
-3.42120E-06,2.3139E-01
-3.42080E-06,2.3334E-01
-3.42040E-06,2.3432E-01
-3.42000E-06,2.3041E-01
-3.41960E-06,2.3139E-01
-3.41920E-06,2.3041E-01
-3.41880E-06,2.3334E-01
-3.41840E-06,2.3432E-01
-3.41800E-06,2.2846E-01
-3.41760E-06,2.3041E-01
-3.41720E-06,2.3334E-01
-3.41680E-06,2.3334E-01
-3.41640E-06,2.3041E-01
-3.41600E-06,2.3041E-01
-3.41560E-06,2.3236E-01
-3.41520E-06,2.3236E-01
-3.41480E-06,2.3334E-01
-3.41440E-06,2.3139E-01
-3.41400E-06,2.3432E-01
-3.41360E-06,2.3139E-01
-3.41320E-06,2.3041E-01
-3.41280E-06,2.3334E-01
-3.41240E-06,2.3139E-01
-3.41200E-06,2.3139E-01
-3.41160E-06,2.3334E-01
-3.41120E-06,2.2943E-01
-3.41080E-06,2.3139E-01
-3.41040E-06,2.3041E-01
-3.41000E-06,2.3041E-01
-3.40960E-06,2.3139E-01
-3.40920E-06,2.2943E-01
-3.40880E-06,2.3334E-01
-3.40840E-06,2.2846E-01
-3.40800E-06,2.3334E-01
-3.40760E-06,2.3432E-01
-3.40720E-06,2.3139E-01
-3.40680E-06,2.3041E-01
-3.40640E-06,2.3432E-01
-3.40600E-06,2.3334E-01
-3.40560E-06,2.3139E-01
-3.40520E-06,2.3236E-01
-3.40480E-06,2.3334E-01
-3.40440E-06,2.3139E-01
-3.40400E-06,2.3139E-01
-3.40360E-06,2.3432E-01
-3.40320E-06,2.3334E-01
-3.40280E-06,2.2943E-01
-3.40240E-06,2.2846E-01
-3.40200E-06,2.2846E-01
-3.40160E-06,2.3139E-01
-3.40120E-06,2.2943E-01
-3.40080E-06,2.3432E-01
-3.40040E-06,2.3139E-01
-3.40000E-06,2.3041E-01
-3.39960E-06,2.3139E-01
-3.39920E-06,2.3432E-01
-3.39880E-06,2.3236E-01
-3.39840E-06,2.3041E-01
-3.39800E-06,2.3041E-01
-3.39760E-06,2.2748E-01
-3.39720E-06,2.3041E-01
-3.39680E-06,2.3139E-01
-3.39640E-06,2.3041E-01
-3.39600E-06,2.3334E-01
-3.39560E-06,2.3139E-01
-3.39520E-06,2.2846E-01
-3.39480E-06,2.3432E-01
-3.39440E-06,2.3139E-01
-3.39400E-06,2.3139E-01
-3.39360E-06,2.3041E-01
-3.39320E-06,2.3236E-01
-3.39280E-06,2.3334E-01
-3.39240E-06,2.3529E-01
-3.39200E-06,2.2943E-01
-3.39160E-06,2.3139E-01
-3.39120E-06,2.2748E-01
-3.39080E-06,2.3041E-01
-3.39040E-06,2.3041E-01
-3.39000E-06,2.3432E-01
-3.38960E-06,2.2943E-01
-3.38920E-06,2.3041E-01
-3.38880E-06,2.3139E-01
-3.38840E-06,2.2943E-01
-3.38800E-06,2.2846E-01
-3.38760E-06,2.3334E-01
-3.38720E-06,2.3529E-01
-3.38680E-06,2.3041E-01
-3.38640E-06,2.3432E-01
-3.38600E-06,2.3041E-01
-3.38560E-06,2.2943E-01
-3.38520E-06,2.3139E-01
-3.38480E-06,2.3139E-01
-3.38440E-06,2.3334E-01
-3.38400E-06,2.3041E-01
-3.38360E-06,2.3041E-01
-3.38320E-06,2.3139E-01
-3.38280E-06,2.3529E-01
-3.38240E-06,2.3139E-01
-3.38200E-06,2.3529E-01
-3.38160E-06,2.2943E-01
-3.38120E-06,2.3139E-01
-3.38080E-06,2.3432E-01
-3.38040E-06,2.3139E-01
-3.38000E-06,2.2846E-01
-3.37960E-06,2.3334E-01
-3.37920E-06,2.2943E-01
-3.37880E-06,2.3334E-01
-3.37840E-06,2.3041E-01
-3.37800E-06,2.3334E-01
-3.37760E-06,2.3041E-01
-3.37720E-06,2.3041E-01
-3.37680E-06,2.3041E-01
-3.37640E-06,2.3041E-01
-3.37600E-06,2.3236E-01
-3.37560E-06,2.3041E-01
-3.37520E-06,2.3236E-01
-3.37480E-06,2.2846E-01
-3.37440E-06,2.3041E-01
-3.37400E-06,2.3236E-01
-3.37360E-06,2.3139E-01
-3.37320E-06,2.3041E-01
-3.37280E-06,2.3041E-01
-3.37240E-06,2.3041E-01
-3.37200E-06,2.3041E-01
-3.37160E-06,2.3334E-01
-3.37120E-06,2.3334E-01
-3.37080E-06,2.3041E-01
-3.37040E-06,2.2943E-01
-3.37000E-06,2.3236E-01
-3.36960E-06,2.3041E-01
-3.36920E-06,2.3041E-01
-3.36880E-06,2.2943E-01
-3.36840E-06,2.3236E-01
-3.36800E-06,2.3041E-01
-3.36760E-06,2.3334E-01
-3.36720E-06,2.3432E-01
-3.36680E-06,2.3236E-01
-3.36640E-06,2.2846E-01
-3.36600E-06,2.3139E-01
-3.36560E-06,2.3041E-01
-3.36520E-06,2.3041E-01
-3.36480E-06,2.3041E-01
-3.36440E-06,2.3041E-01
-3.36400E-06,2.3139E-01
-3.36360E-06,2.3041E-01
-3.36320E-06,2.3334E-01
-3.36280E-06,2.2943E-01
-3.36240E-06,2.3236E-01
-3.36200E-06,2.3041E-01
-3.36160E-06,2.3139E-01
-3.36120E-06,2.3334E-01
-3.36080E-06,2.3334E-01
-3.36040E-06,2.2943E-01
-3.36000E-06,2.2846E-01
-3.35960E-06,2.3334E-01
-3.35920E-06,2.2943E-01
-3.35880E-06,2.2650E-01
-3.35840E-06,2.3041E-01
-3.35800E-06,2.3041E-01
-3.35760E-06,2.3041E-01
-3.35720E-06,2.3236E-01
-3.35680E-06,2.3139E-01
-3.35640E-06,2.3236E-01
-3.35600E-06,2.3334E-01
-3.35560E-06,2.2943E-01
-3.35520E-06,2.3236E-01
-3.35480E-06,2.3139E-01
-3.35440E-06,2.3041E-01
-3.35400E-06,2.3334E-01
-3.35360E-06,2.2748E-01
-3.35320E-06,2.2846E-01
-3.35280E-06,2.3041E-01
-3.35240E-06,2.3139E-01
-3.35200E-06,2.3139E-01
-3.35160E-06,2.3041E-01
-3.35120E-06,2.3236E-01
-3.35080E-06,2.3041E-01
-3.35040E-06,2.3139E-01
-3.35000E-06,2.3041E-01
-3.34960E-06,2.3139E-01
-3.34920E-06,2.3334E-01
-3.34880E-06,2.3041E-01
-3.34840E-06,2.3041E-01
-3.34800E-06,2.2943E-01
-3.34760E-06,2.3236E-01
-3.34720E-06,2.3236E-01
-3.34680E-06,2.3236E-01
-3.34640E-06,2.3139E-01
-3.34600E-06,2.3432E-01
-3.34560E-06,2.3139E-01
-3.34520E-06,2.3236E-01
-3.34480E-06,2.2943E-01
-3.34440E-06,2.2943E-01
-3.34400E-06,2.3139E-01
-3.34360E-06,2.3236E-01
-3.34320E-06,2.3041E-01
-3.34280E-06,2.2748E-01
-3.34240E-06,2.3139E-01
-3.34200E-06,2.3139E-01
-3.34160E-06,2.2943E-01
-3.34120E-06,2.3041E-01
-3.34080E-06,2.3041E-01
-3.34040E-06,2.3041E-01
-3.34000E-06,2.2846E-01
-3.33960E-06,2.3041E-01
-3.33920E-06,2.3139E-01
-3.33880E-06,2.3236E-01
-3.33840E-06,2.3334E-01
-3.33800E-06,2.3139E-01
-3.33760E-06,2.3236E-01
-3.33720E-06,2.3041E-01
-3.33680E-06,2.3334E-01
-3.33640E-06,2.3139E-01
-3.33600E-06,2.3041E-01
-3.33560E-06,2.3041E-01
-3.33520E-06,2.3139E-01
-3.33480E-06,2.3432E-01
-3.33440E-06,2.3041E-01
-3.33400E-06,2.3334E-01
-3.33360E-06,2.3139E-01
-3.33320E-06,2.3236E-01
-3.33280E-06,2.3139E-01
-3.33240E-06,2.3041E-01
-3.33200E-06,2.2943E-01
-3.33160E-06,2.3041E-01
-3.33120E-06,2.3432E-01
-3.33080E-06,2.3041E-01
-3.33040E-06,2.3334E-01
-3.33000E-06,2.3041E-01
-3.32960E-06,2.2943E-01
-3.32920E-06,2.3236E-01
-3.32880E-06,2.3139E-01
-3.32840E-06,2.2846E-01
-3.32800E-06,2.2846E-01
-3.32760E-06,2.3041E-01
-3.32720E-06,2.3041E-01
-3.32680E-06,2.3041E-01
-3.32640E-06,2.3139E-01
-3.32600E-06,2.2846E-01
-3.32560E-06,2.3334E-01
-3.32520E-06,2.3139E-01
-3.32480E-06,2.3139E-01
-3.32440E-06,2.3041E-01
-3.32400E-06,2.3432E-01
-3.32360E-06,2.3041E-01
-3.32320E-06,2.2846E-01
-3.32280E-06,2.2943E-01
-3.32240E-06,2.3041E-01
-3.32200E-06,2.3334E-01
-3.32160E-06,2.3139E-01
-3.32120E-06,2.3627E-01
-3.32080E-06,2.3041E-01
-3.32040E-06,2.3529E-01
-3.32000E-06,2.3236E-01
-3.31960E-06,2.3041E-01
-3.31920E-06,2.3236E-01
-3.31880E-06,2.2846E-01
-3.31840E-06,2.3529E-01
-3.31800E-06,2.3041E-01
-3.31760E-06,2.3139E-01
-3.31720E-06,2.3236E-01
-3.31680E-06,2.3334E-01
-3.31640E-06,2.3041E-01
-3.31600E-06,2.3041E-01
-3.31560E-06,2.3236E-01
-3.31520E-06,2.2943E-01
-3.31480E-06,2.3139E-01
-3.31440E-06,2.3041E-01
-3.31400E-06,2.3041E-01
-3.31360E-06,2.3041E-01
-3.31320E-06,2.3041E-01
-3.31280E-06,2.3041E-01
-3.31240E-06,2.2748E-01
-3.31200E-06,2.2748E-01
-3.31160E-06,2.2748E-01
-3.31120E-06,2.3236E-01
-3.31080E-06,2.3041E-01
-3.31040E-06,2.3041E-01
-3.31000E-06,2.2846E-01
-3.30960E-06,2.3041E-01
-3.30920E-06,2.2943E-01
-3.30880E-06,2.2943E-01
-3.30840E-06,2.3236E-01
-3.30800E-06,2.3236E-01
-3.30760E-06,2.3041E-01
-3.30720E-06,2.3139E-01
-3.30680E-06,2.2943E-01
-3.30640E-06,2.2943E-01
-3.30600E-06,2.2846E-01
-3.30560E-06,2.3139E-01
-3.30520E-06,2.2943E-01
-3.30480E-06,2.3139E-01
-3.30440E-06,2.3236E-01
-3.30400E-06,2.3139E-01
-3.30360E-06,2.2943E-01
-3.30320E-06,2.3236E-01
-3.30280E-06,2.3041E-01
-3.30240E-06,2.3139E-01
-3.30200E-06,2.3139E-01
-3.30160E-06,2.3139E-01
-3.30120E-06,2.3334E-01
-3.30080E-06,2.3236E-01
-3.30040E-06,2.3432E-01
-3.30000E-06,2.3236E-01
-3.29960E-06,2.3432E-01
-3.29920E-06,2.3432E-01
-3.29880E-06,2.3432E-01
-3.29840E-06,2.3334E-01
-3.29800E-06,2.3041E-01
-3.29760E-06,2.3041E-01
-3.29720E-06,2.3041E-01
-3.29680E-06,2.3041E-01
-3.29640E-06,2.2846E-01
-3.29600E-06,2.2943E-01
-3.29560E-06,2.3041E-01
-3.29520E-06,2.3041E-01
-3.29480E-06,2.3139E-01
-3.29440E-06,2.3334E-01
-3.29400E-06,2.3139E-01
-3.29360E-06,2.3432E-01
-3.29320E-06,2.3236E-01
-3.29280E-06,2.3236E-01
-3.29240E-06,2.2846E-01
-3.29200E-06,2.2943E-01
-3.29160E-06,2.2943E-01
-3.29120E-06,2.3139E-01
-3.29080E-06,2.3041E-01
-3.29040E-06,2.3139E-01
-3.29000E-06,2.2846E-01
-3.28960E-06,2.3041E-01
-3.28920E-06,2.3627E-01
-3.28880E-06,2.3041E-01
-3.28840E-06,2.3334E-01
-3.28800E-06,2.3041E-01
-3.28760E-06,2.3334E-01
-3.28720E-06,2.3139E-01
-3.28680E-06,2.3236E-01
-3.28640E-06,2.3139E-01
-3.28600E-06,2.2846E-01
-3.28560E-06,2.3139E-01
-3.28520E-06,2.3041E-01
-3.28480E-06,2.2846E-01
-3.28440E-06,2.2846E-01
-3.28400E-06,2.3041E-01
-3.28360E-06,2.3334E-01
-3.28320E-06,2.2846E-01
-3.28280E-06,2.3041E-01
-3.28240E-06,2.2943E-01
-3.28200E-06,2.3334E-01
-3.28160E-06,2.3139E-01
-3.28120E-06,2.3139E-01
-3.28080E-06,2.3236E-01
-3.28040E-06,2.3139E-01
-3.28000E-06,2.2846E-01
-3.27960E-06,2.3334E-01
-3.27920E-06,2.3334E-01
-3.27880E-06,2.3236E-01
-3.27840E-06,2.3432E-01
-3.27800E-06,2.3139E-01
-3.27760E-06,2.3334E-01
-3.27720E-06,2.3139E-01
-3.27680E-06,2.3041E-01
-3.27640E-06,2.3236E-01
-3.27600E-06,2.3139E-01
-3.27560E-06,2.3334E-01
-3.27520E-06,2.3236E-01
-3.27480E-06,2.2943E-01
-3.27440E-06,2.3139E-01
-3.27400E-06,2.2943E-01
-3.27360E-06,2.2846E-01
-3.27320E-06,2.2748E-01
-3.27280E-06,2.3139E-01
-3.27240E-06,2.3139E-01
-3.27200E-06,2.3139E-01
-3.27160E-06,2.3041E-01
-3.27120E-06,2.3432E-01
-3.27080E-06,2.3432E-01
-3.27040E-06,2.3041E-01
-3.27000E-06,2.3529E-01
-3.26960E-06,2.3041E-01
-3.26920E-06,2.3334E-01
-3.26880E-06,2.3432E-01
-3.26840E-06,2.3236E-01
-3.26800E-06,2.3041E-01
-3.26760E-06,2.2943E-01
-3.26720E-06,2.3334E-01
-3.26680E-06,2.2943E-01
-3.26640E-06,2.2943E-01
-3.26600E-06,2.2943E-01
-3.26560E-06,2.3334E-01
-3.26520E-06,2.3041E-01
-3.26480E-06,2.3236E-01
-3.26440E-06,2.3139E-01
-3.26400E-06,2.3139E-01
-3.26360E-06,2.3139E-01
-3.26320E-06,2.3139E-01
-3.26280E-06,2.3139E-01
-3.26240E-06,2.3041E-01
-3.26200E-06,2.3236E-01
-3.26160E-06,2.3139E-01
-3.26120E-06,2.3236E-01
-3.26080E-06,2.3334E-01
-3.26040E-06,2.3334E-01
-3.26000E-06,2.3432E-01
-3.25960E-06,2.3529E-01
-3.25920E-06,2.3334E-01
-3.25880E-06,2.3334E-01
-3.25840E-06,2.3236E-01
-3.25800E-06,2.3236E-01
-3.25760E-06,2.3139E-01
-3.25720E-06,2.3236E-01
-3.25680E-06,2.3139E-01
-3.25640E-06,2.3041E-01
-3.25600E-06,2.3139E-01
-3.25560E-06,2.3236E-01
-3.25520E-06,2.3236E-01
-3.25480E-06,2.3139E-01
-3.25440E-06,2.3236E-01
-3.25400E-06,2.3041E-01
-3.25360E-06,2.3041E-01
-3.25320E-06,2.3432E-01
-3.25280E-06,2.3432E-01
-3.25240E-06,2.3236E-01
-3.25200E-06,2.2748E-01
-3.25160E-06,2.3139E-01
-3.25120E-06,2.3236E-01
-3.25080E-06,2.3236E-01
-3.25040E-06,2.2943E-01
-3.25000E-06,2.3041E-01
-3.24960E-06,2.2943E-01
-3.24920E-06,2.3334E-01
-3.24880E-06,2.3139E-01
-3.24840E-06,2.3236E-01
-3.24800E-06,2.3432E-01
-3.24760E-06,2.3432E-01
-3.24720E-06,2.3139E-01
-3.24680E-06,2.3236E-01
-3.24640E-06,2.3334E-01
-3.24600E-06,2.3334E-01
-3.24560E-06,2.2943E-01
-3.24520E-06,2.2846E-01
-3.24480E-06,2.3236E-01
-3.24440E-06,2.3139E-01
-3.24400E-06,2.3139E-01
-3.24360E-06,2.3529E-01
-3.24320E-06,2.3236E-01
-3.24280E-06,2.3139E-01
-3.24240E-06,2.3041E-01
-3.24200E-06,2.3236E-01
-3.24160E-06,2.3529E-01
-3.24120E-06,2.2846E-01
-3.24080E-06,2.3139E-01
-3.24040E-06,2.3139E-01
-3.24000E-06,2.3041E-01
-3.23960E-06,2.3432E-01
-3.23920E-06,2.2846E-01
-3.23880E-06,2.3334E-01
-3.23840E-06,2.3139E-01
-3.23800E-06,2.3236E-01
-3.23760E-06,2.3139E-01
-3.23720E-06,2.3334E-01
-3.23680E-06,2.3041E-01
-3.23640E-06,2.3236E-01
-3.23600E-06,2.3139E-01
-3.23560E-06,2.3139E-01
-3.23520E-06,2.3334E-01
-3.23480E-06,2.2943E-01
-3.23440E-06,2.3139E-01
-3.23400E-06,2.3139E-01
-3.23360E-06,2.3432E-01
-3.23320E-06,2.3139E-01
-3.23280E-06,2.3334E-01
-3.23240E-06,2.3236E-01
-3.23200E-06,2.3236E-01
-3.23160E-06,2.3432E-01
-3.23120E-06,2.3041E-01
-3.23080E-06,2.3334E-01
-3.23040E-06,2.3334E-01
-3.23000E-06,2.3236E-01
-3.22960E-06,2.3139E-01
-3.22920E-06,2.3432E-01
-3.22880E-06,2.3334E-01
-3.22840E-06,2.3432E-01
-3.22800E-06,2.3041E-01
-3.22760E-06,2.2846E-01
-3.22720E-06,2.3041E-01
-3.22680E-06,2.3529E-01
-3.22640E-06,2.3139E-01
-3.22600E-06,2.3529E-01
-3.22560E-06,2.3432E-01
-3.22520E-06,2.3432E-01
-3.22480E-06,2.2846E-01
-3.22440E-06,2.2846E-01
-3.22400E-06,2.3139E-01
-3.22360E-06,2.3432E-01
-3.22320E-06,2.3139E-01
-3.22280E-06,2.3432E-01
-3.22240E-06,2.3725E-01
-3.22200E-06,2.3432E-01
-3.22160E-06,2.3139E-01
-3.22120E-06,2.3139E-01
-3.22080E-06,2.3139E-01
-3.22040E-06,2.3334E-01
-3.22000E-06,2.3432E-01
-3.21960E-06,2.3236E-01
-3.21920E-06,2.3041E-01
-3.21880E-06,2.3041E-01
-3.21840E-06,2.3041E-01
-3.21800E-06,2.3236E-01
-3.21760E-06,2.3139E-01
-3.21720E-06,2.3236E-01
-3.21680E-06,2.3334E-01
-3.21640E-06,2.3432E-01
-3.21600E-06,2.3139E-01
-3.21560E-06,2.3041E-01
-3.21520E-06,2.3236E-01
-3.21480E-06,2.3236E-01
-3.21440E-06,2.3041E-01
-3.21400E-06,2.3334E-01
-3.21360E-06,2.3236E-01
-3.21320E-06,2.3334E-01
-3.21280E-06,2.2943E-01
-3.21240E-06,2.3529E-01
-3.21200E-06,2.3041E-01
-3.21160E-06,2.3236E-01
-3.21120E-06,2.3334E-01
-3.21080E-06,2.3041E-01
-3.21040E-06,2.3236E-01
-3.21000E-06,2.2943E-01
-3.20960E-06,2.3041E-01
-3.20920E-06,2.3432E-01
-3.20880E-06,2.3139E-01
-3.20840E-06,2.3236E-01
-3.20800E-06,2.3041E-01
-3.20760E-06,2.3139E-01
-3.20720E-06,2.3236E-01
-3.20680E-06,2.3041E-01
-3.20640E-06,2.3236E-01
-3.20600E-06,2.3236E-01
-3.20560E-06,2.3041E-01
-3.20520E-06,2.3334E-01
-3.20480E-06,2.2943E-01
-3.20440E-06,2.3139E-01
-3.20400E-06,2.3139E-01
-3.20360E-06,2.3334E-01
-3.20320E-06,2.3139E-01
-3.20280E-06,2.2943E-01
-3.20240E-06,2.2943E-01
-3.20200E-06,2.3236E-01
-3.20160E-06,2.3139E-01
-3.20120E-06,2.3432E-01
-3.20080E-06,2.3139E-01
-3.20040E-06,2.3334E-01
-3.20000E-06,2.3139E-01
-3.19960E-06,2.3236E-01
-3.19920E-06,2.3334E-01
-3.19880E-06,2.3236E-01
-3.19840E-06,2.2943E-01
-3.19800E-06,2.3041E-01
-3.19760E-06,2.3334E-01
-3.19720E-06,2.3236E-01
-3.19680E-06,2.3139E-01
-3.19640E-06,2.3041E-01
-3.19600E-06,2.3041E-01
-3.19560E-06,2.3041E-01
-3.19520E-06,2.3041E-01
-3.19480E-06,2.3041E-01
-3.19440E-06,2.3041E-01
-3.19400E-06,2.3334E-01
-3.19360E-06,2.3041E-01
-3.19320E-06,2.3041E-01
-3.19280E-06,2.3041E-01
-3.19240E-06,2.3041E-01
-3.19200E-06,2.3041E-01
-3.19160E-06,2.3236E-01
-3.19120E-06,2.3334E-01
-3.19080E-06,2.2943E-01
-3.19040E-06,2.3236E-01
-3.19000E-06,2.2943E-01
-3.18960E-06,2.3139E-01
-3.18920E-06,2.3236E-01
-3.18880E-06,2.3334E-01
-3.18840E-06,2.3236E-01
-3.18800E-06,2.2943E-01
-3.18760E-06,2.3432E-01
-3.18720E-06,2.3041E-01
-3.18680E-06,2.3041E-01
-3.18640E-06,2.3041E-01
-3.18600E-06,2.3236E-01
-3.18560E-06,2.3432E-01
-3.18520E-06,2.3041E-01
-3.18480E-06,2.3236E-01
-3.18440E-06,2.3334E-01
-3.18400E-06,2.3334E-01
-3.18360E-06,2.3041E-01
-3.18320E-06,2.3139E-01
-3.18280E-06,2.3041E-01
-3.18240E-06,2.3529E-01
-3.18200E-06,2.3041E-01
-3.18160E-06,2.2943E-01
-3.18120E-06,2.3041E-01
-3.18080E-06,2.2846E-01
-3.18040E-06,2.3334E-01
-3.18000E-06,2.3041E-01
-3.17960E-06,2.3432E-01
-3.17920E-06,2.2943E-01
-3.17880E-06,2.3236E-01
-3.17840E-06,2.2943E-01
-3.17800E-06,2.3139E-01
-3.17760E-06,2.3139E-01
-3.17720E-06,2.2846E-01
-3.17680E-06,2.2748E-01
-3.17640E-06,2.2846E-01
-3.17600E-06,2.3041E-01
-3.17560E-06,2.3041E-01
-3.17520E-06,2.3236E-01
-3.17480E-06,2.3334E-01
-3.17440E-06,2.2846E-01
-3.17400E-06,2.3041E-01
-3.17360E-06,2.2943E-01
-3.17320E-06,2.3236E-01
-3.17280E-06,2.2943E-01
-3.17240E-06,2.2943E-01
-3.17200E-06,2.3041E-01
-3.17160E-06,2.2943E-01
-3.17120E-06,2.3041E-01
-3.17080E-06,2.2650E-01
-3.17040E-06,2.3236E-01
-3.17000E-06,2.3236E-01
-3.16960E-06,2.3236E-01
-3.16920E-06,2.2943E-01
-3.16880E-06,2.3236E-01
-3.16840E-06,2.3139E-01
-3.16800E-06,2.2943E-01
-3.16760E-06,2.3139E-01
-3.16720E-06,2.2846E-01
-3.16680E-06,2.3334E-01
-3.16640E-06,2.3041E-01
-3.16600E-06,2.2943E-01
-3.16560E-06,2.2748E-01
-3.16520E-06,2.3041E-01
-3.16480E-06,2.3334E-01
-3.16440E-06,2.2943E-01
-3.16400E-06,2.2748E-01
-3.16360E-06,2.2650E-01
-3.16320E-06,2.3236E-01
-3.16280E-06,2.3236E-01
-3.16240E-06,2.2846E-01
-3.16200E-06,2.2846E-01
-3.16160E-06,2.3334E-01
-3.16120E-06,2.3236E-01
-3.16080E-06,2.2846E-01
-3.16040E-06,2.2846E-01
-3.16000E-06,2.2846E-01
-3.15960E-06,2.3139E-01
-3.15920E-06,2.3236E-01
-3.15880E-06,2.3041E-01
-3.15840E-06,2.3041E-01
-3.15800E-06,2.2846E-01
-3.15760E-06,2.2846E-01
-3.15720E-06,2.3041E-01
-3.15680E-06,2.3432E-01
-3.15640E-06,2.3041E-01
-3.15600E-06,2.2553E-01
-3.15560E-06,2.2748E-01
-3.15520E-06,2.2846E-01
-3.15480E-06,2.3041E-01
-3.15440E-06,2.3041E-01
-3.15400E-06,2.3139E-01
-3.15360E-06,2.3041E-01
-3.15320E-06,2.2846E-01
-3.15280E-06,2.3139E-01
-3.15240E-06,2.2748E-01
-3.15200E-06,2.3041E-01
-3.15160E-06,2.2846E-01
-3.15120E-06,2.2846E-01
-3.15080E-06,2.2943E-01
-3.15040E-06,2.2748E-01
-3.15000E-06,2.3041E-01
-3.14960E-06,2.3334E-01
-3.14920E-06,2.2846E-01
-3.14880E-06,2.3139E-01
-3.14840E-06,2.3041E-01
-3.14800E-06,2.2846E-01
-3.14760E-06,2.3236E-01
-3.14720E-06,2.2943E-01
-3.14680E-06,2.3041E-01
-3.14640E-06,2.3139E-01
-3.14600E-06,2.2846E-01
-3.14560E-06,2.3139E-01
-3.14520E-06,2.2943E-01
-3.14480E-06,2.3334E-01
-3.14440E-06,2.2943E-01
-3.14400E-06,2.2846E-01
-3.14360E-06,2.2943E-01
-3.14320E-06,2.2943E-01
-3.14280E-06,2.2943E-01
-3.14240E-06,2.2846E-01
-3.14200E-06,2.3334E-01
-3.14160E-06,2.3041E-01
-3.14120E-06,2.3139E-01
-3.14080E-06,2.2846E-01
-3.14040E-06,2.3041E-01
-3.14000E-06,2.3041E-01
-3.13960E-06,2.3334E-01
-3.13920E-06,2.3041E-01
-3.13880E-06,2.2748E-01
-3.13840E-06,2.2943E-01
-3.13800E-06,2.2846E-01
-3.13760E-06,2.3139E-01
-3.13720E-06,2.2846E-01
-3.13680E-06,2.3041E-01
-3.13640E-06,2.3041E-01
-3.13600E-06,2.2943E-01
-3.13560E-06,2.3236E-01
-3.13520E-06,2.2943E-01
-3.13480E-06,2.2943E-01
-3.13440E-06,2.3041E-01
-3.13400E-06,2.2846E-01
-3.13360E-06,2.3236E-01
-3.13320E-06,2.2650E-01
-3.13280E-06,2.3139E-01
-3.13240E-06,2.2943E-01
-3.13200E-06,2.3041E-01
-3.13160E-06,2.2846E-01
-3.13120E-06,2.3139E-01
-3.13080E-06,2.2846E-01
-3.13040E-06,2.2846E-01
-3.13000E-06,2.3139E-01
-3.12960E-06,2.3041E-01
-3.12920E-06,2.3041E-01
-3.12880E-06,2.3041E-01
-3.12840E-06,2.3334E-01
-3.12800E-06,2.3041E-01
-3.12760E-06,2.2846E-01
-3.12720E-06,2.2846E-01
-3.12680E-06,2.3041E-01
-3.12640E-06,2.3139E-01
-3.12600E-06,2.3041E-01
-3.12560E-06,2.2846E-01
-3.12520E-06,2.3041E-01
-3.12480E-06,2.3041E-01
-3.12440E-06,2.3236E-01
-3.12400E-06,2.3041E-01
-3.12360E-06,2.3041E-01
-3.12320E-06,2.2943E-01
-3.12280E-06,2.3236E-01
-3.12240E-06,2.3041E-01
-3.12200E-06,2.2846E-01
-3.12160E-06,2.3139E-01
-3.12120E-06,2.3041E-01
-3.12080E-06,2.3236E-01
-3.12040E-06,2.2943E-01
-3.12000E-06,2.3236E-01
-3.11960E-06,2.3432E-01
-3.11920E-06,2.3334E-01
-3.11880E-06,2.2943E-01
-3.11840E-06,2.3236E-01
-3.11800E-06,2.3139E-01
-3.11760E-06,2.2943E-01
-3.11720E-06,2.3041E-01
-3.11680E-06,2.3041E-01
-3.11640E-06,2.3236E-01
-3.11600E-06,2.2846E-01
-3.11560E-06,2.3139E-01
-3.11520E-06,2.3139E-01
-3.11480E-06,2.3041E-01
-3.11440E-06,2.2846E-01
-3.11400E-06,2.2943E-01
-3.11360E-06,2.2846E-01
-3.11320E-06,2.2943E-01
-3.11280E-06,2.2846E-01
-3.11240E-06,2.2748E-01
-3.11200E-06,2.2846E-01
-3.11160E-06,2.3236E-01
-3.11120E-06,2.3139E-01
-3.11080E-06,2.3334E-01
-3.11040E-06,2.2943E-01
-3.11000E-06,2.3041E-01
-3.10960E-06,2.2943E-01
-3.10920E-06,2.3236E-01
-3.10880E-06,2.3334E-01
-3.10840E-06,2.2943E-01
-3.10800E-06,2.2846E-01
-3.10760E-06,2.3236E-01
-3.10720E-06,2.3139E-01
-3.10680E-06,2.2846E-01
-3.10640E-06,2.3139E-01
-3.10600E-06,2.3139E-01
-3.10560E-06,2.3139E-01
-3.10520E-06,2.3334E-01
-3.10480E-06,2.3236E-01
-3.10440E-06,2.3139E-01
-3.10400E-06,2.2943E-01
-3.10360E-06,2.3041E-01
-3.10320E-06,2.3041E-01
-3.10280E-06,2.3041E-01
-3.10240E-06,2.2846E-01
-3.10200E-06,2.3041E-01
-3.10160E-06,2.2943E-01
-3.10120E-06,2.2943E-01
-3.10080E-06,2.3139E-01
-3.10040E-06,2.2943E-01
-3.10000E-06,2.2846E-01
-3.09960E-06,2.3041E-01
-3.09920E-06,2.3236E-01
-3.09880E-06,2.3041E-01
-3.09840E-06,2.3236E-01
-3.09800E-06,2.2943E-01
-3.09760E-06,2.3236E-01
-3.09720E-06,2.3236E-01
-3.09680E-06,2.3041E-01
-3.09640E-06,2.3041E-01
-3.09600E-06,2.3041E-01
-3.09560E-06,2.3236E-01
-3.09520E-06,2.3139E-01
-3.09480E-06,2.3334E-01
-3.09440E-06,2.2943E-01
-3.09400E-06,2.3041E-01
-3.09360E-06,2.3236E-01
-3.09320E-06,2.3041E-01
-3.09280E-06,2.3627E-01
-3.09240E-06,2.2748E-01
-3.09200E-06,2.2943E-01
-3.09160E-06,2.3041E-01
-3.09120E-06,2.3041E-01
-3.09080E-06,2.3041E-01
-3.09040E-06,2.2846E-01
-3.09000E-06,2.3139E-01
-3.08960E-06,2.2846E-01
-3.08920E-06,2.2748E-01
-3.08880E-06,2.3041E-01
-3.08840E-06,2.3041E-01
-3.08800E-06,2.3334E-01
-3.08760E-06,2.2748E-01
-3.08720E-06,2.3041E-01
-3.08680E-06,2.2943E-01
-3.08640E-06,2.2943E-01
-3.08600E-06,2.3041E-01
-3.08560E-06,2.3041E-01
-3.08520E-06,2.3334E-01
-3.08480E-06,2.3041E-01
-3.08440E-06,2.3334E-01
-3.08400E-06,2.3041E-01
-3.08360E-06,2.3236E-01
-3.08320E-06,2.3432E-01
-3.08280E-06,2.3041E-01
-3.08240E-06,2.3334E-01
-3.08200E-06,2.3041E-01
-3.08160E-06,2.2943E-01
-3.08120E-06,2.3139E-01
-3.08080E-06,2.3236E-01
-3.08040E-06,2.3041E-01
-3.08000E-06,2.2846E-01
-3.07960E-06,2.2846E-01
-3.07920E-06,2.3139E-01
-3.07880E-06,2.3041E-01
-3.07840E-06,2.3041E-01
-3.07800E-06,2.3041E-01
-3.07760E-06,2.3041E-01
-3.07720E-06,2.3041E-01
-3.07680E-06,2.3236E-01
-3.07640E-06,2.2846E-01
-3.07600E-06,2.3236E-01
-3.07560E-06,2.3334E-01
-3.07520E-06,2.2943E-01
-3.07480E-06,2.2943E-01
-3.07440E-06,2.3041E-01
-3.07400E-06,2.2748E-01
-3.07360E-06,2.3139E-01
-3.07320E-06,2.3139E-01
-3.07280E-06,2.2846E-01
-3.07240E-06,2.3041E-01
-3.07200E-06,2.3041E-01
-3.07160E-06,2.3041E-01
-3.07120E-06,2.3041E-01
-3.07080E-06,2.3432E-01
-3.07040E-06,2.3139E-01
-3.07000E-06,2.3236E-01
-3.06960E-06,2.3041E-01
-3.06920E-06,2.3432E-01
-3.06880E-06,2.3139E-01
-3.06840E-06,2.3432E-01
-3.06800E-06,2.3236E-01
-3.06760E-06,2.3041E-01
-3.06720E-06,2.3041E-01
-3.06680E-06,2.3236E-01
-3.06640E-06,2.3236E-01
-3.06600E-06,2.3041E-01
-3.06560E-06,2.3139E-01
-3.06520E-06,2.3139E-01
-3.06480E-06,2.2748E-01
-3.06440E-06,2.3334E-01
-3.06400E-06,2.3041E-01
-3.06360E-06,2.3041E-01
-3.06320E-06,2.3139E-01
-3.06280E-06,2.2846E-01
-3.06240E-06,2.3236E-01
-3.06200E-06,2.3041E-01
-3.06160E-06,2.3041E-01
-3.06120E-06,2.3236E-01
-3.06080E-06,2.3139E-01
-3.06040E-06,2.3139E-01
-3.06000E-06,2.3139E-01
-3.05960E-06,2.3334E-01
-3.05920E-06,2.3334E-01
-3.05880E-06,2.3041E-01
-3.05840E-06,2.2846E-01
-3.05800E-06,2.3041E-01
-3.05760E-06,2.3236E-01
-3.05720E-06,2.3041E-01
-3.05680E-06,2.2943E-01
-3.05640E-06,2.3041E-01
-3.05600E-06,2.3432E-01
-3.05560E-06,2.2943E-01
-3.05520E-06,2.3041E-01
-3.05480E-06,2.3041E-01
-3.05440E-06,2.3041E-01
-3.05400E-06,2.3139E-01
-3.05360E-06,2.3139E-01
-3.05320E-06,2.3041E-01
-3.05280E-06,2.2846E-01
-3.05240E-06,2.2943E-01
-3.05200E-06,2.2748E-01
-3.05160E-06,2.3334E-01
-3.05120E-06,2.3139E-01
-3.05080E-06,2.2943E-01
-3.05040E-06,2.3432E-01
-3.05000E-06,2.3334E-01
-3.04960E-06,2.3236E-01
-3.04920E-06,2.3139E-01
-3.04880E-06,2.2943E-01
-3.04840E-06,2.3041E-01
-3.04800E-06,2.3236E-01
-3.04760E-06,2.2846E-01
-3.04720E-06,2.3139E-01
-3.04680E-06,2.3334E-01
-3.04640E-06,2.2943E-01
-3.04600E-06,2.3041E-01
-3.04560E-06,2.3139E-01
-3.04520E-06,2.3334E-01
-3.04480E-06,2.2943E-01
-3.04440E-06,2.3236E-01
-3.04400E-06,2.3139E-01
-3.04360E-06,2.3334E-01
-3.04320E-06,2.3139E-01
-3.04280E-06,2.3139E-01
-3.04240E-06,2.3139E-01
-3.04200E-06,2.3236E-01
-3.04160E-06,2.3139E-01
-3.04120E-06,2.3139E-01
-3.04080E-06,2.3041E-01
-3.04040E-06,2.3041E-01
-3.04000E-06,2.3041E-01
-3.03960E-06,2.3432E-01
-3.03920E-06,2.3139E-01
-3.03880E-06,2.3139E-01
-3.03840E-06,2.3139E-01
-3.03800E-06,2.3139E-01
-3.03760E-06,2.3236E-01
-3.03720E-06,2.3236E-01
-3.03680E-06,2.3139E-01
-3.03640E-06,2.3041E-01
-3.03600E-06,2.3236E-01
-3.03560E-06,2.3236E-01
-3.03520E-06,2.2846E-01
-3.03480E-06,2.3334E-01
-3.03440E-06,2.3041E-01
-3.03400E-06,2.3529E-01
-3.03360E-06,2.3236E-01
-3.03320E-06,2.3334E-01
-3.03280E-06,2.3041E-01
-3.03240E-06,2.3236E-01
-3.03200E-06,2.3236E-01
-3.03160E-06,2.3041E-01
-3.03120E-06,2.3334E-01
-3.03080E-06,2.3041E-01
-3.03040E-06,2.3236E-01
-3.03000E-06,2.3432E-01
-3.02960E-06,2.3236E-01
-3.02920E-06,2.3139E-01
-3.02880E-06,2.3236E-01
-3.02840E-06,2.3432E-01
-3.02800E-06,2.3334E-01
-3.02760E-06,2.3236E-01
-3.02720E-06,2.3334E-01
-3.02680E-06,2.3139E-01
-3.02640E-06,2.2943E-01
-3.02600E-06,2.3334E-01
-3.02560E-06,2.3139E-01
-3.02520E-06,2.3139E-01
-3.02480E-06,2.3139E-01
-3.02440E-06,2.3334E-01
-3.02400E-06,2.3139E-01
-3.02360E-06,2.2943E-01
-3.02320E-06,2.3432E-01
-3.02280E-06,2.3139E-01
-3.02240E-06,2.3041E-01
-3.02200E-06,2.3041E-01
-3.02160E-06,2.3139E-01
-3.02120E-06,2.3236E-01
-3.02080E-06,2.2846E-01
-3.02040E-06,2.3236E-01
-3.02000E-06,2.3041E-01
-3.01960E-06,2.3236E-01
-3.01920E-06,2.3041E-01
-3.01880E-06,2.3041E-01
-3.01840E-06,2.3334E-01
-3.01800E-06,2.3041E-01
-3.01760E-06,2.3432E-01
-3.01720E-06,2.3432E-01
-3.01680E-06,2.3334E-01
-3.01640E-06,2.3041E-01
-3.01600E-06,2.3334E-01
-3.01560E-06,2.3139E-01
-3.01520E-06,2.3041E-01
-3.01480E-06,2.3334E-01
-3.01440E-06,2.3139E-01
-3.01400E-06,2.3334E-01
-3.01360E-06,2.3041E-01
-3.01320E-06,2.3139E-01
-3.01280E-06,2.3041E-01
-3.01240E-06,2.3139E-01
-3.01200E-06,2.3041E-01
-3.01160E-06,2.3236E-01
-3.01120E-06,2.3139E-01
-3.01080E-06,2.3139E-01
-3.01040E-06,2.3236E-01
-3.01000E-06,2.3041E-01
-3.00960E-06,2.2846E-01
-3.00920E-06,2.2846E-01
-3.00880E-06,2.3041E-01
-3.00840E-06,2.3236E-01
-3.00800E-06,2.2553E-01
-3.00760E-06,2.3041E-01
-3.00720E-06,2.3139E-01
-3.00680E-06,2.3139E-01
-3.00640E-06,2.3236E-01
-3.00600E-06,2.3236E-01
-3.00560E-06,2.3236E-01
-3.00520E-06,2.3139E-01
-3.00480E-06,2.3139E-01
-3.00440E-06,2.3432E-01
-3.00400E-06,2.3041E-01
-3.00360E-06,2.3139E-01
-3.00320E-06,2.3236E-01
-3.00280E-06,2.3041E-01
-3.00240E-06,2.3139E-01
-3.00200E-06,2.2846E-01
-3.00160E-06,2.3236E-01
-3.00120E-06,2.3236E-01
-3.00080E-06,2.3041E-01
-3.00040E-06,2.3432E-01
-3.00000E-06,2.3041E-01
-2.99960E-06,2.3334E-01
-2.99920E-06,2.3041E-01
-2.99880E-06,2.3139E-01
-2.99840E-06,2.3334E-01
-2.99800E-06,2.3139E-01
-2.99760E-06,2.3139E-01
-2.99720E-06,2.2846E-01
-2.99680E-06,2.3432E-01
-2.99640E-06,2.3041E-01
-2.99600E-06,2.3432E-01
-2.99560E-06,2.2846E-01
-2.99520E-06,2.3041E-01
-2.99480E-06,2.3334E-01
-2.99440E-06,2.2943E-01
-2.99400E-06,2.3139E-01
-2.99360E-06,2.2943E-01
-2.99320E-06,2.2650E-01
-2.99280E-06,2.3236E-01
-2.99240E-06,2.3041E-01
-2.99200E-06,2.3236E-01
-2.99160E-06,2.3432E-01
-2.99120E-06,2.3139E-01
-2.99080E-06,2.3529E-01
-2.99040E-06,2.3236E-01
-2.99000E-06,2.3334E-01
-2.98960E-06,2.3432E-01
-2.98920E-06,2.3529E-01
-2.98880E-06,2.3041E-01
-2.98840E-06,2.3236E-01
-2.98800E-06,2.3236E-01
-2.98760E-06,2.3334E-01
-2.98720E-06,2.3334E-01
-2.98680E-06,2.3334E-01
-2.98640E-06,2.3432E-01
-2.98600E-06,2.3139E-01
-2.98560E-06,2.3334E-01
-2.98520E-06,2.3236E-01
-2.98480E-06,2.3236E-01
-2.98440E-06,2.3432E-01
-2.98400E-06,2.3041E-01
-2.98360E-06,2.3334E-01
-2.98320E-06,2.3334E-01
-2.98280E-06,2.3432E-01
-2.98240E-06,2.3334E-01
-2.98200E-06,2.3041E-01
-2.98160E-06,2.3334E-01
-2.98120E-06,2.2943E-01
-2.98080E-06,2.3139E-01
-2.98040E-06,2.3139E-01
-2.98000E-06,2.3041E-01
-2.97960E-06,2.3236E-01
-2.97920E-06,2.3236E-01
-2.97880E-06,2.3139E-01
-2.97840E-06,2.3139E-01
-2.97800E-06,2.3432E-01
-2.97760E-06,2.3334E-01
-2.97720E-06,2.3432E-01
-2.97680E-06,2.3432E-01
-2.97640E-06,2.3432E-01
-2.97600E-06,2.3334E-01
-2.97560E-06,2.3432E-01
-2.97520E-06,2.3041E-01
-2.97480E-06,2.3529E-01
-2.97440E-06,2.3236E-01
-2.97400E-06,2.3334E-01
-2.97360E-06,2.3432E-01
-2.97320E-06,2.3041E-01
-2.97280E-06,2.3334E-01
-2.97240E-06,2.2943E-01
-2.97200E-06,2.3334E-01
-2.97160E-06,2.3139E-01
-2.97120E-06,2.3334E-01
-2.97080E-06,2.3139E-01
-2.97040E-06,2.3334E-01
-2.97000E-06,2.3041E-01
-2.96960E-06,2.3139E-01
-2.96920E-06,2.3432E-01
-2.96880E-06,2.3139E-01
-2.96840E-06,2.3236E-01
-2.96800E-06,2.3236E-01
-2.96760E-06,2.3139E-01
-2.96720E-06,2.3139E-01
-2.96680E-06,2.3236E-01
-2.96640E-06,2.3139E-01
-2.96600E-06,2.3041E-01
-2.96560E-06,2.3139E-01
-2.96520E-06,2.3139E-01
-2.96480E-06,2.3041E-01
-2.96440E-06,2.3334E-01
-2.96400E-06,2.3139E-01
-2.96360E-06,2.3139E-01
-2.96320E-06,2.3334E-01
-2.96280E-06,2.3041E-01
-2.96240E-06,2.3334E-01
-2.96200E-06,2.3334E-01
-2.96160E-06,2.3041E-01
-2.96120E-06,2.3139E-01
-2.96080E-06,2.3236E-01
-2.96040E-06,2.3139E-01
-2.96000E-06,2.3334E-01
-2.95960E-06,2.3725E-01
-2.95920E-06,2.2846E-01
-2.95880E-06,2.3041E-01
-2.95840E-06,2.3432E-01
-2.95800E-06,2.3236E-01
-2.95760E-06,2.3236E-01
-2.95720E-06,2.3139E-01
-2.95680E-06,2.2846E-01
-2.95640E-06,2.2748E-01
-2.95600E-06,2.3139E-01
-2.95560E-06,2.3236E-01
-2.95520E-06,2.3334E-01
-2.95480E-06,2.3432E-01
-2.95440E-06,2.3334E-01
-2.95400E-06,2.3236E-01
-2.95360E-06,2.3627E-01
-2.95320E-06,2.3334E-01
-2.95280E-06,2.3432E-01
-2.95240E-06,2.3139E-01
-2.95200E-06,2.3334E-01
-2.95160E-06,2.3432E-01
-2.95120E-06,2.3139E-01
-2.95080E-06,2.3334E-01
-2.95040E-06,2.2943E-01
-2.95000E-06,2.3334E-01
-2.94960E-06,2.3041E-01
-2.94920E-06,2.3432E-01
-2.94880E-06,2.3041E-01
-2.94840E-06,2.3041E-01
-2.94800E-06,2.3432E-01
-2.94760E-06,2.3432E-01
-2.94720E-06,2.3334E-01
-2.94680E-06,2.3334E-01
-2.94640E-06,2.3432E-01
-2.94600E-06,2.3334E-01
-2.94560E-06,2.2943E-01
-2.94520E-06,2.3139E-01
-2.94480E-06,2.3432E-01
-2.94440E-06,2.3334E-01
-2.94400E-06,2.3236E-01
-2.94360E-06,2.3432E-01
-2.94320E-06,2.3432E-01
-2.94280E-06,2.3139E-01
-2.94240E-06,2.3334E-01
-2.94200E-06,2.3432E-01
-2.94160E-06,2.3041E-01
-2.94120E-06,2.3236E-01
-2.94080E-06,2.3236E-01
-2.94040E-06,2.3432E-01
-2.94000E-06,2.3725E-01
-2.93960E-06,2.3139E-01
-2.93920E-06,2.3041E-01
-2.93880E-06,2.3041E-01
-2.93840E-06,2.3432E-01
-2.93800E-06,2.3529E-01
-2.93760E-06,2.3334E-01
-2.93720E-06,2.3334E-01
-2.93680E-06,2.3041E-01
-2.93640E-06,2.3529E-01
-2.93600E-06,2.3139E-01
-2.93560E-06,2.3334E-01
-2.93520E-06,2.3334E-01
-2.93480E-06,2.3236E-01
-2.93440E-06,2.3627E-01
-2.93400E-06,2.3432E-01
-2.93360E-06,2.3139E-01
-2.93320E-06,2.3529E-01
-2.93280E-06,2.3041E-01
-2.93240E-06,2.3236E-01
-2.93200E-06,2.3334E-01
-2.93160E-06,2.3725E-01
-2.93120E-06,2.3432E-01
-2.93080E-06,2.3529E-01
-2.93040E-06,2.3139E-01
-2.93000E-06,2.3334E-01
-2.92960E-06,2.3139E-01
-2.92920E-06,2.3432E-01
-2.92880E-06,2.3627E-01
-2.92840E-06,2.3139E-01
-2.92800E-06,2.3236E-01
-2.92760E-06,2.3432E-01
-2.92720E-06,2.3334E-01
-2.92680E-06,2.3236E-01
-2.92640E-06,2.3334E-01
-2.92600E-06,2.3236E-01
-2.92560E-06,2.3432E-01
-2.92520E-06,2.3041E-01
-2.92480E-06,2.3236E-01
-2.92440E-06,2.3041E-01
-2.92400E-06,2.3041E-01
-2.92360E-06,2.3334E-01
-2.92320E-06,2.3236E-01
-2.92280E-06,2.3334E-01
-2.92240E-06,2.3236E-01
-2.92200E-06,2.3432E-01
-2.92160E-06,2.3334E-01
-2.92120E-06,2.3041E-01
-2.92080E-06,2.3139E-01
-2.92040E-06,2.3432E-01
-2.92000E-06,2.3334E-01
-2.91960E-06,2.3334E-01
-2.91920E-06,2.3139E-01
-2.91880E-06,2.3236E-01
-2.91840E-06,2.3334E-01
-2.91800E-06,2.3432E-01
-2.91760E-06,2.3139E-01
-2.91720E-06,2.3334E-01
-2.91680E-06,2.3334E-01
-2.91640E-06,2.3041E-01
-2.91600E-06,2.3334E-01
-2.91560E-06,2.3236E-01
-2.91520E-06,2.3236E-01
-2.91480E-06,2.3041E-01
-2.91440E-06,2.3139E-01
-2.91400E-06,2.3334E-01
-2.91360E-06,2.3627E-01
-2.91320E-06,2.3529E-01
-2.91280E-06,2.3432E-01
-2.91240E-06,2.3139E-01
-2.91200E-06,2.3334E-01
-2.91160E-06,2.3627E-01
-2.91120E-06,2.3139E-01
-2.91080E-06,2.3041E-01
-2.91040E-06,2.3529E-01
-2.91000E-06,2.3432E-01
-2.90960E-06,2.3236E-01
-2.90920E-06,2.3334E-01
-2.90880E-06,2.3334E-01
-2.90840E-06,2.3041E-01
-2.90800E-06,2.3334E-01
-2.90760E-06,2.3432E-01
-2.90720E-06,2.3334E-01
-2.90680E-06,2.3432E-01
-2.90640E-06,2.3334E-01
-2.90600E-06,2.3236E-01
-2.90560E-06,2.3139E-01
-2.90520E-06,2.3432E-01
-2.90480E-06,2.3725E-01
-2.90440E-06,2.3139E-01
-2.90400E-06,2.3334E-01
-2.90360E-06,2.3529E-01
-2.90320E-06,2.3529E-01
-2.90280E-06,2.3236E-01
-2.90240E-06,2.3334E-01
-2.90200E-06,2.3139E-01
-2.90160E-06,2.3236E-01
-2.90120E-06,2.3139E-01
-2.90080E-06,2.3432E-01
-2.90040E-06,2.3432E-01
-2.90000E-06,2.3529E-01
-2.89960E-06,2.3334E-01
-2.89920E-06,2.3432E-01
-2.89880E-06,2.3432E-01
-2.89840E-06,2.3334E-01
-2.89800E-06,2.3236E-01
-2.89760E-06,2.3432E-01
-2.89720E-06,2.3334E-01
-2.89680E-06,2.3627E-01
-2.89640E-06,2.3139E-01
-2.89600E-06,2.3432E-01
-2.89560E-06,2.3432E-01
-2.89520E-06,2.3334E-01
-2.89480E-06,2.3139E-01
-2.89440E-06,2.3529E-01
-2.89400E-06,2.3139E-01
-2.89360E-06,2.3139E-01
-2.89320E-06,2.3432E-01
-2.89280E-06,2.3236E-01
-2.89240E-06,2.3432E-01
-2.89200E-06,2.3432E-01
-2.89160E-06,2.3529E-01
-2.89120E-06,2.3529E-01
-2.89080E-06,2.3139E-01
-2.89040E-06,2.3236E-01
-2.89000E-06,2.3236E-01
-2.88960E-06,2.3432E-01
-2.88920E-06,2.3432E-01
-2.88880E-06,2.2943E-01
-2.88840E-06,2.3236E-01
-2.88800E-06,2.3627E-01
-2.88760E-06,2.3627E-01
-2.88720E-06,2.3432E-01
-2.88680E-06,2.3432E-01
-2.88640E-06,2.3041E-01
-2.88600E-06,2.3139E-01
-2.88560E-06,2.2846E-01
-2.88520E-06,2.3334E-01
-2.88480E-06,2.3432E-01
-2.88440E-06,2.3529E-01
-2.88400E-06,2.3529E-01
-2.88360E-06,2.3432E-01
-2.88320E-06,2.3432E-01
-2.88280E-06,2.3432E-01
-2.88240E-06,2.3432E-01
-2.88200E-06,2.3432E-01
-2.88160E-06,2.3627E-01
-2.88120E-06,2.3529E-01
-2.88080E-06,2.3432E-01
-2.88040E-06,2.3432E-01
-2.88000E-06,2.3139E-01
-2.87960E-06,2.3432E-01
-2.87920E-06,2.3432E-01
-2.87880E-06,2.3432E-01
-2.87840E-06,2.3139E-01
-2.87800E-06,2.3139E-01
-2.87760E-06,2.3627E-01
-2.87720E-06,2.3334E-01
-2.87680E-06,2.3334E-01
-2.87640E-06,2.3627E-01
-2.87600E-06,2.3139E-01
-2.87560E-06,2.3334E-01
-2.87520E-06,2.3432E-01
-2.87480E-06,2.3139E-01
-2.87440E-06,2.3139E-01
-2.87400E-06,2.3334E-01
-2.87360E-06,2.3334E-01
-2.87320E-06,2.3236E-01
-2.87280E-06,2.3432E-01
-2.87240E-06,2.3139E-01
-2.87200E-06,2.3334E-01
-2.87160E-06,2.3432E-01
-2.87120E-06,2.3529E-01
-2.87080E-06,2.3627E-01
-2.87040E-06,2.3432E-01
-2.87000E-06,2.3139E-01
-2.86960E-06,2.3627E-01
-2.86920E-06,2.3432E-01
-2.86880E-06,2.3139E-01
-2.86840E-06,2.3334E-01
-2.86800E-06,2.3334E-01
-2.86760E-06,2.3627E-01
-2.86720E-06,2.3432E-01
-2.86680E-06,2.3236E-01
-2.86640E-06,2.3041E-01
-2.86600E-06,2.3432E-01
-2.86560E-06,2.3432E-01
-2.86520E-06,2.3432E-01
-2.86480E-06,2.3334E-01
-2.86440E-06,2.3334E-01
-2.86400E-06,2.3529E-01
-2.86360E-06,2.3432E-01
-2.86320E-06,2.3334E-01
-2.86280E-06,2.3432E-01
-2.86240E-06,2.3334E-01
-2.86200E-06,2.3334E-01
-2.86160E-06,2.3432E-01
-2.86120E-06,2.3725E-01
-2.86080E-06,2.3432E-01
-2.86040E-06,2.3627E-01
-2.86000E-06,2.3334E-01
-2.85960E-06,2.3139E-01
-2.85920E-06,2.3334E-01
-2.85880E-06,2.3432E-01
-2.85840E-06,2.3432E-01
-2.85800E-06,2.3334E-01
-2.85760E-06,2.3627E-01
-2.85720E-06,2.3627E-01
-2.85680E-06,2.3139E-01
-2.85640E-06,2.3627E-01
-2.85600E-06,2.3432E-01
-2.85560E-06,2.3334E-01
-2.85520E-06,2.3432E-01
-2.85480E-06,2.3627E-01
-2.85440E-06,2.3627E-01
-2.85400E-06,2.3432E-01
-2.85360E-06,2.3529E-01
-2.85320E-06,2.3725E-01
-2.85280E-06,2.3627E-01
-2.85240E-06,2.3822E-01
-2.85200E-06,2.3432E-01
-2.85160E-06,2.3334E-01
-2.85120E-06,2.3334E-01
-2.85080E-06,2.3041E-01
-2.85040E-06,2.3139E-01
-2.85000E-06,2.3334E-01
-2.84960E-06,2.3627E-01
-2.84920E-06,2.3432E-01
-2.84880E-06,2.3432E-01
-2.84840E-06,2.3432E-01
-2.84800E-06,2.3432E-01
-2.84760E-06,2.3334E-01
-2.84720E-06,2.3432E-01
-2.84680E-06,2.3334E-01
-2.84640E-06,2.3432E-01
-2.84600E-06,2.3236E-01
-2.84560E-06,2.3236E-01
-2.84520E-06,2.3236E-01
-2.84480E-06,2.3920E-01
-2.84440E-06,2.3432E-01
-2.84400E-06,2.3432E-01
-2.84360E-06,2.3432E-01
-2.84320E-06,2.3139E-01
-2.84280E-06,2.3529E-01
-2.84240E-06,2.3432E-01
-2.84200E-06,2.3432E-01
-2.84160E-06,2.3432E-01
-2.84120E-06,2.3334E-01
-2.84080E-06,2.3236E-01
-2.84040E-06,2.3627E-01
-2.84000E-06,2.3432E-01
-2.83960E-06,2.3334E-01
-2.83920E-06,2.3725E-01
-2.83880E-06,2.3236E-01
-2.83840E-06,2.3334E-01
-2.83800E-06,2.3529E-01
-2.83760E-06,2.3236E-01
-2.83720E-06,2.3334E-01
-2.83680E-06,2.3432E-01
-2.83640E-06,2.3529E-01
-2.83600E-06,2.3627E-01
-2.83560E-06,2.3236E-01
-2.83520E-06,2.3334E-01
-2.83480E-06,2.3334E-01
-2.83440E-06,2.3432E-01
-2.83400E-06,2.3627E-01
-2.83360E-06,2.3725E-01
-2.83320E-06,2.3334E-01
-2.83280E-06,2.3627E-01
-2.83240E-06,2.3236E-01
-2.83200E-06,2.3725E-01
-2.83160E-06,2.3920E-01
-2.83120E-06,2.3725E-01
-2.83080E-06,2.3432E-01
-2.83040E-06,2.3334E-01
-2.83000E-06,2.3432E-01
-2.82960E-06,2.3529E-01
-2.82920E-06,2.3432E-01
-2.82880E-06,2.3236E-01
-2.82840E-06,2.3236E-01
-2.82800E-06,2.3432E-01
-2.82760E-06,2.3334E-01
-2.82720E-06,2.3236E-01
-2.82680E-06,2.3139E-01
-2.82640E-06,2.3334E-01
-2.82600E-06,2.3334E-01
-2.82560E-06,2.3236E-01
-2.82520E-06,2.3432E-01
-2.82480E-06,2.3432E-01
-2.82440E-06,2.3529E-01
-2.82400E-06,2.3920E-01
-2.82360E-06,2.3334E-01
-2.82320E-06,2.2943E-01
-2.82280E-06,2.3334E-01
-2.82240E-06,2.3236E-01
-2.82200E-06,2.3041E-01
-2.82160E-06,2.3432E-01
-2.82120E-06,2.3236E-01
-2.82080E-06,2.3432E-01
-2.82040E-06,2.3236E-01
-2.82000E-06,2.3432E-01
-2.81960E-06,2.3236E-01
-2.81920E-06,2.3627E-01
-2.81880E-06,2.3529E-01
-2.81840E-06,2.3139E-01
-2.81800E-06,2.3139E-01
-2.81760E-06,2.3529E-01
-2.81720E-06,2.3432E-01
-2.81680E-06,2.3139E-01
-2.81640E-06,2.3334E-01
-2.81600E-06,2.3432E-01
-2.81560E-06,2.3432E-01
-2.81520E-06,2.3041E-01
-2.81480E-06,2.3432E-01
-2.81440E-06,2.3334E-01
-2.81400E-06,2.3432E-01
-2.81360E-06,2.3627E-01
-2.81320E-06,2.3236E-01
-2.81280E-06,2.3334E-01
-2.81240E-06,2.3529E-01
-2.81200E-06,2.3139E-01
-2.81160E-06,2.3139E-01
-2.81120E-06,2.3432E-01
-2.81080E-06,2.3529E-01
-2.81040E-06,2.3334E-01
-2.81000E-06,2.3139E-01
-2.80960E-06,2.3236E-01
-2.80920E-06,2.3334E-01
-2.80880E-06,2.3334E-01
-2.80840E-06,2.3627E-01
-2.80800E-06,2.3334E-01
-2.80760E-06,2.3334E-01
-2.80720E-06,2.3236E-01
-2.80680E-06,2.3041E-01
-2.80640E-06,2.3041E-01
-2.80600E-06,2.3432E-01
-2.80560E-06,2.3236E-01
-2.80520E-06,2.3334E-01
-2.80480E-06,2.3432E-01
-2.80440E-06,2.3432E-01
-2.80400E-06,2.3432E-01
-2.80360E-06,2.3432E-01
-2.80320E-06,2.3334E-01
-2.80280E-06,2.3334E-01
-2.80240E-06,2.3627E-01
-2.80200E-06,2.3334E-01
-2.80160E-06,2.3432E-01
-2.80120E-06,2.3139E-01
-2.80080E-06,2.3334E-01
-2.80040E-06,2.3432E-01
-2.80000E-06,2.3725E-01
-2.79960E-06,2.3627E-01
-2.79920E-06,2.3627E-01
-2.79880E-06,2.3236E-01
-2.79840E-06,2.3627E-01
-2.79800E-06,2.3334E-01
-2.79760E-06,2.3139E-01
-2.79720E-06,2.3432E-01
-2.79680E-06,2.3432E-01
-2.79640E-06,2.3236E-01
-2.79600E-06,2.3236E-01
-2.79560E-06,2.3627E-01
-2.79520E-06,2.3432E-01
-2.79480E-06,2.3334E-01
-2.79440E-06,2.3432E-01
-2.79400E-06,2.3334E-01
-2.79360E-06,2.3334E-01
-2.79320E-06,2.3432E-01
-2.79280E-06,2.3529E-01
-2.79240E-06,2.3139E-01
-2.79200E-06,2.3334E-01
-2.79160E-06,2.3432E-01
-2.79120E-06,2.3432E-01
-2.79080E-06,2.3139E-01
-2.79040E-06,2.3041E-01
-2.79000E-06,2.3334E-01
-2.78960E-06,2.3432E-01
-2.78920E-06,2.3139E-01
-2.78880E-06,2.3432E-01
-2.78840E-06,2.3139E-01
-2.78800E-06,2.3041E-01
-2.78760E-06,2.3236E-01
-2.78720E-06,2.3236E-01
-2.78680E-06,2.3627E-01
-2.78640E-06,2.3432E-01
-2.78600E-06,2.3627E-01
-2.78560E-06,2.3627E-01
-2.78520E-06,2.3432E-01
-2.78480E-06,2.3432E-01
-2.78440E-06,2.3334E-01
-2.78400E-06,2.3334E-01
-2.78360E-06,2.3334E-01
-2.78320E-06,2.3236E-01
-2.78280E-06,2.3334E-01
-2.78240E-06,2.3627E-01
-2.78200E-06,2.3432E-01
-2.78160E-06,2.3236E-01
-2.78120E-06,2.3236E-01
-2.78080E-06,2.3236E-01
-2.78040E-06,2.3432E-01
-2.78000E-06,2.3432E-01
-2.77960E-06,2.3432E-01
-2.77920E-06,2.3432E-01
-2.77880E-06,2.3529E-01
-2.77840E-06,2.3139E-01
-2.77800E-06,2.3041E-01
-2.77760E-06,2.3432E-01
-2.77720E-06,2.3334E-01
-2.77680E-06,2.3334E-01
-2.77640E-06,2.3725E-01
-2.77600E-06,2.3627E-01
-2.77560E-06,2.3041E-01
-2.77520E-06,2.3334E-01
-2.77480E-06,2.3236E-01
-2.77440E-06,2.3139E-01
-2.77400E-06,2.3432E-01
-2.77360E-06,2.2846E-01
-2.77320E-06,2.3236E-01
-2.77280E-06,2.3432E-01
-2.77240E-06,2.3139E-01
-2.77200E-06,2.3236E-01
-2.77160E-06,2.3236E-01
-2.77120E-06,2.3432E-01
-2.77080E-06,2.3334E-01
-2.77040E-06,2.3334E-01
-2.77000E-06,2.3334E-01
-2.76960E-06,2.3529E-01
-2.76920E-06,2.3236E-01
-2.76880E-06,2.3041E-01
-2.76840E-06,2.3041E-01
-2.76800E-06,2.3236E-01
-2.76760E-06,2.3139E-01
-2.76720E-06,2.3432E-01
-2.76680E-06,2.3236E-01
-2.76640E-06,2.3432E-01
-2.76600E-06,2.3334E-01
-2.76560E-06,2.3041E-01
-2.76520E-06,2.3236E-01
-2.76480E-06,2.3041E-01
-2.76440E-06,2.3432E-01
-2.76400E-06,2.3432E-01
-2.76360E-06,2.3139E-01
-2.76320E-06,2.3236E-01
-2.76280E-06,2.2943E-01
-2.76240E-06,2.3236E-01
-2.76200E-06,2.3139E-01
-2.76160E-06,2.3236E-01
-2.76120E-06,2.3432E-01
-2.76080E-06,2.3334E-01
-2.76040E-06,2.3627E-01
-2.76000E-06,2.3139E-01
-2.75960E-06,2.3432E-01
-2.75920E-06,2.3432E-01
-2.75880E-06,2.3041E-01
-2.75840E-06,2.3334E-01
-2.75800E-06,2.3236E-01
-2.75760E-06,2.3236E-01
-2.75720E-06,2.3627E-01
-2.75680E-06,2.3334E-01
-2.75640E-06,2.3334E-01
-2.75600E-06,2.3627E-01
-2.75560E-06,2.3432E-01
-2.75520E-06,2.3334E-01
-2.75480E-06,2.3627E-01
-2.75440E-06,2.3432E-01
-2.75400E-06,2.3139E-01
-2.75360E-06,2.3529E-01
-2.75320E-06,2.3334E-01
-2.75280E-06,2.3139E-01
-2.75240E-06,2.3334E-01
-2.75200E-06,2.3334E-01
-2.75160E-06,2.3432E-01
-2.75120E-06,2.3236E-01
-2.75080E-06,2.3334E-01
-2.75040E-06,2.3432E-01
-2.75000E-06,2.3236E-01
-2.74960E-06,2.3432E-01
-2.74920E-06,2.3529E-01
-2.74880E-06,2.3139E-01
-2.74840E-06,2.3041E-01
-2.74800E-06,2.3432E-01
-2.74760E-06,2.3236E-01
-2.74720E-06,2.2943E-01
-2.74680E-06,2.3529E-01
-2.74640E-06,2.3334E-01
-2.74600E-06,2.3334E-01
-2.74560E-06,2.3529E-01
-2.74520E-06,2.3627E-01
-2.74480E-06,2.3334E-01
-2.74440E-06,2.3139E-01
-2.74400E-06,2.3529E-01
-2.74360E-06,2.3432E-01
-2.74320E-06,2.3139E-01
-2.74280E-06,2.3236E-01
-2.74240E-06,2.3627E-01
-2.74200E-06,2.3432E-01
-2.74160E-06,2.3432E-01
-2.74120E-06,2.3529E-01
-2.74080E-06,2.3334E-01
-2.74040E-06,2.3139E-01
-2.74000E-06,2.3139E-01
-2.73960E-06,2.3529E-01
-2.73920E-06,2.3236E-01
-2.73880E-06,2.3139E-01
-2.73840E-06,2.3432E-01
-2.73800E-06,2.3432E-01
-2.73760E-06,2.3236E-01
-2.73720E-06,2.3236E-01
-2.73680E-06,2.3529E-01
-2.73640E-06,2.3236E-01
-2.73600E-06,2.3236E-01
-2.73560E-06,2.2943E-01
-2.73520E-06,2.3432E-01
-2.73480E-06,2.3432E-01
-2.73440E-06,2.3529E-01
-2.73400E-06,2.3041E-01
-2.73360E-06,2.3139E-01
-2.73320E-06,2.2943E-01
-2.73280E-06,2.3432E-01
-2.73240E-06,2.3139E-01
-2.73200E-06,2.3334E-01
-2.73160E-06,2.3236E-01
-2.73120E-06,2.3334E-01
-2.73080E-06,2.3236E-01
-2.73040E-06,2.3236E-01
-2.73000E-06,2.3041E-01
-2.72960E-06,2.3139E-01
-2.72920E-06,2.3432E-01
-2.72880E-06,2.3432E-01
-2.72840E-06,2.3334E-01
-2.72800E-06,2.3236E-01
-2.72760E-06,2.3041E-01
-2.72720E-06,2.3139E-01
-2.72680E-06,2.3041E-01
-2.72640E-06,2.2943E-01
-2.72600E-06,2.3041E-01
-2.72560E-06,2.3139E-01
-2.72520E-06,2.3334E-01
-2.72480E-06,2.3334E-01
-2.72440E-06,2.3041E-01
-2.72400E-06,2.3432E-01
-2.72360E-06,2.3334E-01
-2.72320E-06,2.3041E-01
-2.72280E-06,2.2846E-01
-2.72240E-06,2.3236E-01
-2.72200E-06,2.3139E-01
-2.72160E-06,2.3236E-01
-2.72120E-06,2.2846E-01
-2.72080E-06,2.3139E-01
-2.72040E-06,2.3236E-01
-2.72000E-06,2.3432E-01
-2.71960E-06,2.3139E-01
-2.71920E-06,2.3139E-01
-2.71880E-06,2.3529E-01
-2.71840E-06,2.3041E-01
-2.71800E-06,2.3139E-01
-2.71760E-06,2.3236E-01
-2.71720E-06,2.3432E-01
-2.71680E-06,2.3236E-01
-2.71640E-06,2.3432E-01
-2.71600E-06,2.3041E-01
-2.71560E-06,2.3334E-01
-2.71520E-06,2.3041E-01
-2.71480E-06,2.3041E-01
-2.71440E-06,2.3432E-01
-2.71400E-06,2.3334E-01
-2.71360E-06,2.3432E-01
-2.71320E-06,2.3334E-01
-2.71280E-06,2.3627E-01
-2.71240E-06,2.3334E-01
-2.71200E-06,2.3041E-01
-2.71160E-06,2.3041E-01
-2.71120E-06,2.3334E-01
-2.71080E-06,2.3139E-01
-2.71040E-06,2.3236E-01
-2.71000E-06,2.2943E-01
-2.70960E-06,2.3236E-01
-2.70920E-06,2.2846E-01
-2.70880E-06,2.3139E-01
-2.70840E-06,2.3236E-01
-2.70800E-06,2.3139E-01
-2.70760E-06,2.3236E-01
-2.70720E-06,2.3041E-01
-2.70680E-06,2.3139E-01
-2.70640E-06,2.3139E-01
-2.70600E-06,2.3236E-01
-2.70560E-06,2.3334E-01
-2.70520E-06,2.3334E-01
-2.70480E-06,2.3041E-01
-2.70440E-06,2.2846E-01
-2.70400E-06,2.3236E-01
-2.70360E-06,2.3041E-01
-2.70320E-06,2.2943E-01
-2.70280E-06,2.3139E-01
-2.70240E-06,2.3334E-01
-2.70200E-06,2.3041E-01
-2.70160E-06,2.3041E-01
-2.70120E-06,2.3041E-01
-2.70080E-06,2.3139E-01
-2.70040E-06,2.3334E-01
-2.70000E-06,2.3041E-01
-2.69960E-06,2.3139E-01
-2.69920E-06,2.3236E-01
-2.69880E-06,2.3334E-01
-2.69840E-06,2.3334E-01
-2.69800E-06,2.3041E-01
-2.69760E-06,2.3236E-01
-2.69720E-06,2.3041E-01
-2.69680E-06,2.2943E-01
-2.69640E-06,2.3041E-01
-2.69600E-06,2.3432E-01
-2.69560E-06,2.3041E-01
-2.69520E-06,2.2943E-01
-2.69480E-06,2.3334E-01
-2.69440E-06,2.3236E-01
-2.69400E-06,2.3432E-01
-2.69360E-06,2.3041E-01
-2.69320E-06,2.3041E-01
-2.69280E-06,2.2748E-01
-2.69240E-06,2.3041E-01
-2.69200E-06,2.3236E-01
-2.69160E-06,2.3236E-01
-2.69120E-06,2.3236E-01
-2.69080E-06,2.3432E-01
-2.69040E-06,2.3236E-01
-2.69000E-06,2.3139E-01
-2.68960E-06,2.3139E-01
-2.68920E-06,2.3041E-01
-2.68880E-06,2.3236E-01
-2.68840E-06,2.3334E-01
-2.68800E-06,2.3236E-01
-2.68760E-06,2.3236E-01
-2.68720E-06,2.3236E-01
-2.68680E-06,2.3041E-01
-2.68640E-06,2.3432E-01
-2.68600E-06,2.3236E-01
-2.68560E-06,2.2943E-01
-2.68520E-06,2.3041E-01
-2.68480E-06,2.3529E-01
-2.68440E-06,2.3236E-01
-2.68400E-06,2.2846E-01
-2.68360E-06,2.3236E-01
-2.68320E-06,2.3334E-01
-2.68280E-06,2.3432E-01
-2.68240E-06,2.3236E-01
-2.68200E-06,2.3334E-01
-2.68160E-06,2.3041E-01
-2.68120E-06,2.3236E-01
-2.68080E-06,2.3139E-01
-2.68040E-06,2.3334E-01
-2.68000E-06,2.2943E-01
-2.67960E-06,2.3334E-01
-2.67920E-06,2.3334E-01
-2.67880E-06,2.2943E-01
-2.67840E-06,2.3334E-01
-2.67800E-06,2.3432E-01
-2.67760E-06,2.3139E-01
-2.67720E-06,2.3236E-01
-2.67680E-06,2.3432E-01
-2.67640E-06,2.3139E-01
-2.67600E-06,2.3432E-01
-2.67560E-06,2.3236E-01
-2.67520E-06,2.3041E-01
-2.67480E-06,2.3334E-01
-2.67440E-06,2.3139E-01
-2.67400E-06,2.3529E-01
-2.67360E-06,2.3139E-01
-2.67320E-06,2.3041E-01
-2.67280E-06,2.3334E-01
-2.67240E-06,2.3139E-01
-2.67200E-06,2.3334E-01
-2.67160E-06,2.2943E-01
-2.67120E-06,2.3236E-01
-2.67080E-06,2.3236E-01
-2.67040E-06,2.3236E-01
-2.67000E-06,2.3041E-01
-2.66960E-06,2.3041E-01
-2.66920E-06,2.3432E-01
-2.66880E-06,2.3139E-01
-2.66840E-06,2.3236E-01
-2.66800E-06,2.3139E-01
-2.66760E-06,2.3334E-01
-2.66720E-06,2.3334E-01
-2.66680E-06,2.3432E-01
-2.66640E-06,2.3236E-01
-2.66600E-06,2.3139E-01
-2.66560E-06,2.3432E-01
-2.66520E-06,2.3041E-01
-2.66480E-06,2.3041E-01
-2.66440E-06,2.3139E-01
-2.66400E-06,2.3041E-01
-2.66360E-06,2.3041E-01
-2.66320E-06,2.3432E-01
-2.66280E-06,2.3334E-01
-2.66240E-06,2.3236E-01
-2.66200E-06,2.3529E-01
-2.66160E-06,2.3334E-01
-2.66120E-06,2.3432E-01
-2.66080E-06,2.3041E-01
-2.66040E-06,2.3041E-01
-2.66000E-06,2.3139E-01
-2.65960E-06,2.3041E-01
-2.65920E-06,2.2943E-01
-2.65880E-06,2.3432E-01
-2.65840E-06,2.3139E-01
-2.65800E-06,2.2846E-01
-2.65760E-06,2.3139E-01
-2.65720E-06,2.3041E-01
-2.65680E-06,2.2748E-01
-2.65640E-06,2.3236E-01
-2.65600E-06,2.2943E-01
-2.65560E-06,2.3529E-01
-2.65520E-06,2.3236E-01
-2.65480E-06,2.3529E-01
-2.65440E-06,2.3236E-01
-2.65400E-06,2.3236E-01
-2.65360E-06,2.3334E-01
-2.65320E-06,2.3139E-01
-2.65280E-06,2.3334E-01
-2.65240E-06,2.3041E-01
-2.65200E-06,2.3139E-01
-2.65160E-06,2.3139E-01
-2.65120E-06,2.3041E-01
-2.65080E-06,2.3334E-01
-2.65040E-06,2.3334E-01
-2.65000E-06,2.3627E-01
-2.64960E-06,2.3139E-01
-2.64920E-06,2.3334E-01
-2.64880E-06,2.3041E-01
-2.64840E-06,2.3334E-01
-2.64800E-06,2.3139E-01
-2.64760E-06,2.3041E-01
-2.64720E-06,2.3236E-01
-2.64680E-06,2.3041E-01
-2.64640E-06,2.3139E-01
-2.64600E-06,2.3334E-01
-2.64560E-06,2.2846E-01
-2.64520E-06,2.3139E-01
-2.64480E-06,2.3139E-01
-2.64440E-06,2.3041E-01
-2.64400E-06,2.3236E-01
-2.64360E-06,2.3139E-01
-2.64320E-06,2.3139E-01
-2.64280E-06,2.3432E-01
-2.64240E-06,2.3041E-01
-2.64200E-06,2.3236E-01
-2.64160E-06,2.3139E-01
-2.64120E-06,2.3139E-01
-2.64080E-06,2.3236E-01
-2.64040E-06,2.3236E-01
-2.64000E-06,2.3139E-01
-2.63960E-06,2.3432E-01
-2.63920E-06,2.2943E-01
-2.63880E-06,2.2943E-01
-2.63840E-06,2.3041E-01
-2.63800E-06,2.3041E-01
-2.63760E-06,2.3236E-01
-2.63720E-06,2.3139E-01
-2.63680E-06,2.3236E-01
-2.63640E-06,2.3139E-01
-2.63600E-06,2.3041E-01
-2.63560E-06,2.3236E-01
-2.63520E-06,2.3529E-01
-2.63480E-06,2.3432E-01
-2.63440E-06,2.3627E-01
-2.63400E-06,2.3334E-01
-2.63360E-06,2.3139E-01
-2.63320E-06,2.3041E-01
-2.63280E-06,2.3432E-01
-2.63240E-06,2.3041E-01
-2.63200E-06,2.3236E-01
-2.63160E-06,2.3041E-01
-2.63120E-06,2.2943E-01
-2.63080E-06,2.3236E-01
-2.63040E-06,2.2846E-01
-2.63000E-06,2.3236E-01
-2.62960E-06,2.3139E-01
-2.62920E-06,2.3041E-01
-2.62880E-06,2.3236E-01
-2.62840E-06,2.3334E-01
-2.62800E-06,2.3432E-01
-2.62760E-06,2.3139E-01
-2.62720E-06,2.3139E-01
-2.62680E-06,2.3432E-01
-2.62640E-06,2.3432E-01
-2.62600E-06,2.3139E-01
-2.62560E-06,2.3139E-01
-2.62520E-06,2.3432E-01
-2.62480E-06,2.2846E-01
-2.62440E-06,2.3627E-01
-2.62400E-06,2.3139E-01
-2.62360E-06,2.3139E-01
-2.62320E-06,2.3041E-01
-2.62280E-06,2.3432E-01
-2.62240E-06,2.3334E-01
-2.62200E-06,2.3236E-01
-2.62160E-06,2.3432E-01
-2.62120E-06,2.3334E-01
-2.62080E-06,2.3529E-01
-2.62040E-06,2.3529E-01
-2.62000E-06,2.3236E-01
-2.61960E-06,2.3139E-01
-2.61920E-06,2.3334E-01
-2.61880E-06,2.3041E-01
-2.61840E-06,2.3139E-01
-2.61800E-06,2.3432E-01
-2.61760E-06,2.3139E-01
-2.61720E-06,2.3139E-01
-2.61680E-06,2.3139E-01
-2.61640E-06,2.3334E-01
-2.61600E-06,2.3139E-01
-2.61560E-06,2.3041E-01
-2.61520E-06,2.3236E-01
-2.61480E-06,2.3334E-01
-2.61440E-06,2.3529E-01
-2.61400E-06,2.3139E-01
-2.61360E-06,2.3334E-01
-2.61320E-06,2.3139E-01
-2.61280E-06,2.3139E-01
-2.61240E-06,2.2943E-01
-2.61200E-06,2.2846E-01
-2.61160E-06,2.3139E-01
-2.61120E-06,2.3139E-01
-2.61080E-06,2.3432E-01
-2.61040E-06,2.3139E-01
-2.61000E-06,2.3627E-01
-2.60960E-06,2.3432E-01
-2.60920E-06,2.3139E-01
-2.60880E-06,2.3529E-01
-2.60840E-06,2.3334E-01
-2.60800E-06,2.3236E-01
-2.60760E-06,2.2846E-01
-2.60720E-06,2.3139E-01
-2.60680E-06,2.2943E-01
-2.60640E-06,2.3041E-01
-2.60600E-06,2.3236E-01
-2.60560E-06,2.3139E-01
-2.60520E-06,2.3725E-01
-2.60480E-06,2.2846E-01
-2.60440E-06,2.3334E-01
-2.60400E-06,2.3041E-01
-2.60360E-06,2.3529E-01
-2.60320E-06,2.3236E-01
-2.60280E-06,2.3139E-01
-2.60240E-06,2.3139E-01
-2.60200E-06,2.3041E-01
-2.60160E-06,2.3627E-01
-2.60120E-06,2.3432E-01
-2.60080E-06,2.3236E-01
-2.60040E-06,2.3139E-01
-2.60000E-06,2.2943E-01
-2.59960E-06,2.3432E-01
-2.59920E-06,2.3041E-01
-2.59880E-06,2.3334E-01
-2.59840E-06,2.3041E-01
-2.59800E-06,2.3334E-01
-2.59760E-06,2.3334E-01
-2.59720E-06,2.3334E-01
-2.59680E-06,2.2846E-01
-2.59640E-06,2.2943E-01
-2.59600E-06,2.3529E-01
-2.59560E-06,2.3041E-01
-2.59520E-06,2.3139E-01
-2.59480E-06,2.3041E-01
-2.59440E-06,2.3432E-01
-2.59400E-06,2.2943E-01
-2.59360E-06,2.3236E-01
-2.59320E-06,2.3432E-01
-2.59280E-06,2.3529E-01
-2.59240E-06,2.3139E-01
-2.59200E-06,2.3236E-01
-2.59160E-06,2.3334E-01
-2.59120E-06,2.3041E-01
-2.59080E-06,2.3139E-01
-2.59040E-06,2.3529E-01
-2.59000E-06,2.3236E-01
-2.58960E-06,2.3432E-01
-2.58920E-06,2.3236E-01
-2.58880E-06,2.3432E-01
-2.58840E-06,2.3529E-01
-2.58800E-06,2.3236E-01
-2.58760E-06,2.2943E-01
-2.58720E-06,2.3041E-01
-2.58680E-06,2.2943E-01
-2.58640E-06,2.2846E-01
-2.58600E-06,2.2943E-01
-2.58560E-06,2.2943E-01
-2.58520E-06,2.3334E-01
-2.58480E-06,2.3139E-01
-2.58440E-06,2.2846E-01
-2.58400E-06,2.3139E-01
-2.58360E-06,2.3139E-01
-2.58320E-06,2.3432E-01
-2.58280E-06,2.3139E-01
-2.58240E-06,2.3627E-01
-2.58200E-06,2.3041E-01
-2.58160E-06,2.3236E-01
-2.58120E-06,2.3139E-01
-2.58080E-06,2.3334E-01
-2.58040E-06,2.3041E-01
-2.58000E-06,2.3139E-01
-2.57960E-06,2.3334E-01
-2.57920E-06,2.3334E-01
-2.57880E-06,2.3334E-01
-2.57840E-06,2.3139E-01
-2.57800E-06,2.3236E-01
-2.57760E-06,2.3139E-01
-2.57720E-06,2.3139E-01
-2.57680E-06,2.3041E-01
-2.57640E-06,2.3139E-01
-2.57600E-06,2.3139E-01
-2.57560E-06,2.3139E-01
-2.57520E-06,2.2846E-01
-2.57480E-06,2.3627E-01
-2.57440E-06,2.3334E-01
-2.57400E-06,2.3041E-01
-2.57360E-06,2.3236E-01
-2.57320E-06,2.3139E-01
-2.57280E-06,2.3041E-01
-2.57240E-06,2.3139E-01
-2.57200E-06,2.3139E-01
-2.57160E-06,2.3139E-01
-2.57120E-06,2.3236E-01
-2.57080E-06,2.2943E-01
-2.57040E-06,2.3236E-01
-2.57000E-06,2.3334E-01
-2.56960E-06,2.2943E-01
-2.56920E-06,2.3041E-01
-2.56880E-06,2.3041E-01
-2.56840E-06,2.2943E-01
-2.56800E-06,2.3236E-01
-2.56760E-06,2.3139E-01
-2.56720E-06,2.3236E-01
-2.56680E-06,2.3041E-01
-2.56640E-06,2.3041E-01
-2.56600E-06,2.3041E-01
-2.56560E-06,2.2846E-01
-2.56520E-06,2.3041E-01
-2.56480E-06,2.3236E-01
-2.56440E-06,2.3041E-01
-2.56400E-06,2.3139E-01
-2.56360E-06,2.2846E-01
-2.56320E-06,2.3334E-01
-2.56280E-06,2.3139E-01
-2.56240E-06,2.3139E-01
-2.56200E-06,2.3139E-01
-2.56160E-06,2.3236E-01
-2.56120E-06,2.2846E-01
-2.56080E-06,2.3139E-01
-2.56040E-06,2.3139E-01
-2.56000E-06,2.2943E-01
-2.55960E-06,2.3236E-01
-2.55920E-06,2.3041E-01
-2.55880E-06,2.3529E-01
-2.55840E-06,2.3334E-01
-2.55800E-06,2.3139E-01
-2.55760E-06,2.3236E-01
-2.55720E-06,2.2943E-01
-2.55680E-06,2.3139E-01
-2.55640E-06,2.3432E-01
-2.55600E-06,2.3529E-01
-2.55560E-06,2.3041E-01
-2.55520E-06,2.3334E-01
-2.55480E-06,2.3432E-01
-2.55440E-06,2.2943E-01
-2.55400E-06,2.3334E-01
-2.55360E-06,2.3041E-01
-2.55320E-06,2.3334E-01
-2.55280E-06,2.3041E-01
-2.55240E-06,2.3334E-01
-2.55200E-06,2.3236E-01
-2.55160E-06,2.3236E-01
-2.55120E-06,2.3334E-01
-2.55080E-06,2.3041E-01
-2.55040E-06,2.3236E-01
-2.55000E-06,2.2846E-01
-2.54960E-06,2.2943E-01
-2.54920E-06,2.2846E-01
-2.54880E-06,2.2943E-01
-2.54840E-06,2.3334E-01
-2.54800E-06,2.3236E-01
-2.54760E-06,2.3041E-01
-2.54720E-06,2.2943E-01
-2.54680E-06,2.3139E-01
-2.54640E-06,2.3236E-01
-2.54600E-06,2.3139E-01
-2.54560E-06,2.3041E-01
-2.54520E-06,2.3041E-01
-2.54480E-06,2.3334E-01
-2.54440E-06,2.2846E-01
-2.54400E-06,2.3041E-01
-2.54360E-06,2.3432E-01
-2.54320E-06,2.2943E-01
-2.54280E-06,2.3139E-01
-2.54240E-06,2.3041E-01
-2.54200E-06,2.3334E-01
-2.54160E-06,2.3236E-01
-2.54120E-06,2.3041E-01
-2.54080E-06,2.3041E-01
-2.54040E-06,2.3041E-01
-2.54000E-06,2.2846E-01
-2.53960E-06,2.3139E-01
-2.53920E-06,2.3334E-01
-2.53880E-06,2.3334E-01
-2.53840E-06,2.2846E-01
-2.53800E-06,2.3041E-01
-2.53760E-06,2.3334E-01
-2.53720E-06,2.3236E-01
-2.53680E-06,2.3041E-01
-2.53640E-06,2.3139E-01
-2.53600E-06,2.2943E-01
-2.53560E-06,2.3139E-01
-2.53520E-06,2.3139E-01
-2.53480E-06,2.3139E-01
-2.53440E-06,2.3041E-01
-2.53400E-06,2.3236E-01
-2.53360E-06,2.3041E-01
-2.53320E-06,2.3041E-01
-2.53280E-06,2.3139E-01
-2.53240E-06,2.2846E-01
-2.53200E-06,2.2846E-01
-2.53160E-06,2.3041E-01
-2.53120E-06,2.3041E-01
-2.53080E-06,2.2846E-01
-2.53040E-06,2.2846E-01
-2.53000E-06,2.3041E-01
-2.52960E-06,2.3041E-01
-2.52920E-06,2.2943E-01
-2.52880E-06,2.3041E-01
-2.52840E-06,2.3236E-01
-2.52800E-06,2.3041E-01
-2.52760E-06,2.2650E-01
-2.52720E-06,2.3041E-01
-2.52680E-06,2.3041E-01
-2.52640E-06,2.3139E-01
-2.52600E-06,2.3139E-01
-2.52560E-06,2.2846E-01
-2.52520E-06,2.3041E-01
-2.52480E-06,2.3139E-01
-2.52440E-06,2.3041E-01
-2.52400E-06,2.3041E-01
-2.52360E-06,2.2748E-01
-2.52320E-06,2.2846E-01
-2.52280E-06,2.3529E-01
-2.52240E-06,2.3236E-01
-2.52200E-06,2.3139E-01
-2.52160E-06,2.3041E-01
-2.52120E-06,2.3529E-01
-2.52080E-06,2.2846E-01
-2.52040E-06,2.3041E-01
-2.52000E-06,2.3139E-01
-2.51960E-06,2.3236E-01
-2.51920E-06,2.2943E-01
-2.51880E-06,2.3139E-01
-2.51840E-06,2.3139E-01
-2.51800E-06,2.3041E-01
-2.51760E-06,2.2943E-01
-2.51720E-06,2.3236E-01
-2.51680E-06,2.2846E-01
-2.51640E-06,2.3041E-01
-2.51600E-06,2.3041E-01
-2.51560E-06,2.3334E-01
-2.51520E-06,2.3432E-01
-2.51480E-06,2.3139E-01
-2.51440E-06,2.3139E-01
-2.51400E-06,2.3236E-01
-2.51360E-06,2.3139E-01
-2.51320E-06,2.3139E-01
-2.51280E-06,2.3432E-01
-2.51240E-06,2.3236E-01
-2.51200E-06,2.3529E-01
-2.51160E-06,2.2748E-01
-2.51120E-06,2.3139E-01
-2.51080E-06,2.3139E-01
-2.51040E-06,2.3041E-01
-2.51000E-06,2.3041E-01
-2.50960E-06,2.3041E-01
-2.50920E-06,2.3139E-01
-2.50880E-06,2.2943E-01
-2.50840E-06,2.2943E-01
-2.50800E-06,2.2748E-01
-2.50760E-06,2.3139E-01
-2.50720E-06,2.2748E-01
-2.50680E-06,2.2846E-01
-2.50640E-06,2.3041E-01
-2.50600E-06,2.3041E-01
-2.50560E-06,2.3236E-01
-2.50520E-06,2.2943E-01
-2.50480E-06,2.2846E-01
-2.50440E-06,2.3041E-01
-2.50400E-06,2.3041E-01
-2.50360E-06,2.3041E-01
-2.50320E-06,2.2943E-01
-2.50280E-06,2.3334E-01
-2.50240E-06,2.3041E-01
-2.50200E-06,2.2943E-01
-2.50160E-06,2.3041E-01
-2.50120E-06,2.3139E-01
-2.50080E-06,2.3334E-01
-2.50040E-06,2.2943E-01
-2.50000E-06,2.3139E-01
-2.49960E-06,2.3041E-01
-2.49920E-06,2.3041E-01
-2.49880E-06,2.3041E-01
-2.49840E-06,2.2943E-01
-2.49800E-06,2.3236E-01
-2.49760E-06,2.3236E-01
-2.49720E-06,2.3139E-01
-2.49680E-06,2.3139E-01
-2.49640E-06,2.3139E-01
-2.49600E-06,2.2943E-01
-2.49560E-06,2.3041E-01
-2.49520E-06,2.3041E-01
-2.49480E-06,2.3041E-01
-2.49440E-06,2.3432E-01
-2.49400E-06,2.3139E-01
-2.49360E-06,2.2846E-01
-2.49320E-06,2.3139E-01
-2.49280E-06,2.2943E-01
-2.49240E-06,2.3139E-01
-2.49200E-06,2.2943E-01
-2.49160E-06,2.3139E-01
-2.49120E-06,2.3041E-01
-2.49080E-06,2.3041E-01
-2.49040E-06,2.3139E-01
-2.49000E-06,2.2943E-01
-2.48960E-06,2.2846E-01
-2.48920E-06,2.3334E-01
-2.48880E-06,2.2748E-01
-2.48840E-06,2.3139E-01
-2.48800E-06,2.3139E-01
-2.48760E-06,2.2748E-01
-2.48720E-06,2.2846E-01
-2.48680E-06,2.2748E-01
-2.48640E-06,2.3041E-01
-2.48600E-06,2.2846E-01
-2.48560E-06,2.2846E-01
-2.48520E-06,2.2846E-01
-2.48480E-06,2.3334E-01
-2.48440E-06,2.3041E-01
-2.48400E-06,2.2846E-01
-2.48360E-06,2.3041E-01
-2.48320E-06,2.3139E-01
-2.48280E-06,2.3334E-01
-2.48240E-06,2.2748E-01
-2.48200E-06,2.3529E-01
-2.48160E-06,2.3041E-01
-2.48120E-06,2.2943E-01
-2.48080E-06,2.2943E-01
-2.48040E-06,2.2748E-01
-2.48000E-06,2.3334E-01
-2.47960E-06,2.3139E-01
-2.47920E-06,2.2943E-01
-2.47880E-06,2.3041E-01
-2.47840E-06,2.3139E-01
-2.47800E-06,2.3041E-01
-2.47760E-06,2.2846E-01
-2.47720E-06,2.2943E-01
-2.47680E-06,2.3139E-01
-2.47640E-06,2.3041E-01
-2.47600E-06,2.2748E-01
-2.47560E-06,2.3041E-01
-2.47520E-06,2.3041E-01
-2.47480E-06,2.2650E-01
-2.47440E-06,2.3334E-01
-2.47400E-06,2.2846E-01
-2.47360E-06,2.2943E-01
-2.47320E-06,2.2846E-01
-2.47280E-06,2.3041E-01
-2.47240E-06,2.3236E-01
-2.47200E-06,2.3139E-01
-2.47160E-06,2.3236E-01
-2.47120E-06,2.3236E-01
-2.47080E-06,2.3139E-01
-2.47040E-06,2.2943E-01
-2.47000E-06,2.3041E-01
-2.46960E-06,2.3139E-01
-2.46920E-06,2.3041E-01
-2.46880E-06,2.3041E-01
-2.46840E-06,2.3041E-01
-2.46800E-06,2.3139E-01
-2.46760E-06,2.2748E-01
-2.46720E-06,2.3139E-01
-2.46680E-06,2.2553E-01
-2.46640E-06,2.2943E-01
-2.46600E-06,2.3041E-01
-2.46560E-06,2.2846E-01
-2.46520E-06,2.2943E-01
-2.46480E-06,2.3041E-01
-2.46440E-06,2.3334E-01
-2.46400E-06,2.3139E-01
-2.46360E-06,2.2943E-01
-2.46320E-06,2.2748E-01
-2.46280E-06,2.3432E-01
-2.46240E-06,2.2846E-01
-2.46200E-06,2.3041E-01
-2.46160E-06,2.3041E-01
-2.46120E-06,2.3041E-01
-2.46080E-06,2.3041E-01
-2.46040E-06,2.2846E-01
-2.46000E-06,2.3236E-01
-2.45960E-06,2.2846E-01
-2.45920E-06,2.3041E-01
-2.45880E-06,2.3139E-01
-2.45840E-06,2.2943E-01
-2.45800E-06,2.3334E-01
-2.45760E-06,2.2748E-01
-2.45720E-06,2.3236E-01
-2.45680E-06,2.3041E-01
-2.45640E-06,2.3139E-01
-2.45600E-06,2.3041E-01
-2.45560E-06,2.3041E-01
-2.45520E-06,2.3041E-01
-2.45480E-06,2.2943E-01
-2.45440E-06,2.3236E-01
-2.45400E-06,2.3041E-01
-2.45360E-06,2.3041E-01
-2.45320E-06,2.2748E-01
-2.45280E-06,2.3139E-01
-2.45240E-06,2.3041E-01
-2.45200E-06,2.3041E-01
-2.45160E-06,2.2943E-01
-2.45120E-06,2.3236E-01
-2.45080E-06,2.3041E-01
-2.45040E-06,2.3041E-01
-2.45000E-06,2.3334E-01
-2.44960E-06,2.3041E-01
-2.44920E-06,2.2846E-01
-2.44880E-06,2.3236E-01
-2.44840E-06,2.3139E-01
-2.44800E-06,2.3139E-01
-2.44760E-06,2.3041E-01
-2.44720E-06,2.2943E-01
-2.44680E-06,2.2846E-01
-2.44640E-06,2.3236E-01
-2.44600E-06,2.2846E-01
-2.44560E-06,2.2846E-01
-2.44520E-06,2.2943E-01
-2.44480E-06,2.2943E-01
-2.44440E-06,2.3139E-01
-2.44400E-06,2.3041E-01
-2.44360E-06,2.3334E-01
-2.44320E-06,2.3041E-01
-2.44280E-06,2.2943E-01
-2.44240E-06,2.2943E-01
-2.44200E-06,2.2846E-01
-2.44160E-06,2.3041E-01
-2.44120E-06,2.3041E-01
-2.44080E-06,2.2943E-01
-2.44040E-06,2.2943E-01
-2.44000E-06,2.2943E-01
-2.43960E-06,2.2846E-01
-2.43920E-06,2.3041E-01
-2.43880E-06,2.3139E-01
-2.43840E-06,2.2943E-01
-2.43800E-06,2.3139E-01
-2.43760E-06,2.2943E-01
-2.43720E-06,2.2943E-01
-2.43680E-06,2.3041E-01
-2.43640E-06,2.2748E-01
-2.43600E-06,2.3041E-01
-2.43560E-06,2.3041E-01
-2.43520E-06,2.2748E-01
-2.43480E-06,2.3041E-01
-2.43440E-06,2.2943E-01
-2.43400E-06,2.3041E-01
-2.43360E-06,2.3041E-01
-2.43320E-06,2.2846E-01
-2.43280E-06,2.2846E-01
-2.43240E-06,2.2846E-01
-2.43200E-06,2.2943E-01
-2.43160E-06,2.2943E-01
-2.43120E-06,2.3041E-01
-2.43080E-06,2.2748E-01
-2.43040E-06,2.3139E-01
-2.43000E-06,2.2943E-01
-2.42960E-06,2.2846E-01
-2.42920E-06,2.3041E-01
-2.42880E-06,2.3236E-01
-2.42840E-06,2.2943E-01
-2.42800E-06,2.3041E-01
-2.42760E-06,2.3139E-01
-2.42720E-06,2.2943E-01
-2.42680E-06,2.3139E-01
-2.42640E-06,2.2943E-01
-2.42600E-06,2.2846E-01
-2.42560E-06,2.3334E-01
-2.42520E-06,2.3139E-01
-2.42480E-06,2.3041E-01
-2.42440E-06,2.3041E-01
-2.42400E-06,2.3041E-01
-2.42360E-06,2.3041E-01
-2.42320E-06,2.2846E-01
-2.42280E-06,2.3041E-01
-2.42240E-06,2.3139E-01
-2.42200E-06,2.2748E-01
-2.42160E-06,2.3041E-01
-2.42120E-06,2.2748E-01
-2.42080E-06,2.2943E-01
-2.42040E-06,2.3236E-01
-2.42000E-06,2.3236E-01
-2.41960E-06,2.3139E-01
-2.41920E-06,2.2943E-01
-2.41880E-06,2.3041E-01
-2.41840E-06,2.3041E-01
-2.41800E-06,2.3041E-01
-2.41760E-06,2.2748E-01
-2.41720E-06,2.3041E-01
-2.41680E-06,2.3041E-01
-2.41640E-06,2.2943E-01
-2.41600E-06,2.3236E-01
-2.41560E-06,2.2748E-01
-2.41520E-06,2.3041E-01
-2.41480E-06,2.3139E-01
-2.41440E-06,2.3139E-01
-2.41400E-06,2.3041E-01
-2.41360E-06,2.3041E-01
-2.41320E-06,2.2748E-01
-2.41280E-06,2.2846E-01
-2.41240E-06,2.3041E-01
-2.41200E-06,2.2846E-01
-2.41160E-06,2.3236E-01
-2.41120E-06,2.3334E-01
-2.41080E-06,2.3041E-01
-2.41040E-06,2.3529E-01
-2.41000E-06,2.3041E-01
-2.40960E-06,2.3236E-01
-2.40920E-06,2.2846E-01
-2.40880E-06,2.3041E-01
-2.40840E-06,2.3236E-01
-2.40800E-06,2.3236E-01
-2.40760E-06,2.3041E-01
-2.40720E-06,2.3139E-01
-2.40680E-06,2.2943E-01
-2.40640E-06,2.2748E-01
-2.40600E-06,2.2943E-01
-2.40560E-06,2.2943E-01
-2.40520E-06,2.2943E-01
-2.40480E-06,2.3041E-01
-2.40440E-06,2.2748E-01
-2.40400E-06,2.2846E-01
-2.40360E-06,2.3334E-01
-2.40320E-06,2.3041E-01
-2.40280E-06,2.2846E-01
-2.40240E-06,2.2748E-01
-2.40200E-06,2.2943E-01
-2.40160E-06,2.2943E-01
-2.40120E-06,2.3041E-01
-2.40080E-06,2.3139E-01
-2.40040E-06,2.3041E-01
-2.40000E-06,2.2846E-01
-2.39960E-06,2.2943E-01
-2.39920E-06,2.2650E-01
-2.39880E-06,2.2846E-01
-2.39840E-06,2.3041E-01
-2.39800E-06,2.2748E-01
-2.39760E-06,2.3139E-01
-2.39720E-06,2.2748E-01
-2.39680E-06,2.3236E-01
-2.39640E-06,2.2943E-01
-2.39600E-06,2.3139E-01
-2.39560E-06,2.2846E-01
-2.39520E-06,2.2650E-01
-2.39480E-06,2.2846E-01
-2.39440E-06,2.3139E-01
-2.39400E-06,2.3432E-01
-2.39360E-06,2.3041E-01
-2.39320E-06,2.3041E-01
-2.39280E-06,2.3041E-01
-2.39240E-06,2.2846E-01
-2.39200E-06,2.3236E-01
-2.39160E-06,2.2943E-01
-2.39120E-06,2.3334E-01
-2.39080E-06,2.2748E-01
-2.39040E-06,2.2846E-01
-2.39000E-06,2.3041E-01
-2.38960E-06,2.2748E-01
-2.38920E-06,2.2846E-01
-2.38880E-06,2.3139E-01
-2.38840E-06,2.3041E-01
-2.38800E-06,2.3139E-01
-2.38760E-06,2.3334E-01
-2.38720E-06,2.2846E-01
-2.38680E-06,2.3139E-01
-2.38640E-06,2.3139E-01
-2.38600E-06,2.3236E-01
-2.38560E-06,2.3041E-01
-2.38520E-06,2.2943E-01
-2.38480E-06,2.3334E-01
-2.38440E-06,2.3041E-01
-2.38400E-06,2.2943E-01
-2.38360E-06,2.3041E-01
-2.38320E-06,2.3432E-01
-2.38280E-06,2.3041E-01
-2.38240E-06,2.3041E-01
-2.38200E-06,2.3236E-01
-2.38160E-06,2.2748E-01
-2.38120E-06,2.3139E-01
-2.38080E-06,2.3236E-01
-2.38040E-06,2.3432E-01
-2.38000E-06,2.3041E-01
-2.37960E-06,2.2943E-01
-2.37920E-06,2.3041E-01
-2.37880E-06,2.2748E-01
-2.37840E-06,2.2943E-01
-2.37800E-06,2.2846E-01
-2.37760E-06,2.3139E-01
-2.37720E-06,2.2943E-01
-2.37680E-06,2.3139E-01
-2.37640E-06,2.2846E-01
-2.37600E-06,2.3334E-01
-2.37560E-06,2.2943E-01
-2.37520E-06,2.3139E-01
-2.37480E-06,2.2846E-01
-2.37440E-06,2.2943E-01
-2.37400E-06,2.2748E-01
-2.37360E-06,2.2943E-01
-2.37320E-06,2.2943E-01
-2.37280E-06,2.3139E-01
-2.37240E-06,2.2846E-01
-2.37200E-06,2.3041E-01
-2.37160E-06,2.3041E-01
-2.37120E-06,2.3139E-01
-2.37080E-06,2.3041E-01
-2.37040E-06,2.2748E-01
-2.37000E-06,2.2650E-01
-2.36960E-06,2.3236E-01
-2.36920E-06,2.3041E-01
-2.36880E-06,2.3041E-01
-2.36840E-06,2.3334E-01
-2.36800E-06,2.3041E-01
-2.36760E-06,2.3041E-01
-2.36720E-06,2.3041E-01
-2.36680E-06,2.3236E-01
-2.36640E-06,2.3041E-01
-2.36600E-06,2.2943E-01
-2.36560E-06,2.2943E-01
-2.36520E-06,2.3139E-01
-2.36480E-06,2.2846E-01
-2.36440E-06,2.3041E-01
-2.36400E-06,2.2943E-01
-2.36360E-06,2.3334E-01
-2.36320E-06,2.3139E-01
-2.36280E-06,2.3041E-01
-2.36240E-06,2.2943E-01
-2.36200E-06,2.2846E-01
-2.36160E-06,2.2943E-01
-2.36120E-06,2.3139E-01
-2.36080E-06,2.2846E-01
-2.36040E-06,2.2943E-01
-2.36000E-06,2.3041E-01
-2.35960E-06,2.3139E-01
-2.35920E-06,2.3041E-01
-2.35880E-06,2.3139E-01
-2.35840E-06,2.3139E-01
-2.35800E-06,2.3432E-01
-2.35760E-06,2.2943E-01
-2.35720E-06,2.3236E-01
-2.35680E-06,2.2846E-01
-2.35640E-06,2.3334E-01
-2.35600E-06,2.3139E-01
-2.35560E-06,2.2846E-01
-2.35520E-06,2.2846E-01
-2.35480E-06,2.3041E-01
-2.35440E-06,2.2748E-01
-2.35400E-06,2.2846E-01
-2.35360E-06,2.2846E-01
-2.35320E-06,2.3334E-01
-2.35280E-06,2.3236E-01
-2.35240E-06,2.3139E-01
-2.35200E-06,2.3139E-01
-2.35160E-06,2.3041E-01
-2.35120E-06,2.3334E-01
-2.35080E-06,2.2650E-01
-2.35040E-06,2.2748E-01
-2.35000E-06,2.2846E-01
-2.34960E-06,2.2943E-01
-2.34920E-06,2.2846E-01
-2.34880E-06,2.2748E-01
-2.34840E-06,2.2943E-01
-2.34800E-06,2.3041E-01
-2.34760E-06,2.3139E-01
-2.34720E-06,2.3236E-01
-2.34680E-06,2.2748E-01
-2.34640E-06,2.3041E-01
-2.34600E-06,2.3334E-01
-2.34560E-06,2.3236E-01
-2.34520E-06,2.3041E-01
-2.34480E-06,2.2846E-01
-2.34440E-06,2.2846E-01
-2.34400E-06,2.2748E-01
-2.34360E-06,2.3041E-01
-2.34320E-06,2.2943E-01
-2.34280E-06,2.3041E-01
-2.34240E-06,2.3139E-01
-2.34200E-06,2.2943E-01
-2.34160E-06,2.2748E-01
-2.34120E-06,2.3236E-01
-2.34080E-06,2.3139E-01
-2.34040E-06,2.3041E-01
-2.34000E-06,2.2943E-01
-2.33960E-06,2.3139E-01
-2.33920E-06,2.3139E-01
-2.33880E-06,2.3041E-01
-2.33840E-06,2.2846E-01
-2.33800E-06,2.3041E-01
-2.33760E-06,2.3432E-01
-2.33720E-06,2.2943E-01
-2.33680E-06,2.3236E-01
-2.33640E-06,2.3334E-01
-2.33600E-06,2.2943E-01
-2.33560E-06,2.3041E-01
-2.33520E-06,2.3041E-01
-2.33480E-06,2.3236E-01
-2.33440E-06,2.2943E-01
-2.33400E-06,2.3041E-01
-2.33360E-06,2.2846E-01
-2.33320E-06,2.3236E-01
-2.33280E-06,2.2943E-01
-2.33240E-06,2.3334E-01
-2.33200E-06,2.3139E-01
-2.33160E-06,2.3041E-01
-2.33120E-06,2.2943E-01
-2.33080E-06,2.3041E-01
-2.33040E-06,2.2846E-01
-2.33000E-06,2.2943E-01
-2.32960E-06,2.3139E-01
-2.32920E-06,2.3041E-01
-2.32880E-06,2.2943E-01
-2.32840E-06,2.2846E-01
-2.32800E-06,2.2943E-01
-2.32760E-06,2.3041E-01
-2.32720E-06,2.2943E-01
-2.32680E-06,2.2943E-01
-2.32640E-06,2.3334E-01
-2.32600E-06,2.3041E-01
-2.32560E-06,2.2943E-01
-2.32520E-06,2.3041E-01
-2.32480E-06,2.2943E-01
-2.32440E-06,2.2846E-01
-2.32400E-06,2.3139E-01
-2.32360E-06,2.3041E-01
-2.32320E-06,2.2943E-01
-2.32280E-06,2.2943E-01
-2.32240E-06,2.3139E-01
-2.32200E-06,2.3139E-01
-2.32160E-06,2.3041E-01
-2.32120E-06,2.2846E-01
-2.32080E-06,2.3139E-01
-2.32040E-06,2.2846E-01
-2.32000E-06,2.2846E-01
-2.31960E-06,2.2846E-01
-2.31920E-06,2.3236E-01
-2.31880E-06,2.3334E-01
-2.31840E-06,2.3041E-01
-2.31800E-06,2.3041E-01
-2.31760E-06,2.2846E-01
-2.31720E-06,2.3139E-01
-2.31680E-06,2.3236E-01
-2.31640E-06,2.3041E-01
-2.31600E-06,2.2943E-01
-2.31560E-06,2.3139E-01
-2.31520E-06,2.2943E-01
-2.31480E-06,2.3041E-01
-2.31440E-06,2.3139E-01
-2.31400E-06,2.3041E-01
-2.31360E-06,2.3236E-01
-2.31320E-06,2.2943E-01
-2.31280E-06,2.2748E-01
-2.31240E-06,2.3041E-01
-2.31200E-06,2.2943E-01
-2.31160E-06,2.3041E-01
-2.31120E-06,2.2943E-01
-2.31080E-06,2.2943E-01
-2.31040E-06,2.3041E-01
-2.31000E-06,2.3041E-01
-2.30960E-06,2.3041E-01
-2.30920E-06,2.3236E-01
-2.30880E-06,2.2650E-01
-2.30840E-06,2.3041E-01
-2.30800E-06,2.3041E-01
-2.30760E-06,2.3139E-01
-2.30720E-06,2.3139E-01
-2.30680E-06,2.3041E-01
-2.30640E-06,2.3041E-01
-2.30600E-06,2.3139E-01
-2.30560E-06,2.3041E-01
-2.30520E-06,2.3041E-01
-2.30480E-06,2.2846E-01
-2.30440E-06,2.3139E-01
-2.30400E-06,2.2553E-01
-2.30360E-06,2.2748E-01
-2.30320E-06,2.2748E-01
-2.30280E-06,2.3041E-01
-2.30240E-06,2.2846E-01
-2.30200E-06,2.2748E-01
-2.30160E-06,2.3041E-01
-2.30120E-06,2.3041E-01
-2.30080E-06,2.3041E-01
-2.30040E-06,2.2748E-01
-2.30000E-06,2.2846E-01
-2.29960E-06,2.2650E-01
-2.29920E-06,2.3139E-01
-2.29880E-06,2.3041E-01
-2.29840E-06,2.3139E-01
-2.29800E-06,2.3334E-01
-2.29760E-06,2.2943E-01
-2.29720E-06,2.3041E-01
-2.29680E-06,2.3041E-01
-2.29640E-06,2.3139E-01
-2.29600E-06,2.3041E-01
-2.29560E-06,2.2748E-01
-2.29520E-06,2.3041E-01
-2.29480E-06,2.3236E-01
-2.29440E-06,2.3139E-01
-2.29400E-06,2.3041E-01
-2.29360E-06,2.3041E-01
-2.29320E-06,2.2943E-01
-2.29280E-06,2.2846E-01
-2.29240E-06,2.3334E-01
-2.29200E-06,2.3139E-01
-2.29160E-06,2.3236E-01
-2.29120E-06,2.3041E-01
-2.29080E-06,2.3041E-01
-2.29040E-06,2.3041E-01
-2.29000E-06,2.3529E-01
-2.28960E-06,2.3041E-01
-2.28920E-06,2.2846E-01
-2.28880E-06,2.3139E-01
-2.28840E-06,2.2650E-01
-2.28800E-06,2.2846E-01
-2.28760E-06,2.2943E-01
-2.28720E-06,2.2943E-01
-2.28680E-06,2.3041E-01
-2.28640E-06,2.3041E-01
-2.28600E-06,2.3334E-01
-2.28560E-06,2.3041E-01
-2.28520E-06,2.2846E-01
-2.28480E-06,2.2846E-01
-2.28440E-06,2.3041E-01
-2.28400E-06,2.2846E-01
-2.28360E-06,2.3334E-01
-2.28320E-06,2.3041E-01
-2.28280E-06,2.3139E-01
-2.28240E-06,2.2943E-01
-2.28200E-06,2.3334E-01
-2.28160E-06,2.3041E-01
-2.28120E-06,2.3041E-01
-2.28080E-06,2.2846E-01
-2.28040E-06,2.3041E-01
-2.28000E-06,2.3236E-01
-2.27960E-06,2.2943E-01
-2.27920E-06,2.2846E-01
-2.27880E-06,2.3041E-01
-2.27840E-06,2.2748E-01
-2.27800E-06,2.2943E-01
-2.27760E-06,2.2846E-01
-2.27720E-06,2.3432E-01
-2.27680E-06,2.3139E-01
-2.27640E-06,2.2846E-01
-2.27600E-06,2.3041E-01
-2.27560E-06,2.3334E-01
-2.27520E-06,2.2846E-01
-2.27480E-06,2.2943E-01
-2.27440E-06,2.2846E-01
-2.27400E-06,2.3139E-01
-2.27360E-06,2.2846E-01
-2.27320E-06,2.2943E-01
-2.27280E-06,2.2748E-01
-2.27240E-06,2.2846E-01
-2.27200E-06,2.2943E-01
-2.27160E-06,2.3236E-01
-2.27120E-06,2.3041E-01
-2.27080E-06,2.3041E-01
-2.27040E-06,2.3139E-01
-2.27000E-06,2.2748E-01
-2.26960E-06,2.2943E-01
-2.26920E-06,2.3236E-01
-2.26880E-06,2.3139E-01
-2.26840E-06,2.2846E-01
-2.26800E-06,2.2748E-01
-2.26760E-06,2.3041E-01
-2.26720E-06,2.2846E-01
-2.26680E-06,2.3139E-01
-2.26640E-06,2.3041E-01
-2.26600E-06,2.3139E-01
-2.26560E-06,2.2943E-01
-2.26520E-06,2.3139E-01
-2.26480E-06,2.2748E-01
-2.26440E-06,2.2846E-01
-2.26400E-06,2.3041E-01
-2.26360E-06,2.3041E-01
-2.26320E-06,2.3334E-01
-2.26280E-06,2.2943E-01
-2.26240E-06,2.3139E-01
-2.26200E-06,2.3041E-01
-2.26160E-06,2.3041E-01
-2.26120E-06,2.3041E-01
-2.26080E-06,2.3041E-01
-2.26040E-06,2.3236E-01
-2.26000E-06,2.2943E-01
-2.25960E-06,2.3139E-01
-2.25920E-06,2.2846E-01
-2.25880E-06,2.2748E-01
-2.25840E-06,2.2943E-01
-2.25800E-06,2.3139E-01
-2.25760E-06,2.3041E-01
-2.25720E-06,2.2943E-01
-2.25680E-06,2.3041E-01
-2.25640E-06,2.3139E-01
-2.25600E-06,2.3236E-01
-2.25560E-06,2.3041E-01
-2.25520E-06,2.3139E-01
-2.25480E-06,2.3139E-01
-2.25440E-06,2.3139E-01
-2.25400E-06,2.3334E-01
-2.25360E-06,2.3236E-01
-2.25320E-06,2.3041E-01
-2.25280E-06,2.2943E-01
-2.25240E-06,2.3041E-01
-2.25200E-06,2.2846E-01
-2.25160E-06,2.3139E-01
-2.25120E-06,2.2943E-01
-2.25080E-06,2.3041E-01
-2.25040E-06,2.3334E-01
-2.25000E-06,2.2943E-01
-2.24960E-06,2.3139E-01
-2.24920E-06,2.3334E-01
-2.24880E-06,2.3041E-01
-2.24840E-06,2.3139E-01
-2.24800E-06,2.2846E-01
-2.24760E-06,2.3139E-01
-2.24720E-06,2.2846E-01
-2.24680E-06,2.3041E-01
-2.24640E-06,2.2943E-01
-2.24600E-06,2.3139E-01
-2.24560E-06,2.2943E-01
-2.24520E-06,2.3529E-01
-2.24480E-06,2.2748E-01
-2.24440E-06,2.3334E-01
-2.24400E-06,2.2846E-01
-2.24360E-06,2.2748E-01
-2.24320E-06,2.2846E-01
-2.24280E-06,2.2943E-01
-2.24240E-06,2.3041E-01
-2.24200E-06,2.3334E-01
-2.24160E-06,2.3041E-01
-2.24120E-06,2.3236E-01
-2.24080E-06,2.2846E-01
-2.24040E-06,2.2943E-01
-2.24000E-06,2.3041E-01
-2.23960E-06,2.2943E-01
-2.23920E-06,2.2553E-01
-2.23880E-06,2.3334E-01
-2.23840E-06,2.3041E-01
-2.23800E-06,2.3041E-01
-2.23760E-06,2.2846E-01
-2.23720E-06,2.2846E-01
-2.23680E-06,2.3041E-01
-2.23640E-06,2.3139E-01
-2.23600E-06,2.3139E-01
-2.23560E-06,2.3236E-01
-2.23520E-06,2.3529E-01
-2.23480E-06,2.3041E-01
-2.23440E-06,2.3041E-01
-2.23400E-06,2.3236E-01
-2.23360E-06,2.2846E-01
-2.23320E-06,2.3236E-01
-2.23280E-06,2.3041E-01
-2.23240E-06,2.3139E-01
-2.23200E-06,2.3041E-01
-2.23160E-06,2.3236E-01
-2.23120E-06,2.2846E-01
-2.23080E-06,2.2943E-01
-2.23040E-06,2.2748E-01
-2.23000E-06,2.2943E-01
-2.22960E-06,2.3041E-01
-2.22920E-06,2.3139E-01
-2.22880E-06,2.3432E-01
-2.22840E-06,2.3041E-01
-2.22800E-06,2.3139E-01
-2.22760E-06,2.2846E-01
-2.22720E-06,2.3334E-01
-2.22680E-06,2.3334E-01
-2.22640E-06,2.3041E-01
-2.22600E-06,2.3139E-01
-2.22560E-06,2.3041E-01
-2.22520E-06,2.3041E-01
-2.22480E-06,2.3041E-01
-2.22440E-06,2.3041E-01
-2.22400E-06,2.3334E-01
-2.22360E-06,2.2943E-01
-2.22320E-06,2.2846E-01
-2.22280E-06,2.2943E-01
-2.22240E-06,2.3139E-01
-2.22200E-06,2.2943E-01
-2.22160E-06,2.2943E-01
-2.22120E-06,2.3432E-01
-2.22080E-06,2.3041E-01
-2.22040E-06,2.3236E-01
-2.22000E-06,2.3041E-01
-2.21960E-06,2.3334E-01
-2.21920E-06,2.3041E-01
-2.21880E-06,2.3139E-01
-2.21840E-06,2.3041E-01
-2.21800E-06,2.3236E-01
-2.21760E-06,2.3139E-01
-2.21720E-06,2.3041E-01
-2.21680E-06,2.3041E-01
-2.21640E-06,2.3236E-01
-2.21600E-06,2.2846E-01
-2.21560E-06,2.2943E-01
-2.21520E-06,2.2943E-01
-2.21480E-06,2.2943E-01
-2.21440E-06,2.3139E-01
-2.21400E-06,2.3041E-01
-2.21360E-06,2.2943E-01
-2.21320E-06,2.3041E-01
-2.21280E-06,2.2748E-01
-2.21240E-06,2.3139E-01
-2.21200E-06,2.3334E-01
-2.21160E-06,2.3236E-01
-2.21120E-06,2.2748E-01
-2.21080E-06,2.2943E-01
-2.21040E-06,2.3041E-01
-2.21000E-06,2.2943E-01
-2.20960E-06,2.3432E-01
-2.20920E-06,2.3041E-01
-2.20880E-06,2.2846E-01
-2.20840E-06,2.2943E-01
-2.20800E-06,2.3041E-01
-2.20760E-06,2.3236E-01
-2.20720E-06,2.3041E-01
-2.20680E-06,2.3041E-01
-2.20640E-06,2.3139E-01
-2.20600E-06,2.3236E-01
-2.20560E-06,2.2943E-01
-2.20520E-06,2.3334E-01
-2.20480E-06,2.3334E-01
-2.20440E-06,2.3041E-01
-2.20400E-06,2.3041E-01
-2.20360E-06,2.2846E-01
-2.20320E-06,2.2748E-01
-2.20280E-06,2.2846E-01
-2.20240E-06,2.3041E-01
-2.20200E-06,2.3139E-01
-2.20160E-06,2.2846E-01
-2.20120E-06,2.3041E-01
-2.20080E-06,2.3139E-01
-2.20040E-06,2.3139E-01
-2.20000E-06,2.3041E-01
-2.19960E-06,2.3139E-01
-2.19920E-06,2.3236E-01
-2.19880E-06,2.3236E-01
-2.19840E-06,2.3139E-01
-2.19800E-06,2.3041E-01
-2.19760E-06,2.3041E-01
-2.19720E-06,2.3236E-01
-2.19680E-06,2.3334E-01
-2.19640E-06,2.2943E-01
-2.19600E-06,2.2943E-01
-2.19560E-06,2.3139E-01
-2.19520E-06,2.2748E-01
-2.19480E-06,2.3041E-01
-2.19440E-06,2.3041E-01
-2.19400E-06,2.3139E-01
-2.19360E-06,2.3041E-01
-2.19320E-06,2.2846E-01
-2.19280E-06,2.3334E-01
-2.19240E-06,2.3041E-01
-2.19200E-06,2.3236E-01
-2.19160E-06,2.2943E-01
-2.19120E-06,2.3139E-01
-2.19080E-06,2.3236E-01
-2.19040E-06,2.3041E-01
-2.19000E-06,2.3041E-01
-2.18960E-06,2.3139E-01
-2.18920E-06,2.3139E-01
-2.18880E-06,2.3236E-01
-2.18840E-06,2.2748E-01
-2.18800E-06,2.3041E-01
-2.18760E-06,2.3041E-01
-2.18720E-06,2.3041E-01
-2.18680E-06,2.2846E-01
-2.18640E-06,2.3432E-01
-2.18600E-06,2.3334E-01
-2.18560E-06,2.3139E-01
-2.18520E-06,2.3432E-01
-2.18480E-06,2.3236E-01
-2.18440E-06,2.2943E-01
-2.18400E-06,2.3334E-01
-2.18360E-06,2.3041E-01
-2.18320E-06,2.3236E-01
-2.18280E-06,2.3432E-01
-2.18240E-06,2.3334E-01
-2.18200E-06,2.3432E-01
-2.18160E-06,2.2846E-01
-2.18120E-06,2.3139E-01
-2.18080E-06,2.3139E-01
-2.18040E-06,2.3041E-01
-2.18000E-06,2.3236E-01
-2.17960E-06,2.3041E-01
-2.17920E-06,2.2748E-01
-2.17880E-06,2.2943E-01
-2.17840E-06,2.3236E-01
-2.17800E-06,2.3334E-01
-2.17760E-06,2.3041E-01
-2.17720E-06,2.2748E-01
-2.17680E-06,2.3041E-01
-2.17640E-06,2.2943E-01
-2.17600E-06,2.3139E-01
-2.17560E-06,2.3041E-01
-2.17520E-06,2.3041E-01
-2.17480E-06,2.3139E-01
-2.17440E-06,2.3041E-01
-2.17400E-06,2.2943E-01
-2.17360E-06,2.3041E-01
-2.17320E-06,2.2650E-01
-2.17280E-06,2.3139E-01
-2.17240E-06,2.2846E-01
-2.17200E-06,2.3432E-01
-2.17160E-06,2.3139E-01
-2.17120E-06,2.3432E-01
-2.17080E-06,2.3041E-01
-2.17040E-06,2.3236E-01
-2.17000E-06,2.3041E-01
-2.16960E-06,2.3041E-01
-2.16920E-06,2.3334E-01
-2.16880E-06,2.3236E-01
-2.16840E-06,2.3041E-01
-2.16800E-06,2.2943E-01
-2.16760E-06,2.3139E-01
-2.16720E-06,2.3334E-01
-2.16680E-06,2.3041E-01
-2.16640E-06,2.3236E-01
-2.16600E-06,2.3041E-01
-2.16560E-06,2.3041E-01
-2.16520E-06,2.3139E-01
-2.16480E-06,2.2943E-01
-2.16440E-06,2.2943E-01
-2.16400E-06,2.3139E-01
-2.16360E-06,2.3236E-01
-2.16320E-06,2.2846E-01
-2.16280E-06,2.2943E-01
-2.16240E-06,2.3041E-01
-2.16200E-06,2.3236E-01
-2.16160E-06,2.3041E-01
-2.16120E-06,2.2943E-01
-2.16080E-06,2.3041E-01
-2.16040E-06,2.3139E-01
-2.16000E-06,2.3139E-01
-2.15960E-06,2.2846E-01
-2.15920E-06,2.3041E-01
-2.15880E-06,2.3041E-01
-2.15840E-06,2.2846E-01
-2.15800E-06,2.3041E-01
-2.15760E-06,2.3041E-01
-2.15720E-06,2.3041E-01
-2.15680E-06,2.2943E-01
-2.15640E-06,2.3236E-01
-2.15600E-06,2.3139E-01
-2.15560E-06,2.3041E-01
-2.15520E-06,2.3041E-01
-2.15480E-06,2.2943E-01
-2.15440E-06,2.2943E-01
-2.15400E-06,2.3041E-01
-2.15360E-06,2.2846E-01
-2.15320E-06,2.3041E-01
-2.15280E-06,2.2943E-01
-2.15240E-06,2.3041E-01
-2.15200E-06,2.3041E-01
-2.15160E-06,2.3334E-01
-2.15120E-06,2.3236E-01
-2.15080E-06,2.3139E-01
-2.15040E-06,2.3236E-01
-2.15000E-06,2.3236E-01
-2.14960E-06,2.3041E-01
-2.14920E-06,2.3236E-01
-2.14880E-06,2.3236E-01
-2.14840E-06,2.2846E-01
-2.14800E-06,2.3139E-01
-2.14760E-06,2.3041E-01
-2.14720E-06,2.3139E-01
-2.14680E-06,2.2748E-01
-2.14640E-06,2.2943E-01
-2.14600E-06,2.2943E-01
-2.14560E-06,2.3041E-01
-2.14520E-06,2.3139E-01
-2.14480E-06,2.3041E-01
-2.14440E-06,2.3041E-01
-2.14400E-06,2.3334E-01
-2.14360E-06,2.3041E-01
-2.14320E-06,2.3041E-01
-2.14280E-06,2.3041E-01
-2.14240E-06,2.3041E-01
-2.14200E-06,2.3041E-01
-2.14160E-06,2.2943E-01
-2.14120E-06,2.2943E-01
-2.14080E-06,2.3236E-01
-2.14040E-06,2.2943E-01
-2.14000E-06,2.2943E-01
-2.13960E-06,2.3334E-01
-2.13920E-06,2.2846E-01
-2.13880E-06,2.3334E-01
-2.13840E-06,2.3334E-01
-2.13800E-06,2.3139E-01
-2.13760E-06,2.3041E-01
-2.13720E-06,2.3139E-01
-2.13680E-06,2.3041E-01
-2.13640E-06,2.3334E-01
-2.13600E-06,2.3041E-01
-2.13560E-06,2.2846E-01
-2.13520E-06,2.3041E-01
-2.13480E-06,2.2748E-01
-2.13440E-06,2.3334E-01
-2.13400E-06,2.3334E-01
-2.13360E-06,2.3139E-01
-2.13320E-06,2.2748E-01
-2.13280E-06,2.2943E-01
-2.13240E-06,2.3041E-01
-2.13200E-06,2.3041E-01
-2.13160E-06,2.3334E-01
-2.13120E-06,2.2943E-01
-2.13080E-06,2.3334E-01
-2.13040E-06,2.3041E-01
-2.13000E-06,2.3236E-01
-2.12960E-06,2.2846E-01
-2.12920E-06,2.3041E-01
-2.12880E-06,2.2943E-01
-2.12840E-06,2.2943E-01
-2.12800E-06,2.3236E-01
-2.12760E-06,2.3041E-01
-2.12720E-06,2.3041E-01
-2.12680E-06,2.3236E-01
-2.12640E-06,2.3139E-01
-2.12600E-06,2.3334E-01
-2.12560E-06,2.3139E-01
-2.12520E-06,2.3041E-01
-2.12480E-06,2.3236E-01
-2.12440E-06,2.3236E-01
-2.12400E-06,2.3041E-01
-2.12360E-06,2.3334E-01
-2.12320E-06,2.3041E-01
-2.12280E-06,2.3041E-01
-2.12240E-06,2.3334E-01
-2.12200E-06,2.3041E-01
-2.12160E-06,2.3139E-01
-2.12120E-06,2.3236E-01
-2.12080E-06,2.3041E-01
-2.12040E-06,2.3041E-01
-2.12000E-06,2.3236E-01
-2.11960E-06,2.3139E-01
-2.11920E-06,2.3432E-01
-2.11880E-06,2.3041E-01
-2.11840E-06,2.2943E-01
-2.11800E-06,2.3236E-01
-2.11760E-06,2.2846E-01
-2.11720E-06,2.3236E-01
-2.11680E-06,2.2943E-01
-2.11640E-06,2.3041E-01
-2.11600E-06,2.2943E-01
-2.11560E-06,2.3041E-01
-2.11520E-06,2.3139E-01
-2.11480E-06,2.2846E-01
-2.11440E-06,2.2943E-01
-2.11400E-06,2.3139E-01
-2.11360E-06,2.3041E-01
-2.11320E-06,2.3041E-01
-2.11280E-06,2.3041E-01
-2.11240E-06,2.3139E-01
-2.11200E-06,2.2553E-01
-2.11160E-06,2.3139E-01
-2.11120E-06,2.3139E-01
-2.11080E-06,2.2846E-01
-2.11040E-06,2.3041E-01
-2.11000E-06,2.3041E-01
-2.10960E-06,2.3334E-01
-2.10920E-06,2.2943E-01
-2.10880E-06,2.3139E-01
-2.10840E-06,2.2846E-01
-2.10800E-06,2.3334E-01
-2.10760E-06,2.3041E-01
-2.10720E-06,2.2846E-01
-2.10680E-06,2.3139E-01
-2.10640E-06,2.2943E-01
-2.10600E-06,2.2846E-01
-2.10560E-06,2.2846E-01
-2.10520E-06,2.2943E-01
-2.10480E-06,2.3041E-01
-2.10440E-06,2.2748E-01
-2.10400E-06,2.3041E-01
-2.10360E-06,2.2846E-01
-2.10320E-06,2.3041E-01
-2.10280E-06,2.3139E-01
-2.10240E-06,2.3334E-01
-2.10200E-06,2.3236E-01
-2.10160E-06,2.3041E-01
-2.10120E-06,2.3236E-01
-2.10080E-06,2.2846E-01
-2.10040E-06,2.2846E-01
-2.10000E-06,2.2943E-01
-2.09960E-06,2.3041E-01
-2.09920E-06,2.3041E-01
-2.09880E-06,2.3041E-01
-2.09840E-06,2.3041E-01
-2.09800E-06,2.3041E-01
-2.09760E-06,2.3041E-01
-2.09720E-06,2.2748E-01
-2.09680E-06,2.2748E-01
-2.09640E-06,2.3041E-01
-2.09600E-06,2.3236E-01
-2.09560E-06,2.2943E-01
-2.09520E-06,2.2846E-01
-2.09480E-06,2.2748E-01
-2.09440E-06,2.3041E-01
-2.09400E-06,2.3139E-01
-2.09360E-06,2.3236E-01
-2.09320E-06,2.3041E-01
-2.09280E-06,2.2943E-01
-2.09240E-06,2.3041E-01
-2.09200E-06,2.2748E-01
-2.09160E-06,2.3334E-01
-2.09120E-06,2.2943E-01
-2.09080E-06,2.2455E-01
-2.09040E-06,2.3041E-01
-2.09000E-06,2.3041E-01
-2.08960E-06,2.3041E-01
-2.08920E-06,2.2943E-01
-2.08880E-06,2.3432E-01
-2.08840E-06,2.3139E-01
-2.08800E-06,2.2748E-01
-2.08760E-06,2.2943E-01
-2.08720E-06,2.2846E-01
-2.08680E-06,2.3236E-01
-2.08640E-06,2.3139E-01
-2.08600E-06,2.3139E-01
-2.08560E-06,2.2943E-01
-2.08520E-06,2.3236E-01
-2.08480E-06,2.2943E-01
-2.08440E-06,2.2846E-01
-2.08400E-06,2.2748E-01
-2.08360E-06,2.3041E-01
-2.08320E-06,2.3139E-01
-2.08280E-06,2.2943E-01
-2.08240E-06,2.3334E-01
-2.08200E-06,2.2943E-01
-2.08160E-06,2.2846E-01
-2.08120E-06,2.3236E-01
-2.08080E-06,2.3432E-01
-2.08040E-06,2.3139E-01
-2.08000E-06,2.3139E-01
-2.07960E-06,2.2650E-01
-2.07920E-06,2.3334E-01
-2.07880E-06,2.3041E-01
-2.07840E-06,2.2943E-01
-2.07800E-06,2.2650E-01
-2.07760E-06,2.3041E-01
-2.07720E-06,2.2748E-01
-2.07680E-06,2.2846E-01
-2.07640E-06,2.2748E-01
-2.07600E-06,2.3041E-01
-2.07560E-06,2.3041E-01
-2.07520E-06,2.3529E-01
-2.07480E-06,2.2748E-01
-2.07440E-06,2.2553E-01
-2.07400E-06,2.2748E-01
-2.07360E-06,2.2943E-01
-2.07320E-06,2.3041E-01
-2.07280E-06,2.2846E-01
-2.07240E-06,2.3334E-01
-2.07200E-06,2.3139E-01
-2.07160E-06,2.3236E-01
-2.07120E-06,2.3236E-01
-2.07080E-06,2.3041E-01
-2.07040E-06,2.3236E-01
-2.07000E-06,2.3041E-01
-2.06960E-06,2.3432E-01
-2.06920E-06,2.3236E-01
-2.06880E-06,2.3041E-01
-2.06840E-06,2.2943E-01
-2.06800E-06,2.2943E-01
-2.06760E-06,2.3041E-01
-2.06720E-06,2.3139E-01
-2.06680E-06,2.3041E-01
-2.06640E-06,2.3041E-01
-2.06600E-06,2.2943E-01
-2.06560E-06,2.3236E-01
-2.06520E-06,2.3041E-01
-2.06480E-06,2.2846E-01
-2.06440E-06,2.3041E-01
-2.06400E-06,2.3236E-01
-2.06360E-06,2.3041E-01
-2.06320E-06,2.2846E-01
-2.06280E-06,2.3041E-01
-2.06240E-06,2.2943E-01
-2.06200E-06,2.3041E-01
-2.06160E-06,2.2943E-01
-2.06120E-06,2.3334E-01
-2.06080E-06,2.2748E-01
-2.06040E-06,2.3139E-01
-2.06000E-06,2.3041E-01
-2.05960E-06,2.3236E-01
-2.05920E-06,2.3041E-01
-2.05880E-06,2.3139E-01
-2.05840E-06,2.3041E-01
-2.05800E-06,2.2846E-01
-2.05760E-06,2.3041E-01
-2.05720E-06,2.2650E-01
-2.05680E-06,2.2943E-01
-2.05640E-06,2.2943E-01
-2.05600E-06,2.2943E-01
-2.05560E-06,2.3041E-01
-2.05520E-06,2.2748E-01
-2.05480E-06,2.2846E-01
-2.05440E-06,2.3041E-01
-2.05400E-06,2.3041E-01
-2.05360E-06,2.3041E-01
-2.05320E-06,2.3236E-01
-2.05280E-06,2.3041E-01
-2.05240E-06,2.2943E-01
-2.05200E-06,2.3236E-01
-2.05160E-06,2.2748E-01
-2.05120E-06,2.2846E-01
-2.05080E-06,2.2650E-01
-2.05040E-06,2.3139E-01
-2.05000E-06,2.2748E-01
-2.04960E-06,2.2846E-01
-2.04920E-06,2.2943E-01
-2.04880E-06,2.2650E-01
-2.04840E-06,2.2846E-01
-2.04800E-06,2.2943E-01
-2.04760E-06,2.3041E-01
-2.04720E-06,2.2943E-01
-2.04680E-06,2.2748E-01
-2.04640E-06,2.3041E-01
-2.04600E-06,2.3041E-01
-2.04560E-06,2.3139E-01
-2.04520E-06,2.2846E-01
-2.04480E-06,2.3236E-01
-2.04440E-06,2.2650E-01
-2.04400E-06,2.3041E-01
-2.04360E-06,2.3139E-01
-2.04320E-06,2.2455E-01
-2.04280E-06,2.3041E-01
-2.04240E-06,2.2748E-01
-2.04200E-06,2.2846E-01
-2.04160E-06,2.2846E-01
-2.04120E-06,2.3334E-01
-2.04080E-06,2.2943E-01
-2.04040E-06,2.3236E-01
-2.04000E-06,2.3236E-01
-2.03960E-06,2.3236E-01
-2.03920E-06,2.3139E-01
-2.03880E-06,2.3041E-01
-2.03840E-06,2.3139E-01
-2.03800E-06,2.2846E-01
-2.03760E-06,2.2943E-01
-2.03720E-06,2.3139E-01
-2.03680E-06,2.3041E-01
-2.03640E-06,2.3139E-01
-2.03600E-06,2.2846E-01
-2.03560E-06,2.3139E-01
-2.03520E-06,2.3041E-01
-2.03480E-06,2.3236E-01
-2.03440E-06,2.3041E-01
-2.03400E-06,2.3236E-01
-2.03360E-06,2.3041E-01
-2.03320E-06,2.2943E-01
-2.03280E-06,2.3334E-01
-2.03240E-06,2.2846E-01
-2.03200E-06,2.3139E-01
-2.03160E-06,2.3041E-01
-2.03120E-06,2.3139E-01
-2.03080E-06,2.3139E-01
-2.03040E-06,2.3041E-01
-2.03000E-06,2.3041E-01
-2.02960E-06,2.3139E-01
-2.02920E-06,2.3236E-01
-2.02880E-06,2.3139E-01
-2.02840E-06,2.3139E-01
-2.02800E-06,2.2943E-01
-2.02760E-06,2.3236E-01
-2.02720E-06,2.3139E-01
-2.02680E-06,2.3236E-01
-2.02640E-06,2.3236E-01
-2.02600E-06,2.2748E-01
-2.02560E-06,2.3139E-01
-2.02520E-06,2.2748E-01
-2.02480E-06,2.3236E-01
-2.02440E-06,2.3236E-01
-2.02400E-06,2.3041E-01
-2.02360E-06,2.3041E-01
-2.02320E-06,2.2846E-01
-2.02280E-06,2.2846E-01
-2.02240E-06,2.2943E-01
-2.02200E-06,2.3041E-01
-2.02160E-06,2.3041E-01
-2.02120E-06,2.3139E-01
-2.02080E-06,2.2943E-01
-2.02040E-06,2.3041E-01
-2.02000E-06,2.3041E-01
-2.01960E-06,2.3139E-01
-2.01920E-06,2.3041E-01
-2.01880E-06,2.3041E-01
-2.01840E-06,2.3041E-01
-2.01800E-06,2.3139E-01
-2.01760E-06,2.3139E-01
-2.01720E-06,2.3236E-01
-2.01680E-06,2.3041E-01
-2.01640E-06,2.3041E-01
-2.01600E-06,2.2846E-01
-2.01560E-06,2.3041E-01
-2.01520E-06,2.3041E-01
-2.01480E-06,2.3041E-01
-2.01440E-06,2.3041E-01
-2.01400E-06,2.3041E-01
-2.01360E-06,2.3139E-01
-2.01320E-06,2.2943E-01
-2.01280E-06,2.3334E-01
-2.01240E-06,2.3041E-01
-2.01200E-06,2.3139E-01
-2.01160E-06,2.3139E-01
-2.01120E-06,2.3139E-01
-2.01080E-06,2.3139E-01
-2.01040E-06,2.2943E-01
-2.01000E-06,2.3627E-01
-2.00960E-06,2.2846E-01
-2.00920E-06,2.3041E-01
-2.00880E-06,2.3041E-01
-2.00840E-06,2.3139E-01
-2.00800E-06,2.3041E-01
-2.00760E-06,2.3236E-01
-2.00720E-06,2.3041E-01
-2.00680E-06,2.2748E-01
-2.00640E-06,2.3334E-01
-2.00600E-06,2.3041E-01
-2.00560E-06,2.3041E-01
-2.00520E-06,2.3041E-01
-2.00480E-06,2.3041E-01
-2.00440E-06,2.3139E-01
-2.00400E-06,2.2748E-01
-2.00360E-06,2.3139E-01
-2.00320E-06,2.3236E-01
-2.00280E-06,2.3041E-01
-2.00240E-06,2.3041E-01
-2.00200E-06,2.3041E-01
-2.00160E-06,2.3041E-01
-2.00120E-06,2.2943E-01
-2.00080E-06,2.3334E-01
-2.00040E-06,2.2846E-01
-2.00000E-06,2.3139E-01
-1.99960E-06,2.3334E-01
-1.99920E-06,2.3236E-01
-1.99880E-06,2.3139E-01
-1.99840E-06,2.3334E-01
-1.99800E-06,2.3041E-01
-1.99760E-06,2.3334E-01
-1.99720E-06,2.3529E-01
-1.99680E-06,2.3041E-01
-1.99640E-06,2.3041E-01
-1.99600E-06,2.3041E-01
-1.99560E-06,2.3041E-01
-1.99520E-06,2.3236E-01
-1.99480E-06,2.2748E-01
-1.99440E-06,2.3236E-01
-1.99400E-06,2.2943E-01
-1.99360E-06,2.2553E-01
-1.99320E-06,2.2943E-01
-1.99280E-06,2.3041E-01
-1.99240E-06,2.2748E-01
-1.99200E-06,2.3041E-01
-1.99160E-06,2.3041E-01
-1.99120E-06,2.2943E-01
-1.99080E-06,2.3041E-01
-1.99040E-06,2.3139E-01
-1.99000E-06,2.3041E-01
-1.98960E-06,2.2943E-01
-1.98920E-06,2.3334E-01
-1.98880E-06,2.3139E-01
-1.98840E-06,2.3041E-01
-1.98800E-06,2.3041E-01
-1.98760E-06,2.2943E-01
-1.98720E-06,2.3139E-01
-1.98680E-06,2.2943E-01
-1.98640E-06,2.2943E-01
-1.98600E-06,2.3139E-01
-1.98560E-06,2.3334E-01
-1.98520E-06,2.3041E-01
-1.98480E-06,2.3236E-01
-1.98440E-06,2.3041E-01
-1.98400E-06,2.2846E-01
-1.98360E-06,2.3139E-01
-1.98320E-06,2.2846E-01
-1.98280E-06,2.3041E-01
-1.98240E-06,2.2650E-01
-1.98200E-06,2.3041E-01
-1.98160E-06,2.3334E-01
-1.98120E-06,2.2943E-01
-1.98080E-06,2.3139E-01
-1.98040E-06,2.3236E-01
-1.98000E-06,2.3236E-01
-1.97960E-06,2.3236E-01
-1.97920E-06,2.2943E-01
-1.97880E-06,2.2846E-01
-1.97840E-06,2.3041E-01
-1.97800E-06,2.3334E-01
-1.97760E-06,2.2748E-01
-1.97720E-06,2.3139E-01
-1.97680E-06,2.2846E-01
-1.97640E-06,2.2846E-01
-1.97600E-06,2.3139E-01
-1.97560E-06,2.3139E-01
-1.97520E-06,2.3139E-01
-1.97480E-06,2.3041E-01
-1.97440E-06,2.3139E-01
-1.97400E-06,2.2943E-01
-1.97360E-06,2.3236E-01
-1.97320E-06,2.2943E-01
-1.97280E-06,2.3041E-01
-1.97240E-06,2.3041E-01
-1.97200E-06,2.3236E-01
-1.97160E-06,2.3432E-01
-1.97120E-06,2.3139E-01
-1.97080E-06,2.3139E-01
-1.97040E-06,2.3041E-01
-1.97000E-06,2.3236E-01
-1.96960E-06,2.3041E-01
-1.96920E-06,2.3041E-01
-1.96880E-06,2.3139E-01
-1.96840E-06,2.3139E-01
-1.96800E-06,2.3139E-01
-1.96760E-06,2.2846E-01
-1.96720E-06,2.2943E-01
-1.96680E-06,2.3041E-01
-1.96640E-06,2.3041E-01
-1.96600E-06,2.3041E-01
-1.96560E-06,2.2943E-01
-1.96520E-06,2.3041E-01
-1.96480E-06,2.2943E-01
-1.96440E-06,2.3041E-01
-1.96400E-06,2.3041E-01
-1.96360E-06,2.3041E-01
-1.96320E-06,2.3139E-01
-1.96280E-06,2.2846E-01
-1.96240E-06,2.3041E-01
-1.96200E-06,2.3041E-01
-1.96160E-06,2.3139E-01
-1.96120E-06,2.2943E-01
-1.96080E-06,2.3236E-01
-1.96040E-06,2.3139E-01
-1.96000E-06,2.3041E-01
-1.95960E-06,2.2943E-01
-1.95920E-06,2.3139E-01
-1.95880E-06,2.2846E-01
-1.95840E-06,2.3139E-01
-1.95800E-06,2.3041E-01
-1.95760E-06,2.3139E-01
-1.95720E-06,2.3139E-01
-1.95680E-06,2.3139E-01
-1.95640E-06,2.3041E-01
-1.95600E-06,2.3236E-01
-1.95560E-06,2.2846E-01
-1.95520E-06,2.3139E-01
-1.95480E-06,2.3041E-01
-1.95440E-06,2.3041E-01
-1.95400E-06,2.3041E-01
-1.95360E-06,2.3041E-01
-1.95320E-06,2.2943E-01
-1.95280E-06,2.2748E-01
-1.95240E-06,2.3334E-01
-1.95200E-06,2.3041E-01
-1.95160E-06,2.3041E-01
-1.95120E-06,2.3139E-01
-1.95080E-06,2.3334E-01
-1.95040E-06,2.3041E-01
-1.95000E-06,2.3139E-01
-1.94960E-06,2.3334E-01
-1.94920E-06,2.3041E-01
-1.94880E-06,2.2943E-01
-1.94840E-06,2.3236E-01
-1.94800E-06,2.3139E-01
-1.94760E-06,2.2846E-01
-1.94720E-06,2.2748E-01
-1.94680E-06,2.3041E-01
-1.94640E-06,2.2846E-01
-1.94600E-06,2.3041E-01
-1.94560E-06,2.3334E-01
-1.94520E-06,2.3432E-01
-1.94480E-06,2.3041E-01
-1.94440E-06,2.3236E-01
-1.94400E-06,2.3334E-01
-1.94360E-06,2.2943E-01
-1.94320E-06,2.3334E-01
-1.94280E-06,2.3041E-01
-1.94240E-06,2.3041E-01
-1.94200E-06,2.3041E-01
-1.94160E-06,2.3041E-01
-1.94120E-06,2.3041E-01
-1.94080E-06,2.2943E-01
-1.94040E-06,2.3041E-01
-1.94000E-06,2.2943E-01
-1.93960E-06,2.2846E-01
-1.93920E-06,2.2943E-01
-1.93880E-06,2.2943E-01
-1.93840E-06,2.3041E-01
-1.93800E-06,2.3139E-01
-1.93760E-06,2.3139E-01
-1.93720E-06,2.3041E-01
-1.93680E-06,2.3236E-01
-1.93640E-06,2.3041E-01
-1.93600E-06,2.3041E-01
-1.93560E-06,2.2846E-01
-1.93520E-06,2.2943E-01
-1.93480E-06,2.3139E-01
-1.93440E-06,2.3334E-01
-1.93400E-06,2.3041E-01
-1.93360E-06,2.3139E-01
-1.93320E-06,2.3334E-01
-1.93280E-06,2.2943E-01
-1.93240E-06,2.3041E-01
-1.93200E-06,2.2943E-01
-1.93160E-06,2.3627E-01
-1.93120E-06,2.3236E-01
-1.93080E-06,2.3334E-01
-1.93040E-06,2.2846E-01
-1.93000E-06,2.3334E-01
-1.92960E-06,2.3334E-01
-1.92920E-06,2.3041E-01
-1.92880E-06,2.3432E-01
-1.92840E-06,2.3139E-01
-1.92800E-06,2.2943E-01
-1.92760E-06,2.3041E-01
-1.92720E-06,2.3334E-01
-1.92680E-06,2.3041E-01
-1.92640E-06,2.2748E-01
-1.92600E-06,2.3236E-01
-1.92560E-06,2.2943E-01
-1.92520E-06,2.3041E-01
-1.92480E-06,2.3334E-01
-1.92440E-06,2.3334E-01
-1.92400E-06,2.2943E-01
-1.92360E-06,2.3334E-01
-1.92320E-06,2.3041E-01
-1.92280E-06,2.2943E-01
-1.92240E-06,2.2846E-01
-1.92200E-06,2.3139E-01
-1.92160E-06,2.2748E-01
-1.92120E-06,2.3334E-01
-1.92080E-06,2.3432E-01
-1.92040E-06,2.3041E-01
-1.92000E-06,2.3139E-01
-1.91960E-06,2.3334E-01
-1.91920E-06,2.3139E-01
-1.91880E-06,2.3334E-01
-1.91840E-06,2.3236E-01
-1.91800E-06,2.3041E-01
-1.91760E-06,2.3041E-01
-1.91720E-06,2.3236E-01
-1.91680E-06,2.3334E-01
-1.91640E-06,2.2748E-01
-1.91600E-06,2.3041E-01
-1.91560E-06,2.3041E-01
-1.91520E-06,2.3041E-01
-1.91480E-06,2.2846E-01
-1.91440E-06,2.2943E-01
-1.91400E-06,2.3236E-01
-1.91360E-06,2.3334E-01
-1.91320E-06,2.3041E-01
-1.91280E-06,2.2943E-01
-1.91240E-06,2.3432E-01
-1.91200E-06,2.3236E-01
-1.91160E-06,2.3041E-01
-1.91120E-06,2.3041E-01
-1.91080E-06,2.3139E-01
-1.91040E-06,2.3041E-01
-1.91000E-06,2.3041E-01
-1.90960E-06,2.3139E-01
-1.90920E-06,2.3139E-01
-1.90880E-06,2.3041E-01
-1.90840E-06,2.2846E-01
-1.90800E-06,2.2846E-01
-1.90760E-06,2.2943E-01
-1.90720E-06,2.3041E-01
-1.90680E-06,2.2943E-01
-1.90640E-06,2.3041E-01
-1.90600E-06,2.3139E-01
-1.90560E-06,2.3041E-01
-1.90520E-06,2.2846E-01
-1.90480E-06,2.3041E-01
-1.90440E-06,2.2943E-01
-1.90400E-06,2.3041E-01
-1.90360E-06,2.2748E-01
-1.90320E-06,2.3139E-01
-1.90280E-06,2.3334E-01
-1.90240E-06,2.3041E-01
-1.90200E-06,2.3139E-01
-1.90160E-06,2.3236E-01
-1.90120E-06,2.3236E-01
-1.90080E-06,2.3432E-01
-1.90040E-06,2.3041E-01
-1.90000E-06,2.3041E-01
-1.89960E-06,2.3236E-01
-1.89920E-06,2.3236E-01
-1.89880E-06,2.3139E-01
-1.89840E-06,2.2846E-01
-1.89800E-06,2.3529E-01
-1.89760E-06,2.3236E-01
-1.89720E-06,2.3529E-01
-1.89680E-06,2.3139E-01
-1.89640E-06,2.3139E-01
-1.89600E-06,2.3041E-01
-1.89560E-06,2.2846E-01
-1.89520E-06,2.3236E-01
-1.89480E-06,2.3432E-01
-1.89440E-06,2.3236E-01
-1.89400E-06,2.3139E-01
-1.89360E-06,2.3041E-01
-1.89320E-06,2.3334E-01
-1.89280E-06,2.3041E-01
-1.89240E-06,2.3139E-01
-1.89200E-06,2.3041E-01
-1.89160E-06,2.3041E-01
-1.89120E-06,2.3139E-01
-1.89080E-06,2.3139E-01
-1.89040E-06,2.3041E-01
-1.89000E-06,2.3139E-01
-1.88960E-06,2.2846E-01
-1.88920E-06,2.3041E-01
-1.88880E-06,2.3041E-01
-1.88840E-06,2.3139E-01
-1.88800E-06,2.3041E-01
-1.88760E-06,2.3041E-01
-1.88720E-06,2.2943E-01
-1.88680E-06,2.3041E-01
-1.88640E-06,2.3139E-01
-1.88600E-06,2.2846E-01
-1.88560E-06,2.3041E-01
-1.88520E-06,2.3041E-01
-1.88480E-06,2.2943E-01
-1.88440E-06,2.3041E-01
-1.88400E-06,2.3139E-01
-1.88360E-06,2.3041E-01
-1.88320E-06,2.3236E-01
-1.88280E-06,2.3041E-01
-1.88240E-06,2.3139E-01
-1.88200E-06,2.3236E-01
-1.88160E-06,2.3041E-01
-1.88120E-06,2.3432E-01
-1.88080E-06,2.3041E-01
-1.88040E-06,2.3041E-01
-1.88000E-06,2.3432E-01
-1.87960E-06,2.3139E-01
-1.87920E-06,2.3334E-01
-1.87880E-06,2.3236E-01
-1.87840E-06,2.3725E-01
-1.87800E-06,2.3432E-01
-1.87760E-06,2.3334E-01
-1.87720E-06,2.3139E-01
-1.87680E-06,2.3432E-01
-1.87640E-06,2.3236E-01
-1.87600E-06,2.3041E-01
-1.87560E-06,2.3041E-01
-1.87520E-06,2.3236E-01
-1.87480E-06,2.3041E-01
-1.87440E-06,2.2943E-01
-1.87400E-06,2.3139E-01
-1.87360E-06,2.2943E-01
-1.87320E-06,2.3139E-01
-1.87280E-06,2.3529E-01
-1.87240E-06,2.3627E-01
-1.87200E-06,2.3334E-01
-1.87160E-06,2.3139E-01
-1.87120E-06,2.2943E-01
-1.87080E-06,2.3236E-01
-1.87040E-06,2.2943E-01
-1.87000E-06,2.3236E-01
-1.86960E-06,2.2846E-01
-1.86920E-06,2.3432E-01
-1.86880E-06,2.2846E-01
-1.86840E-06,2.3236E-01
-1.86800E-06,2.3236E-01
-1.86760E-06,2.3139E-01
-1.86720E-06,2.3041E-01
-1.86680E-06,2.3139E-01
-1.86640E-06,2.3236E-01
-1.86600E-06,2.3236E-01
-1.86560E-06,2.3334E-01
-1.86520E-06,2.2943E-01
-1.86480E-06,2.3041E-01
-1.86440E-06,2.2748E-01
-1.86400E-06,2.3236E-01
-1.86360E-06,2.3236E-01
-1.86320E-06,2.3139E-01
-1.86280E-06,2.3236E-01
-1.86240E-06,2.3334E-01
-1.86200E-06,2.3627E-01
-1.86160E-06,2.3139E-01
-1.86120E-06,2.3139E-01
-1.86080E-06,2.2943E-01
-1.86040E-06,2.3334E-01
-1.86000E-06,2.3334E-01
-1.85960E-06,2.3139E-01
-1.85920E-06,2.2943E-01
-1.85880E-06,2.2846E-01
-1.85840E-06,2.3041E-01
-1.85800E-06,2.3041E-01
-1.85760E-06,2.3041E-01
-1.85720E-06,2.3041E-01
-1.85680E-06,2.3139E-01
-1.85640E-06,2.3041E-01
-1.85600E-06,2.2943E-01
-1.85560E-06,2.3139E-01
-1.85520E-06,2.3236E-01
-1.85480E-06,2.3334E-01
-1.85440E-06,2.3041E-01
-1.85400E-06,2.3236E-01
-1.85360E-06,2.3432E-01
-1.85320E-06,2.3334E-01
-1.85280E-06,2.3334E-01
-1.85240E-06,2.2943E-01
-1.85200E-06,2.2748E-01
-1.85160E-06,2.3041E-01
-1.85120E-06,2.3041E-01
-1.85080E-06,2.3236E-01
-1.85040E-06,2.3236E-01
-1.85000E-06,2.3334E-01
-1.84960E-06,2.2943E-01
-1.84920E-06,2.3041E-01
-1.84880E-06,2.3432E-01
-1.84840E-06,2.3334E-01
-1.84800E-06,2.3432E-01
-1.84760E-06,2.3139E-01
-1.84720E-06,2.3236E-01
-1.84680E-06,2.3334E-01
-1.84640E-06,2.3334E-01
-1.84600E-06,2.3139E-01
-1.84560E-06,2.3139E-01
-1.84520E-06,2.3334E-01
-1.84480E-06,2.3139E-01
-1.84440E-06,2.3041E-01
-1.84400E-06,2.3041E-01
-1.84360E-06,2.3529E-01
-1.84320E-06,2.3627E-01
-1.84280E-06,2.3236E-01
-1.84240E-06,2.3041E-01
-1.84200E-06,2.3627E-01
-1.84160E-06,2.3334E-01
-1.84120E-06,2.3041E-01
-1.84080E-06,2.3041E-01
-1.84040E-06,2.3334E-01
-1.84000E-06,2.3334E-01
-1.83960E-06,2.3432E-01
-1.83920E-06,2.3334E-01
-1.83880E-06,2.3139E-01
-1.83840E-06,2.3139E-01
-1.83800E-06,2.3139E-01
-1.83760E-06,2.3432E-01
-1.83720E-06,2.3432E-01
-1.83680E-06,2.2943E-01
-1.83640E-06,2.3041E-01
-1.83600E-06,2.3041E-01
-1.83560E-06,2.3432E-01
-1.83520E-06,2.3432E-01
-1.83480E-06,2.3236E-01
-1.83440E-06,2.2846E-01
-1.83400E-06,2.3139E-01
-1.83360E-06,2.3334E-01
-1.83320E-06,2.3041E-01
-1.83280E-06,2.3529E-01
-1.83240E-06,2.3432E-01
-1.83200E-06,2.2748E-01
-1.83160E-06,2.3334E-01
-1.83120E-06,2.3041E-01
-1.83080E-06,2.3139E-01
-1.83040E-06,2.3236E-01
-1.83000E-06,2.2943E-01
-1.82960E-06,2.3432E-01
-1.82920E-06,2.3432E-01
-1.82880E-06,2.3432E-01
-1.82840E-06,2.3139E-01
-1.82800E-06,2.3334E-01
-1.82760E-06,2.3236E-01
-1.82720E-06,2.3236E-01
-1.82680E-06,2.3041E-01
-1.82640E-06,2.3236E-01
-1.82600E-06,2.3432E-01
-1.82560E-06,2.3139E-01
-1.82520E-06,2.3432E-01
-1.82480E-06,2.3139E-01
-1.82440E-06,2.3236E-01
-1.82400E-06,2.3529E-01
-1.82360E-06,2.3236E-01
-1.82320E-06,2.3041E-01
-1.82280E-06,2.3334E-01
-1.82240E-06,2.3041E-01
-1.82200E-06,2.3432E-01
-1.82160E-06,2.3334E-01
-1.82120E-06,2.3432E-01
-1.82080E-06,2.3334E-01
-1.82040E-06,2.3432E-01
-1.82000E-06,2.3236E-01
-1.81960E-06,2.3529E-01
-1.81920E-06,2.3041E-01
-1.81880E-06,2.3432E-01
-1.81840E-06,2.3334E-01
-1.81800E-06,2.3041E-01
-1.81760E-06,2.3139E-01
-1.81720E-06,2.3139E-01
-1.81680E-06,2.3432E-01
-1.81640E-06,2.3334E-01
-1.81600E-06,2.3627E-01
-1.81560E-06,2.3041E-01
-1.81520E-06,2.3139E-01
-1.81480E-06,2.3139E-01
-1.81440E-06,2.3334E-01
-1.81400E-06,2.3432E-01
-1.81360E-06,2.3432E-01
-1.81320E-06,2.3139E-01
-1.81280E-06,2.3236E-01
-1.81240E-06,2.3139E-01
-1.81200E-06,2.3139E-01
-1.81160E-06,2.3432E-01
-1.81120E-06,2.3432E-01
-1.81080E-06,2.3432E-01
-1.81040E-06,2.3627E-01
-1.81000E-06,2.3334E-01
-1.80960E-06,2.3139E-01
-1.80920E-06,2.3139E-01
-1.80880E-06,2.3334E-01
-1.80840E-06,2.3334E-01
-1.80800E-06,2.3334E-01
-1.80760E-06,2.3627E-01
-1.80720E-06,2.3529E-01
-1.80680E-06,2.3236E-01
-1.80640E-06,2.3236E-01
-1.80600E-06,2.3041E-01
-1.80560E-06,2.3236E-01
-1.80520E-06,2.3334E-01
-1.80480E-06,2.3236E-01
-1.80440E-06,2.3139E-01
-1.80400E-06,2.3041E-01
-1.80360E-06,2.3529E-01
-1.80320E-06,2.3432E-01
-1.80280E-06,2.3139E-01
-1.80240E-06,2.3529E-01
-1.80200E-06,2.3725E-01
-1.80160E-06,2.3725E-01
-1.80120E-06,2.3432E-01
-1.80080E-06,2.3432E-01
-1.80040E-06,2.3139E-01
-1.80000E-06,2.3041E-01
-1.79960E-06,2.3236E-01
-1.79920E-06,2.3627E-01
-1.79880E-06,2.3725E-01
-1.79840E-06,2.3236E-01
-1.79800E-06,2.3627E-01
-1.79760E-06,2.3432E-01
-1.79720E-06,2.3236E-01
-1.79680E-06,2.3627E-01
-1.79640E-06,2.3236E-01
-1.79600E-06,2.3725E-01
-1.79560E-06,2.3627E-01
-1.79520E-06,2.3627E-01
-1.79480E-06,2.3139E-01
-1.79440E-06,2.3432E-01
-1.79400E-06,2.3334E-01
-1.79360E-06,2.3529E-01
-1.79320E-06,2.3334E-01
-1.79280E-06,2.3627E-01
-1.79240E-06,2.3432E-01
-1.79200E-06,2.3334E-01
-1.79160E-06,2.3139E-01
-1.79120E-06,2.3432E-01
-1.79080E-06,2.3529E-01
-1.79040E-06,2.3236E-01
-1.79000E-06,2.3139E-01
-1.78960E-06,2.3334E-01
-1.78920E-06,2.3236E-01
-1.78880E-06,2.3432E-01
-1.78840E-06,2.3432E-01
-1.78800E-06,2.3627E-01
-1.78760E-06,2.3627E-01
-1.78720E-06,2.3334E-01
-1.78680E-06,2.3334E-01
-1.78640E-06,2.3725E-01
-1.78600E-06,2.3529E-01
-1.78560E-06,2.3334E-01
-1.78520E-06,2.3432E-01
-1.78480E-06,2.3236E-01
-1.78440E-06,2.3432E-01
-1.78400E-06,2.3529E-01
-1.78360E-06,2.3432E-01
-1.78320E-06,2.3627E-01
-1.78280E-06,2.3432E-01
-1.78240E-06,2.3725E-01
-1.78200E-06,2.3432E-01
-1.78160E-06,2.3432E-01
-1.78120E-06,2.3139E-01
-1.78080E-06,2.3041E-01
-1.78040E-06,2.3432E-01
-1.78000E-06,2.3334E-01
-1.77960E-06,2.3627E-01
-1.77920E-06,2.3432E-01
-1.77880E-06,2.3529E-01
-1.77840E-06,2.3139E-01
-1.77800E-06,2.3432E-01
-1.77760E-06,2.3236E-01
-1.77720E-06,2.3432E-01
-1.77680E-06,2.3236E-01
-1.77640E-06,2.3236E-01
-1.77600E-06,2.3627E-01
-1.77560E-06,2.3627E-01
-1.77520E-06,2.3725E-01
-1.77480E-06,2.3432E-01
-1.77440E-06,2.3529E-01
-1.77400E-06,2.3139E-01
-1.77360E-06,2.3334E-01
-1.77320E-06,2.3725E-01
-1.77280E-06,2.3627E-01
-1.77240E-06,2.3334E-01
-1.77200E-06,2.3627E-01
-1.77160E-06,2.3627E-01
-1.77120E-06,2.3432E-01
-1.77080E-06,2.2943E-01
-1.77040E-06,2.3432E-01
-1.77000E-06,2.3236E-01
-1.76960E-06,2.3236E-01
-1.76920E-06,2.3041E-01
-1.76880E-06,2.3334E-01
-1.76840E-06,2.3627E-01
-1.76800E-06,2.3627E-01
-1.76760E-06,2.3627E-01
-1.76720E-06,2.3432E-01
-1.76680E-06,2.3334E-01
-1.76640E-06,2.3139E-01
-1.76600E-06,2.3529E-01
-1.76560E-06,2.3139E-01
-1.76520E-06,2.3432E-01
-1.76480E-06,2.3334E-01
-1.76440E-06,2.3432E-01
-1.76400E-06,2.3627E-01
-1.76360E-06,2.3236E-01
-1.76320E-06,2.3139E-01
-1.76280E-06,2.3529E-01
-1.76240E-06,2.3432E-01
-1.76200E-06,2.3432E-01
-1.76160E-06,2.3529E-01
-1.76120E-06,2.3529E-01
-1.76080E-06,2.3529E-01
-1.76040E-06,2.3236E-01
-1.76000E-06,2.3139E-01
-1.75960E-06,2.3334E-01
-1.75920E-06,2.3334E-01
-1.75880E-06,2.3334E-01
-1.75840E-06,2.3432E-01
-1.75800E-06,2.3432E-01
-1.75760E-06,2.3334E-01
-1.75720E-06,2.3432E-01
-1.75680E-06,2.3529E-01
-1.75640E-06,2.3529E-01
-1.75600E-06,2.3432E-01
-1.75560E-06,2.3432E-01
-1.75520E-06,2.3334E-01
-1.75480E-06,2.3432E-01
-1.75440E-06,2.3139E-01
-1.75400E-06,2.3432E-01
-1.75360E-06,2.3432E-01
-1.75320E-06,2.3432E-01
-1.75280E-06,2.3139E-01
-1.75240E-06,2.3529E-01
-1.75200E-06,2.3334E-01
-1.75160E-06,2.3432E-01
-1.75120E-06,2.3627E-01
-1.75080E-06,2.3041E-01
-1.75040E-06,2.3334E-01
-1.75000E-06,2.3041E-01
-1.74960E-06,2.3432E-01
-1.74920E-06,2.3627E-01
-1.74880E-06,2.3432E-01
-1.74840E-06,2.3529E-01
-1.74800E-06,2.3334E-01
-1.74760E-06,2.3432E-01
-1.74720E-06,2.3432E-01
-1.74680E-06,2.3432E-01
-1.74640E-06,2.3041E-01
-1.74600E-06,2.3725E-01
-1.74560E-06,2.3432E-01
-1.74520E-06,2.3236E-01
-1.74480E-06,2.3236E-01
-1.74440E-06,2.3432E-01
-1.74400E-06,2.3432E-01
-1.74360E-06,2.3725E-01
-1.74320E-06,2.3236E-01
-1.74280E-06,2.3529E-01
-1.74240E-06,2.3236E-01
-1.74200E-06,2.3725E-01
-1.74160E-06,2.3236E-01
-1.74120E-06,2.3432E-01
-1.74080E-06,2.3334E-01
-1.74040E-06,2.3139E-01
-1.74000E-06,2.3041E-01
-1.73960E-06,2.3139E-01
-1.73920E-06,2.3139E-01
-1.73880E-06,2.3334E-01
-1.73840E-06,2.3236E-01
-1.73800E-06,2.3432E-01
-1.73760E-06,2.3725E-01
-1.73720E-06,2.3432E-01
-1.73680E-06,2.3432E-01
-1.73640E-06,2.3432E-01
-1.73600E-06,2.3627E-01
-1.73560E-06,2.3529E-01
-1.73520E-06,2.3334E-01
-1.73480E-06,2.3041E-01
-1.73440E-06,2.3334E-01
-1.73400E-06,2.3725E-01
-1.73360E-06,2.3041E-01
-1.73320E-06,2.3334E-01
-1.73280E-06,2.3432E-01
-1.73240E-06,2.3334E-01
-1.73200E-06,2.3432E-01
-1.73160E-06,2.3334E-01
-1.73120E-06,2.3139E-01
-1.73080E-06,2.3432E-01
-1.73040E-06,2.3432E-01
-1.73000E-06,2.2943E-01
-1.72960E-06,2.3432E-01
-1.72920E-06,2.3432E-01
-1.72880E-06,2.3627E-01
-1.72840E-06,2.3432E-01
-1.72800E-06,2.3139E-01
-1.72760E-06,2.3432E-01
-1.72720E-06,2.3432E-01
-1.72680E-06,2.3627E-01
-1.72640E-06,2.3432E-01
-1.72600E-06,2.3334E-01
-1.72560E-06,2.3236E-01
-1.72520E-06,2.3334E-01
-1.72480E-06,2.3627E-01
-1.72440E-06,2.3529E-01
-1.72400E-06,2.3236E-01
-1.72360E-06,2.3139E-01
-1.72320E-06,2.3334E-01
-1.72280E-06,2.3041E-01
-1.72240E-06,2.3139E-01
-1.72200E-06,2.3627E-01
-1.72160E-06,2.3334E-01
-1.72120E-06,2.3334E-01
-1.72080E-06,2.2846E-01
-1.72040E-06,2.3432E-01
-1.72000E-06,2.3432E-01
-1.71960E-06,2.3432E-01
-1.71920E-06,2.3529E-01
-1.71880E-06,2.3334E-01
-1.71840E-06,2.3334E-01
-1.71800E-06,2.3432E-01
-1.71760E-06,2.3432E-01
-1.71720E-06,2.3334E-01
-1.71680E-06,2.3432E-01
-1.71640E-06,2.3139E-01
-1.71600E-06,2.3432E-01
-1.71560E-06,2.3725E-01
-1.71520E-06,2.3334E-01
-1.71480E-06,2.3334E-01
-1.71440E-06,2.3627E-01
-1.71400E-06,2.3432E-01
-1.71360E-06,2.3529E-01
-1.71320E-06,2.3334E-01
-1.71280E-06,2.3529E-01
-1.71240E-06,2.3334E-01
-1.71200E-06,2.3725E-01
-1.71160E-06,2.3529E-01
-1.71120E-06,2.3529E-01
-1.71080E-06,2.3139E-01
-1.71040E-06,2.3334E-01
-1.71000E-06,2.3334E-01
-1.70960E-06,2.3725E-01
-1.70920E-06,2.3432E-01
-1.70880E-06,2.3041E-01
-1.70840E-06,2.3529E-01
-1.70800E-06,2.3139E-01
-1.70760E-06,2.3432E-01
-1.70720E-06,2.3236E-01
-1.70680E-06,2.3139E-01
-1.70640E-06,2.3041E-01
-1.70600E-06,2.3236E-01
-1.70560E-06,2.3334E-01
-1.70520E-06,2.3822E-01
-1.70480E-06,2.3627E-01
-1.70440E-06,2.3334E-01
-1.70400E-06,2.3627E-01
-1.70360E-06,2.3139E-01
-1.70320E-06,2.3236E-01
-1.70280E-06,2.3432E-01
-1.70240E-06,2.3432E-01
-1.70200E-06,2.3236E-01
-1.70160E-06,2.2943E-01
-1.70120E-06,2.3432E-01
-1.70080E-06,2.3041E-01
-1.70040E-06,2.3529E-01
-1.70000E-06,2.3725E-01
-1.69960E-06,2.3432E-01
-1.69920E-06,2.3432E-01
-1.69880E-06,2.3627E-01
-1.69840E-06,2.3529E-01
-1.69800E-06,2.3822E-01
-1.69760E-06,2.3432E-01
-1.69720E-06,2.3432E-01
-1.69680E-06,2.3432E-01
-1.69640E-06,2.3627E-01
-1.69600E-06,2.3236E-01
-1.69560E-06,2.3139E-01
-1.69520E-06,2.3139E-01
-1.69480E-06,2.3236E-01
-1.69440E-06,2.3725E-01
-1.69400E-06,2.3529E-01
-1.69360E-06,2.3432E-01
-1.69320E-06,2.3334E-01
-1.69280E-06,2.3432E-01
-1.69240E-06,2.3529E-01
-1.69200E-06,2.3529E-01
-1.69160E-06,2.3334E-01
-1.69120E-06,2.3627E-01
-1.69080E-06,2.3139E-01
-1.69040E-06,2.3236E-01
-1.69000E-06,2.3432E-01
-1.68960E-06,2.3432E-01
-1.68920E-06,2.3334E-01
-1.68880E-06,2.3334E-01
-1.68840E-06,2.3725E-01
-1.68800E-06,2.3432E-01
-1.68760E-06,2.3725E-01
-1.68720E-06,2.3725E-01
-1.68680E-06,2.3432E-01
-1.68640E-06,2.3529E-01
-1.68600E-06,2.3725E-01
-1.68560E-06,2.3432E-01
-1.68520E-06,2.3334E-01
-1.68480E-06,2.3725E-01
-1.68440E-06,2.3529E-01
-1.68400E-06,2.3236E-01
-1.68360E-06,2.3432E-01
-1.68320E-06,2.3432E-01
-1.68280E-06,2.3334E-01
-1.68240E-06,2.3139E-01
-1.68200E-06,2.3432E-01
-1.68160E-06,2.3432E-01
-1.68120E-06,2.3432E-01
-1.68080E-06,2.3627E-01
-1.68040E-06,2.3334E-01
-1.68000E-06,2.3529E-01
-1.67960E-06,2.3432E-01
-1.67920E-06,2.3139E-01
-1.67880E-06,2.3529E-01
-1.67840E-06,2.3432E-01
-1.67800E-06,2.3627E-01
-1.67760E-06,2.3920E-01
-1.67720E-06,2.3432E-01
-1.67680E-06,2.3725E-01
-1.67640E-06,2.3529E-01
-1.67600E-06,2.3432E-01
-1.67560E-06,2.3236E-01
-1.67520E-06,2.3529E-01
-1.67480E-06,2.3432E-01
-1.67440E-06,2.3529E-01
-1.67400E-06,2.3334E-01
-1.67360E-06,2.3627E-01
-1.67320E-06,2.3432E-01
-1.67280E-06,2.3139E-01
-1.67240E-06,2.3432E-01
-1.67200E-06,2.3236E-01
-1.67160E-06,2.3529E-01
-1.67120E-06,2.3432E-01
-1.67080E-06,2.3725E-01
-1.67040E-06,2.3041E-01
-1.67000E-06,2.3432E-01
-1.66960E-06,2.3529E-01
-1.66920E-06,2.3432E-01
-1.66880E-06,2.3627E-01
-1.66840E-06,2.3139E-01
-1.66800E-06,2.3822E-01
-1.66760E-06,2.3334E-01
-1.66720E-06,2.3627E-01
-1.66680E-06,2.3627E-01
-1.66640E-06,2.3139E-01
-1.66600E-06,2.3529E-01
-1.66560E-06,2.3432E-01
-1.66520E-06,2.3041E-01
-1.66480E-06,2.3432E-01
-1.66440E-06,2.3236E-01
-1.66400E-06,2.3432E-01
-1.66360E-06,2.3432E-01
-1.66320E-06,2.3334E-01
-1.66280E-06,2.3627E-01
-1.66240E-06,2.3139E-01
-1.66200E-06,2.3334E-01
-1.66160E-06,2.3334E-01
-1.66120E-06,2.3236E-01
-1.66080E-06,2.3529E-01
-1.66040E-06,2.3334E-01
-1.66000E-06,2.3139E-01
-1.65960E-06,2.3236E-01
-1.65920E-06,2.3627E-01
-1.65880E-06,2.3432E-01
-1.65840E-06,2.3432E-01
-1.65800E-06,2.3334E-01
-1.65760E-06,2.3334E-01
-1.65720E-06,2.3432E-01
-1.65680E-06,2.3334E-01
-1.65640E-06,2.3529E-01
-1.65600E-06,2.3236E-01
-1.65560E-06,2.3236E-01
-1.65520E-06,2.3432E-01
-1.65480E-06,2.3236E-01
-1.65440E-06,2.3139E-01
-1.65400E-06,2.3627E-01
-1.65360E-06,2.3432E-01
-1.65320E-06,2.3139E-01
-1.65280E-06,2.3725E-01
-1.65240E-06,2.3627E-01
-1.65200E-06,2.3627E-01
-1.65160E-06,2.3529E-01
-1.65120E-06,2.3627E-01
-1.65080E-06,2.3432E-01
-1.65040E-06,2.3432E-01
-1.65000E-06,2.3236E-01
-1.64960E-06,2.3236E-01
-1.64920E-06,2.3334E-01
-1.64880E-06,2.3432E-01
-1.64840E-06,2.3334E-01
-1.64800E-06,2.3236E-01
-1.64760E-06,2.3529E-01
-1.64720E-06,2.3627E-01
-1.64680E-06,2.3236E-01
-1.64640E-06,2.3334E-01
-1.64600E-06,2.3529E-01
-1.64560E-06,2.3432E-01
-1.64520E-06,2.3432E-01
-1.64480E-06,2.3139E-01
-1.64440E-06,2.3139E-01
-1.64400E-06,2.3432E-01
-1.64360E-06,2.3432E-01
-1.64320E-06,2.3725E-01
-1.64280E-06,2.3432E-01
-1.64240E-06,2.3334E-01
-1.64200E-06,2.3334E-01
-1.64160E-06,2.3334E-01
-1.64120E-06,2.3432E-01
-1.64080E-06,2.3334E-01
-1.64040E-06,2.3432E-01
-1.64000E-06,2.3432E-01
-1.63960E-06,2.3139E-01
-1.63920E-06,2.3432E-01
-1.63880E-06,2.3236E-01
-1.63840E-06,2.3139E-01
-1.63800E-06,2.3334E-01
-1.63760E-06,2.3236E-01
-1.63720E-06,2.3334E-01
-1.63680E-06,2.3529E-01
-1.63640E-06,2.3041E-01
-1.63600E-06,2.3041E-01
-1.63560E-06,2.3236E-01
-1.63520E-06,2.3334E-01
-1.63480E-06,2.3432E-01
-1.63440E-06,2.3627E-01
-1.63400E-06,2.3334E-01
-1.63360E-06,2.3529E-01
-1.63320E-06,2.3236E-01
-1.63280E-06,2.3236E-01
-1.63240E-06,2.3725E-01
-1.63200E-06,2.3432E-01
-1.63160E-06,2.3236E-01
-1.63120E-06,2.3236E-01
-1.63080E-06,2.3236E-01
-1.63040E-06,2.3236E-01
-1.63000E-06,2.3334E-01
-1.62960E-06,2.3236E-01
-1.62920E-06,2.3432E-01
-1.62880E-06,2.3432E-01
-1.62840E-06,2.3432E-01
-1.62800E-06,2.3432E-01
-1.62760E-06,2.3627E-01
-1.62720E-06,2.3041E-01
-1.62680E-06,2.3041E-01
-1.62640E-06,2.3139E-01
-1.62600E-06,2.3432E-01
-1.62560E-06,2.3432E-01
-1.62520E-06,2.3236E-01
-1.62480E-06,2.3236E-01
-1.62440E-06,2.3432E-01
-1.62400E-06,2.3236E-01
-1.62360E-06,2.3139E-01
-1.62320E-06,2.3334E-01
-1.62280E-06,2.3236E-01
-1.62240E-06,2.3139E-01
-1.62200E-06,2.3041E-01
-1.62160E-06,2.3236E-01
-1.62120E-06,2.3529E-01
-1.62080E-06,2.3432E-01
-1.62040E-06,2.3139E-01
-1.62000E-06,2.3041E-01
-1.61960E-06,2.3334E-01
-1.61920E-06,2.3432E-01
-1.61880E-06,2.3334E-01
-1.61840E-06,2.3139E-01
-1.61800E-06,2.3334E-01
-1.61760E-06,2.2943E-01
-1.61720E-06,2.3432E-01
-1.61680E-06,2.3432E-01
-1.61640E-06,2.3432E-01
-1.61600E-06,2.3529E-01
-1.61560E-06,2.3041E-01
-1.61520E-06,2.3334E-01
-1.61480E-06,2.3432E-01
-1.61440E-06,2.3139E-01
-1.61400E-06,2.3139E-01
-1.61360E-06,2.3041E-01
-1.61320E-06,2.3236E-01
-1.61280E-06,2.3236E-01
-1.61240E-06,2.2846E-01
-1.61200E-06,2.3334E-01
-1.61160E-06,2.3041E-01
-1.61120E-06,2.3334E-01
-1.61080E-06,2.3334E-01
-1.61040E-06,2.3529E-01
-1.61000E-06,2.3139E-01
-1.60960E-06,2.3334E-01
-1.60920E-06,2.3529E-01
-1.60880E-06,2.3432E-01
-1.60840E-06,2.3334E-01
-1.60800E-06,2.3041E-01
-1.60760E-06,2.3529E-01
-1.60720E-06,2.3236E-01
-1.60680E-06,2.3725E-01
-1.60640E-06,2.2846E-01
-1.60600E-06,2.3432E-01
-1.60560E-06,2.3041E-01
-1.60520E-06,2.3236E-01
-1.60480E-06,2.3139E-01
-1.60440E-06,2.3041E-01
-1.60400E-06,2.3139E-01
-1.60360E-06,2.3236E-01
-1.60320E-06,2.3139E-01
-1.60280E-06,2.3432E-01
-1.60240E-06,2.3139E-01
-1.60200E-06,2.3041E-01
-1.60160E-06,2.3334E-01
-1.60120E-06,2.3334E-01
-1.60080E-06,2.2846E-01
-1.60040E-06,2.3432E-01
-1.60000E-06,2.3334E-01
-1.59960E-06,2.3236E-01
-1.59920E-06,2.3334E-01
-1.59880E-06,2.3334E-01
-1.59840E-06,2.3334E-01
-1.59800E-06,2.3334E-01
-1.59760E-06,2.3334E-01
-1.59720E-06,2.2943E-01
-1.59680E-06,2.3334E-01
-1.59640E-06,2.3041E-01
-1.59600E-06,2.3139E-01
-1.59560E-06,2.3236E-01
-1.59520E-06,2.3236E-01
-1.59480E-06,2.3139E-01
-1.59440E-06,2.3627E-01
-1.59400E-06,2.3334E-01
-1.59360E-06,2.2846E-01
-1.59320E-06,2.3334E-01
-1.59280E-06,2.3236E-01
-1.59240E-06,2.3236E-01
-1.59200E-06,2.3139E-01
-1.59160E-06,2.3139E-01
-1.59120E-06,2.3529E-01
-1.59080E-06,2.3334E-01
-1.59040E-06,2.2846E-01
-1.59000E-06,2.3041E-01
-1.58960E-06,2.3236E-01
-1.58920E-06,2.3236E-01
-1.58880E-06,2.3139E-01
-1.58840E-06,2.3041E-01
-1.58800E-06,2.3139E-01
-1.58760E-06,2.3139E-01
-1.58720E-06,2.3139E-01
-1.58680E-06,2.3139E-01
-1.58640E-06,2.3529E-01
-1.58600E-06,2.3432E-01
-1.58560E-06,2.3334E-01
-1.58520E-06,2.3334E-01
-1.58480E-06,2.3529E-01
-1.58440E-06,2.3432E-01
-1.58400E-06,2.3236E-01
-1.58360E-06,2.2846E-01
-1.58320E-06,2.3627E-01
-1.58280E-06,2.3139E-01
-1.58240E-06,2.3334E-01
-1.58200E-06,2.3139E-01
-1.58160E-06,2.3139E-01
-1.58120E-06,2.3139E-01
-1.58080E-06,2.3236E-01
-1.58040E-06,2.3529E-01
-1.58000E-06,2.3139E-01
-1.57960E-06,2.3627E-01
-1.57920E-06,2.3334E-01
-1.57880E-06,2.3236E-01
-1.57840E-06,2.3334E-01
-1.57800E-06,2.3334E-01
-1.57760E-06,2.3236E-01
-1.57720E-06,2.3041E-01
-1.57680E-06,2.3334E-01
-1.57640E-06,2.3139E-01
-1.57600E-06,2.3139E-01
-1.57560E-06,2.3334E-01
-1.57520E-06,2.3236E-01
-1.57480E-06,2.3236E-01
-1.57440E-06,2.3236E-01
-1.57400E-06,2.3041E-01
-1.57360E-06,2.3236E-01
-1.57320E-06,2.3041E-01
-1.57280E-06,2.3529E-01
-1.57240E-06,2.3139E-01
-1.57200E-06,2.3041E-01
-1.57160E-06,2.3139E-01
-1.57120E-06,2.3139E-01
-1.57080E-06,2.2846E-01
-1.57040E-06,2.3139E-01
-1.57000E-06,2.2846E-01
-1.56960E-06,2.3236E-01
-1.56920E-06,2.3139E-01
-1.56880E-06,2.3432E-01
-1.56840E-06,2.3334E-01
-1.56800E-06,2.3139E-01
-1.56760E-06,2.3236E-01
-1.56720E-06,2.3139E-01
-1.56680E-06,2.3139E-01
-1.56640E-06,2.3139E-01
-1.56600E-06,2.3139E-01
-1.56560E-06,2.3139E-01
-1.56520E-06,2.3334E-01
-1.56480E-06,2.3236E-01
-1.56440E-06,2.3334E-01
-1.56400E-06,2.3432E-01
-1.56360E-06,2.3334E-01
-1.56320E-06,2.3334E-01
-1.56280E-06,2.3334E-01
-1.56240E-06,2.3334E-01
-1.56200E-06,2.3139E-01
-1.56160E-06,2.3627E-01
-1.56120E-06,2.3334E-01
-1.56080E-06,2.3432E-01
-1.56040E-06,2.3334E-01
-1.56000E-06,2.3432E-01
-1.55960E-06,2.3725E-01
-1.55920E-06,2.3236E-01
-1.55880E-06,2.3041E-01
-1.55840E-06,2.3139E-01
-1.55800E-06,2.3432E-01
-1.55760E-06,2.3334E-01
-1.55720E-06,2.3139E-01
-1.55680E-06,2.3041E-01
-1.55640E-06,2.3041E-01
-1.55600E-06,2.2943E-01
-1.55560E-06,2.3041E-01
-1.55520E-06,2.3236E-01
-1.55480E-06,2.3139E-01
-1.55440E-06,2.3236E-01
-1.55400E-06,2.3432E-01
-1.55360E-06,2.3139E-01
-1.55320E-06,2.3041E-01
-1.55280E-06,2.3236E-01
-1.55240E-06,2.3236E-01
-1.55200E-06,2.3236E-01
-1.55160E-06,2.3139E-01
-1.55120E-06,2.3432E-01
-1.55080E-06,2.3139E-01
-1.55040E-06,2.3041E-01
-1.55000E-06,2.2943E-01
-1.54960E-06,2.3432E-01
-1.54920E-06,2.3139E-01
-1.54880E-06,2.3334E-01
-1.54840E-06,2.3041E-01
-1.54800E-06,2.3139E-01
-1.54760E-06,2.3041E-01
-1.54720E-06,2.3334E-01
-1.54680E-06,2.3041E-01
-1.54640E-06,2.3334E-01
-1.54600E-06,2.3236E-01
-1.54560E-06,2.2943E-01
-1.54520E-06,2.3236E-01
-1.54480E-06,2.3432E-01
-1.54440E-06,2.3334E-01
-1.54400E-06,2.3334E-01
-1.54360E-06,2.3041E-01
-1.54320E-06,2.3139E-01
-1.54280E-06,2.3139E-01
-1.54240E-06,2.3041E-01
-1.54200E-06,2.3334E-01
-1.54160E-06,2.3139E-01
-1.54120E-06,2.3041E-01
-1.54080E-06,2.3139E-01
-1.54040E-06,2.3139E-01
-1.54000E-06,2.3139E-01
-1.53960E-06,2.3041E-01
-1.53920E-06,2.2846E-01
-1.53880E-06,2.2943E-01
-1.53840E-06,2.2943E-01
-1.53800E-06,2.3236E-01
-1.53760E-06,2.3041E-01
-1.53720E-06,2.3334E-01
-1.53680E-06,2.3041E-01
-1.53640E-06,2.3334E-01
-1.53600E-06,2.3041E-01
-1.53560E-06,2.3236E-01
-1.53520E-06,2.3432E-01
-1.53480E-06,2.3236E-01
-1.53440E-06,2.3041E-01
-1.53400E-06,2.3139E-01
-1.53360E-06,2.3334E-01
-1.53320E-06,2.2943E-01
-1.53280E-06,2.3139E-01
-1.53240E-06,2.2748E-01
-1.53200E-06,2.3041E-01
-1.53160E-06,2.3334E-01
-1.53120E-06,2.3236E-01
-1.53080E-06,2.3334E-01
-1.53040E-06,2.3236E-01
-1.53000E-06,2.3432E-01
-1.52960E-06,2.3139E-01
-1.52920E-06,2.3334E-01
-1.52880E-06,2.3139E-01
-1.52840E-06,2.3334E-01
-1.52800E-06,2.3139E-01
-1.52760E-06,2.2943E-01
-1.52720E-06,2.3334E-01
-1.52680E-06,2.3236E-01
-1.52640E-06,2.3432E-01
-1.52600E-06,2.3529E-01
-1.52560E-06,2.2943E-01
-1.52520E-06,2.3139E-01
-1.52480E-06,2.3334E-01
-1.52440E-06,2.3236E-01
-1.52400E-06,2.3236E-01
-1.52360E-06,2.3334E-01
-1.52320E-06,2.3139E-01
-1.52280E-06,2.3236E-01
-1.52240E-06,2.3236E-01
-1.52200E-06,2.3041E-01
-1.52160E-06,2.3139E-01
-1.52120E-06,2.3041E-01
-1.52080E-06,2.2846E-01
-1.52040E-06,2.3041E-01
-1.52000E-06,2.3432E-01
-1.51960E-06,2.2943E-01
-1.51920E-06,2.3139E-01
-1.51880E-06,2.3432E-01
-1.51840E-06,2.3041E-01
-1.51800E-06,2.3041E-01
-1.51760E-06,2.3334E-01
-1.51720E-06,2.2943E-01
-1.51680E-06,2.3236E-01
-1.51640E-06,2.3041E-01
-1.51600E-06,2.3139E-01
-1.51560E-06,2.3334E-01
-1.51520E-06,2.2943E-01
-1.51480E-06,2.2748E-01
-1.51440E-06,2.3139E-01
-1.51400E-06,2.3041E-01
-1.51360E-06,2.3139E-01
-1.51320E-06,2.2846E-01
-1.51280E-06,2.3334E-01
-1.51240E-06,2.3041E-01
-1.51200E-06,2.3041E-01
-1.51160E-06,2.3041E-01
-1.51120E-06,2.3139E-01
-1.51080E-06,2.3432E-01
-1.51040E-06,2.2943E-01
-1.51000E-06,2.3236E-01
-1.50960E-06,2.3139E-01
-1.50920E-06,2.3334E-01
-1.50880E-06,2.3236E-01
-1.50840E-06,2.3236E-01
-1.50800E-06,2.3236E-01
-1.50760E-06,2.3041E-01
-1.50720E-06,2.2943E-01
-1.50680E-06,2.3236E-01
-1.50640E-06,2.3334E-01
-1.50600E-06,2.2748E-01
-1.50560E-06,2.3139E-01
-1.50520E-06,2.3041E-01
-1.50480E-06,2.3139E-01
-1.50440E-06,2.3334E-01
-1.50400E-06,2.2943E-01
-1.50360E-06,2.3041E-01
-1.50320E-06,2.2943E-01
-1.50280E-06,2.2846E-01
-1.50240E-06,2.3236E-01
-1.50200E-06,2.3041E-01
-1.50160E-06,2.3139E-01
-1.50120E-06,2.3041E-01
-1.50080E-06,2.3139E-01
-1.50040E-06,2.3041E-01
-1.50000E-06,2.2943E-01
-1.49960E-06,2.3041E-01
-1.49920E-06,2.2846E-01
-1.49880E-06,2.3139E-01
-1.49840E-06,2.3236E-01
-1.49800E-06,2.3139E-01
-1.49760E-06,2.3236E-01
-1.49720E-06,2.3041E-01
-1.49680E-06,2.2943E-01
-1.49640E-06,2.3041E-01
-1.49600E-06,2.3041E-01
-1.49560E-06,2.3041E-01
-1.49520E-06,2.2846E-01
-1.49480E-06,2.2943E-01
-1.49440E-06,2.3041E-01
-1.49400E-06,2.3041E-01
-1.49360E-06,2.3041E-01
-1.49320E-06,2.3139E-01
-1.49280E-06,2.3236E-01
-1.49240E-06,2.3041E-01
-1.49200E-06,2.2943E-01
-1.49160E-06,2.2943E-01
-1.49120E-06,2.2846E-01
-1.49080E-06,2.3139E-01
-1.49040E-06,2.3139E-01
-1.49000E-06,2.3236E-01
-1.48960E-06,2.2943E-01
-1.48920E-06,2.3334E-01
-1.48880E-06,2.3041E-01
-1.48840E-06,2.2846E-01
-1.48800E-06,2.2748E-01
-1.48760E-06,2.3041E-01
-1.48720E-06,2.2846E-01
-1.48680E-06,2.3041E-01
-1.48640E-06,2.2943E-01
-1.48600E-06,2.2846E-01
-1.48560E-06,2.2846E-01
-1.48520E-06,2.2943E-01
-1.48480E-06,2.3041E-01
-1.48440E-06,2.3041E-01
-1.48400E-06,2.2943E-01
-1.48360E-06,2.3334E-01
-1.48320E-06,2.3041E-01
-1.48280E-06,2.3041E-01
-1.48240E-06,2.3236E-01
-1.48200E-06,2.2943E-01
-1.48160E-06,2.2650E-01
-1.48120E-06,2.2748E-01
-1.48080E-06,2.2650E-01
-1.48040E-06,2.3236E-01
-1.48000E-06,2.2943E-01
-1.47960E-06,2.2943E-01
-1.47920E-06,2.2748E-01
-1.47880E-06,2.2943E-01
-1.47840E-06,2.3041E-01
-1.47800E-06,2.3139E-01
-1.47760E-06,2.2748E-01
-1.47720E-06,2.2748E-01
-1.47680E-06,2.3041E-01
-1.47640E-06,2.3041E-01
-1.47600E-06,2.2846E-01
-1.47560E-06,2.2846E-01
-1.47520E-06,2.2748E-01
-1.47480E-06,2.2650E-01
-1.47440E-06,2.2846E-01
-1.47400E-06,2.3139E-01
-1.47360E-06,2.2748E-01
-1.47320E-06,2.3041E-01
-1.47280E-06,2.2943E-01
-1.47240E-06,2.2943E-01
-1.47200E-06,2.3041E-01
-1.47160E-06,2.2846E-01
-1.47120E-06,2.2748E-01
-1.47080E-06,2.3139E-01
-1.47040E-06,2.2846E-01
-1.47000E-06,2.3139E-01
-1.46960E-06,2.2748E-01
-1.46920E-06,2.3041E-01
-1.46880E-06,2.3041E-01
-1.46840E-06,2.3236E-01
-1.46800E-06,2.3139E-01
-1.46760E-06,2.3139E-01
-1.46720E-06,2.3041E-01
-1.46680E-06,2.3041E-01
-1.46640E-06,2.2748E-01
-1.46600E-06,2.2943E-01
-1.46560E-06,2.2943E-01
-1.46520E-06,2.3041E-01
-1.46480E-06,2.2650E-01
-1.46440E-06,2.3041E-01
-1.46400E-06,2.2455E-01
-1.46360E-06,2.2943E-01
-1.46320E-06,2.2846E-01
-1.46280E-06,2.2943E-01
-1.46240E-06,2.2650E-01
-1.46200E-06,2.2846E-01
-1.46160E-06,2.3432E-01
-1.46120E-06,2.3041E-01
-1.46080E-06,2.3041E-01
-1.46040E-06,2.2943E-01
-1.46000E-06,2.2846E-01
-1.45960E-06,2.2943E-01
-1.45920E-06,2.3139E-01
-1.45880E-06,2.3041E-01
-1.45840E-06,2.2943E-01
-1.45800E-06,2.3041E-01
-1.45760E-06,2.2748E-01
-1.45720E-06,2.2943E-01
-1.45680E-06,2.2846E-01
-1.45640E-06,2.3139E-01
-1.45600E-06,2.3041E-01
-1.45560E-06,2.3236E-01
-1.45520E-06,2.3041E-01
-1.45480E-06,2.2846E-01
-1.45440E-06,2.2943E-01
-1.45400E-06,2.3041E-01
-1.45360E-06,2.3041E-01
-1.45320E-06,2.3041E-01
-1.45280E-06,2.2748E-01
-1.45240E-06,2.3236E-01
-1.45200E-06,2.3041E-01
-1.45160E-06,2.3236E-01
-1.45120E-06,2.3236E-01
-1.45080E-06,2.2943E-01
-1.45040E-06,2.2943E-01
-1.45000E-06,2.2846E-01
-1.44960E-06,2.3139E-01
-1.44920E-06,2.2846E-01
-1.44880E-06,2.3236E-01
-1.44840E-06,2.2748E-01
-1.44800E-06,2.2748E-01
-1.44760E-06,2.3334E-01
-1.44720E-06,2.2943E-01
-1.44680E-06,2.3041E-01
-1.44640E-06,2.2748E-01
-1.44600E-06,2.2650E-01
-1.44560E-06,2.2846E-01
-1.44520E-06,2.2846E-01
-1.44480E-06,2.2943E-01
-1.44440E-06,2.2455E-01
-1.44400E-06,2.2748E-01
-1.44360E-06,2.2846E-01
-1.44320E-06,2.2748E-01
-1.44280E-06,2.2943E-01
-1.44240E-06,2.2846E-01
-1.44200E-06,2.2943E-01
-1.44160E-06,2.3041E-01
-1.44120E-06,2.2748E-01
-1.44080E-06,2.2846E-01
-1.44040E-06,2.3041E-01
-1.44000E-06,2.3139E-01
-1.43960E-06,2.3041E-01
-1.43920E-06,2.3041E-01
-1.43880E-06,2.3041E-01
-1.43840E-06,2.3041E-01
-1.43800E-06,2.2846E-01
-1.43760E-06,2.3236E-01
-1.43720E-06,2.3139E-01
-1.43680E-06,2.2748E-01
-1.43640E-06,2.2943E-01
-1.43600E-06,2.2846E-01
-1.43560E-06,2.2846E-01
-1.43520E-06,2.2846E-01
-1.43480E-06,2.2943E-01
-1.43440E-06,2.3041E-01
-1.43400E-06,2.3139E-01
-1.43360E-06,2.3236E-01
-1.43320E-06,2.3139E-01
-1.43280E-06,2.3041E-01
-1.43240E-06,2.3139E-01
-1.43200E-06,2.3041E-01
-1.43160E-06,2.2846E-01
-1.43120E-06,2.2943E-01
-1.43080E-06,2.2846E-01
-1.43040E-06,2.3139E-01
-1.43000E-06,2.2846E-01
-1.42960E-06,2.3041E-01
-1.42920E-06,2.2553E-01
-1.42880E-06,2.3236E-01
-1.42840E-06,2.3334E-01
-1.42800E-06,2.2748E-01
-1.42760E-06,2.3041E-01
-1.42720E-06,2.3236E-01
-1.42680E-06,2.3236E-01
-1.42640E-06,2.2650E-01
-1.42600E-06,2.3041E-01
-1.42560E-06,2.2943E-01
-1.42520E-06,2.2846E-01
-1.42480E-06,2.3041E-01
-1.42440E-06,2.2748E-01
-1.42400E-06,2.2846E-01
-1.42360E-06,2.2748E-01
-1.42320E-06,2.3041E-01
-1.42280E-06,2.2846E-01
-1.42240E-06,2.2943E-01
-1.42200E-06,2.3041E-01
-1.42160E-06,2.2943E-01
-1.42120E-06,2.3236E-01
-1.42080E-06,2.2846E-01
-1.42040E-06,2.3041E-01
-1.42000E-06,2.2846E-01
-1.41960E-06,2.3041E-01
-1.41920E-06,2.3041E-01
-1.41880E-06,2.3432E-01
-1.41840E-06,2.3139E-01
-1.41800E-06,2.3334E-01
-1.41760E-06,2.3627E-01
-1.41720E-06,2.2943E-01
-1.41680E-06,2.3139E-01
-1.41640E-06,2.2748E-01
-1.41600E-06,2.2943E-01
-1.41560E-06,2.3236E-01
-1.41520E-06,2.3139E-01
-1.41480E-06,2.2846E-01
-1.41440E-06,2.3236E-01
-1.41400E-06,2.2846E-01
-1.41360E-06,2.2846E-01
-1.41320E-06,2.2748E-01
-1.41280E-06,2.3041E-01
-1.41240E-06,2.2943E-01
-1.41200E-06,2.2943E-01
-1.41160E-06,2.2846E-01
-1.41120E-06,2.3041E-01
-1.41080E-06,2.2748E-01
-1.41040E-06,2.2846E-01
-1.41000E-06,2.3139E-01
-1.40960E-06,2.2943E-01
-1.40920E-06,2.2748E-01
-1.40880E-06,2.3236E-01
-1.40840E-06,2.3236E-01
-1.40800E-06,2.2748E-01
-1.40760E-06,2.3041E-01
-1.40720E-06,2.3041E-01
-1.40680E-06,2.3139E-01
-1.40640E-06,2.3041E-01
-1.40600E-06,2.3139E-01
-1.40560E-06,2.2846E-01
-1.40520E-06,2.2943E-01
-1.40480E-06,2.3041E-01
-1.40440E-06,2.2943E-01
-1.40400E-06,2.3041E-01
-1.40360E-06,2.2943E-01
-1.40320E-06,2.3041E-01
-1.40280E-06,2.2943E-01
-1.40240E-06,2.2943E-01
-1.40200E-06,2.3139E-01
-1.40160E-06,2.2748E-01
-1.40120E-06,2.3041E-01
-1.40080E-06,2.2748E-01
-1.40040E-06,2.3041E-01
-1.40000E-06,2.3139E-01
-1.39960E-06,2.3139E-01
-1.39920E-06,2.3041E-01
-1.39880E-06,2.3236E-01
-1.39840E-06,2.3139E-01
-1.39800E-06,2.2943E-01
-1.39760E-06,2.2846E-01
-1.39720E-06,2.3041E-01
-1.39680E-06,2.2553E-01
-1.39640E-06,2.3041E-01
-1.39600E-06,2.3139E-01
-1.39560E-06,2.3041E-01
-1.39520E-06,2.2846E-01
-1.39480E-06,2.3041E-01
-1.39440E-06,2.3139E-01
-1.39400E-06,2.3041E-01
-1.39360E-06,2.3236E-01
-1.39320E-06,2.3139E-01
-1.39280E-06,2.3334E-01
-1.39240E-06,2.3139E-01
-1.39200E-06,2.3139E-01
-1.39160E-06,2.3041E-01
-1.39120E-06,2.3334E-01
-1.39080E-06,2.3041E-01
-1.39040E-06,2.3139E-01
-1.39000E-06,2.3041E-01
-1.38960E-06,2.2846E-01
-1.38920E-06,2.2846E-01
-1.38880E-06,2.3139E-01
-1.38840E-06,2.3139E-01
-1.38800E-06,2.3041E-01
-1.38760E-06,2.3041E-01
-1.38720E-06,2.3041E-01
-1.38680E-06,2.2748E-01
-1.38640E-06,2.3041E-01
-1.38600E-06,2.2846E-01
-1.38560E-06,2.2748E-01
-1.38520E-06,2.2943E-01
-1.38480E-06,2.2943E-01
-1.38440E-06,2.2748E-01
-1.38400E-06,2.3139E-01
-1.38360E-06,2.2748E-01
-1.38320E-06,2.2650E-01
-1.38280E-06,2.2943E-01
-1.38240E-06,2.3041E-01
-1.38200E-06,2.3041E-01
-1.38160E-06,2.3139E-01
-1.38120E-06,2.3041E-01
-1.38080E-06,2.3041E-01
-1.38040E-06,2.3041E-01
-1.38000E-06,2.2943E-01
-1.37960E-06,2.2748E-01
-1.37920E-06,2.3139E-01
-1.37880E-06,2.2846E-01
-1.37840E-06,2.2553E-01
-1.37800E-06,2.3236E-01
-1.37760E-06,2.3041E-01
-1.37720E-06,2.3041E-01
-1.37680E-06,2.2943E-01
-1.37640E-06,2.3139E-01
-1.37600E-06,2.3041E-01
-1.37560E-06,2.2748E-01
-1.37520E-06,2.3041E-01
-1.37480E-06,2.3139E-01
-1.37440E-06,2.3139E-01
-1.37400E-06,2.3041E-01
-1.37360E-06,2.2846E-01
-1.37320E-06,2.3041E-01
-1.37280E-06,2.3041E-01
-1.37240E-06,2.2943E-01
-1.37200E-06,2.3041E-01
-1.37160E-06,2.3041E-01
-1.37120E-06,2.3236E-01
-1.37080E-06,2.2846E-01
-1.37040E-06,2.3236E-01
-1.37000E-06,2.3236E-01
-1.36960E-06,2.2943E-01
-1.36920E-06,2.3041E-01
-1.36880E-06,2.3041E-01
-1.36840E-06,2.3139E-01
-1.36800E-06,2.2748E-01
-1.36760E-06,2.2748E-01
-1.36720E-06,2.3041E-01
-1.36680E-06,2.3041E-01
-1.36640E-06,2.3236E-01
-1.36600E-06,2.3041E-01
-1.36560E-06,2.2943E-01
-1.36520E-06,2.2748E-01
-1.36480E-06,2.2846E-01
-1.36440E-06,2.3627E-01
-1.36400E-06,2.2943E-01
-1.36360E-06,2.3432E-01
-1.36320E-06,2.2943E-01
-1.36280E-06,2.2846E-01
-1.36240E-06,2.2748E-01
-1.36200E-06,2.2846E-01
-1.36160E-06,2.3041E-01
-1.36120E-06,2.2748E-01
-1.36080E-06,2.2943E-01
-1.36040E-06,2.2846E-01
-1.36000E-06,2.3041E-01
-1.35960E-06,2.2943E-01
-1.35920E-06,2.3139E-01
-1.35880E-06,2.3139E-01
-1.35840E-06,2.2943E-01
-1.35800E-06,2.3139E-01
-1.35760E-06,2.3041E-01
-1.35720E-06,2.3139E-01
-1.35680E-06,2.3236E-01
-1.35640E-06,2.3334E-01
-1.35600E-06,2.3041E-01
-1.35560E-06,2.2748E-01
-1.35520E-06,2.3041E-01
-1.35480E-06,2.3041E-01
-1.35440E-06,2.3041E-01
-1.35400E-06,2.2846E-01
-1.35360E-06,2.3334E-01
-1.35320E-06,2.3041E-01
-1.35280E-06,2.3139E-01
-1.35240E-06,2.2748E-01
-1.35200E-06,2.3139E-01
-1.35160E-06,2.2748E-01
-1.35120E-06,2.2650E-01
-1.35080E-06,2.3139E-01
-1.35040E-06,2.2943E-01
-1.35000E-06,2.3041E-01
-1.34960E-06,2.2943E-01
-1.34920E-06,2.3236E-01
-1.34880E-06,2.3041E-01
-1.34840E-06,2.3236E-01
-1.34800E-06,2.3041E-01
-1.34760E-06,2.3236E-01
-1.34720E-06,2.3139E-01
-1.34680E-06,2.2846E-01
-1.34640E-06,2.3139E-01
-1.34600E-06,2.3236E-01
-1.34560E-06,2.3041E-01
-1.34520E-06,2.3236E-01
-1.34480E-06,2.2748E-01
-1.34440E-06,2.3334E-01
-1.34400E-06,2.3236E-01
-1.34360E-06,2.3236E-01
-1.34320E-06,2.3236E-01
-1.34280E-06,2.3139E-01
-1.34240E-06,2.3139E-01
-1.34200E-06,2.2943E-01
-1.34160E-06,2.3236E-01
-1.34120E-06,2.2943E-01
-1.34080E-06,2.3139E-01
-1.34040E-06,2.2943E-01
-1.34000E-06,2.3041E-01
-1.33960E-06,2.2748E-01
-1.33920E-06,2.3041E-01
-1.33880E-06,2.3041E-01
-1.33840E-06,2.3236E-01
-1.33800E-06,2.3334E-01
-1.33760E-06,2.2748E-01
-1.33720E-06,2.3139E-01
-1.33680E-06,2.3334E-01
-1.33640E-06,2.3041E-01
-1.33600E-06,2.3334E-01
-1.33560E-06,2.3041E-01
-1.33520E-06,2.2943E-01
-1.33480E-06,2.2846E-01
-1.33440E-06,2.3236E-01
-1.33400E-06,2.3041E-01
-1.33360E-06,2.2943E-01
-1.33320E-06,2.2943E-01
-1.33280E-06,2.2943E-01
-1.33240E-06,2.3236E-01
-1.33200E-06,2.2943E-01
-1.33160E-06,2.3236E-01
-1.33120E-06,2.3334E-01
-1.33080E-06,2.3041E-01
-1.33040E-06,2.3041E-01
-1.33000E-06,2.3139E-01
-1.32960E-06,2.3041E-01
-1.32920E-06,2.3041E-01
-1.32880E-06,2.3236E-01
-1.32840E-06,2.3041E-01
-1.32800E-06,2.3236E-01
-1.32760E-06,2.3139E-01
-1.32720E-06,2.3236E-01
-1.32680E-06,2.3334E-01
-1.32640E-06,2.3236E-01
-1.32600E-06,2.3041E-01
-1.32560E-06,2.2846E-01
-1.32520E-06,2.3139E-01
-1.32480E-06,2.3041E-01
-1.32440E-06,2.3139E-01
-1.32400E-06,2.3236E-01
-1.32360E-06,2.3236E-01
-1.32320E-06,2.3041E-01
-1.32280E-06,2.2846E-01
-1.32240E-06,2.3236E-01
-1.32200E-06,2.3139E-01
-1.32160E-06,2.3139E-01
-1.32120E-06,2.3139E-01
-1.32080E-06,2.3432E-01
-1.32040E-06,2.3041E-01
-1.32000E-06,2.3334E-01
-1.31960E-06,2.3529E-01
-1.31920E-06,2.3139E-01
-1.31880E-06,2.3139E-01
-1.31840E-06,2.2943E-01
-1.31800E-06,2.3139E-01
-1.31760E-06,2.3139E-01
-1.31720E-06,2.2748E-01
-1.31680E-06,2.3139E-01
-1.31640E-06,2.3139E-01
-1.31600E-06,2.3236E-01
-1.31560E-06,2.3236E-01
-1.31520E-06,2.3432E-01
-1.31480E-06,2.2943E-01
-1.31440E-06,2.2846E-01
-1.31400E-06,2.3041E-01
-1.31360E-06,2.3236E-01
-1.31320E-06,2.3139E-01
-1.31280E-06,2.3236E-01
-1.31240E-06,2.3041E-01
-1.31200E-06,2.3139E-01
-1.31160E-06,2.3041E-01
-1.31120E-06,2.3432E-01
-1.31080E-06,2.3041E-01
-1.31040E-06,2.3236E-01
-1.31000E-06,2.3334E-01
-1.30960E-06,2.2846E-01
-1.30920E-06,2.3041E-01
-1.30880E-06,2.2943E-01
-1.30840E-06,2.2943E-01
-1.30800E-06,2.2943E-01
-1.30760E-06,2.3041E-01
-1.30720E-06,2.2748E-01
-1.30680E-06,2.3041E-01
-1.30640E-06,2.3139E-01
-1.30600E-06,2.3334E-01
-1.30560E-06,2.3041E-01
-1.30520E-06,2.3041E-01
-1.30480E-06,2.3041E-01
-1.30440E-06,2.3041E-01
-1.30400E-06,2.2846E-01
-1.30360E-06,2.3139E-01
-1.30320E-06,2.2846E-01
-1.30280E-06,2.2748E-01
-1.30240E-06,2.3236E-01
-1.30200E-06,2.3236E-01
-1.30160E-06,2.2943E-01
-1.30120E-06,2.3334E-01
-1.30080E-06,2.2846E-01
-1.30040E-06,2.3041E-01
-1.30000E-06,2.2943E-01
-1.29960E-06,2.3041E-01
-1.29920E-06,2.2748E-01
-1.29880E-06,2.3236E-01
-1.29840E-06,2.3041E-01
-1.29800E-06,2.3041E-01
-1.29760E-06,2.2748E-01
-1.29720E-06,2.3041E-01
-1.29680E-06,2.2846E-01
-1.29640E-06,2.3041E-01
-1.29600E-06,2.3139E-01
-1.29560E-06,2.3041E-01
-1.29520E-06,2.3041E-01
-1.29480E-06,2.2846E-01
-1.29440E-06,2.3139E-01
-1.29400E-06,2.3236E-01
-1.29360E-06,2.3041E-01
-1.29320E-06,2.3139E-01
-1.29280E-06,2.3139E-01
-1.29240E-06,2.3041E-01
-1.29200E-06,2.3041E-01
-1.29160E-06,2.3139E-01
-1.29120E-06,2.3139E-01
-1.29080E-06,2.3139E-01
-1.29040E-06,2.3334E-01
-1.29000E-06,2.3334E-01
-1.28960E-06,2.3236E-01
-1.28920E-06,2.2846E-01
-1.28880E-06,2.2846E-01
-1.28840E-06,2.2748E-01
-1.28800E-06,2.2943E-01
-1.28760E-06,2.3041E-01
-1.28720E-06,2.3236E-01
-1.28680E-06,2.3139E-01
-1.28640E-06,2.2748E-01
-1.28600E-06,2.3334E-01
-1.28560E-06,2.3041E-01
-1.28520E-06,2.3139E-01
-1.28480E-06,2.3041E-01
-1.28440E-06,2.2943E-01
-1.28400E-06,2.2846E-01
-1.28360E-06,2.2943E-01
-1.28320E-06,2.3041E-01
-1.28280E-06,2.3139E-01
-1.28240E-06,2.3041E-01
-1.28200E-06,2.2748E-01
-1.28160E-06,2.3236E-01
-1.28120E-06,2.2943E-01
-1.28080E-06,2.3236E-01
-1.28040E-06,2.3041E-01
-1.28000E-06,2.3236E-01
-1.27960E-06,2.3236E-01
-1.27920E-06,2.3041E-01
-1.27880E-06,2.2943E-01
-1.27840E-06,2.3334E-01
-1.27800E-06,2.2943E-01
-1.27760E-06,2.2943E-01
-1.27720E-06,2.3041E-01
-1.27680E-06,2.3236E-01
-1.27640E-06,2.3041E-01
-1.27600E-06,2.3139E-01
-1.27560E-06,2.3139E-01
-1.27520E-06,2.3236E-01
-1.27480E-06,2.3334E-01
-1.27440E-06,2.2943E-01
-1.27400E-06,2.3529E-01
-1.27360E-06,2.3041E-01
-1.27320E-06,2.3139E-01
-1.27280E-06,2.3041E-01
-1.27240E-06,2.3334E-01
-1.27200E-06,2.3041E-01
-1.27160E-06,2.3139E-01
-1.27120E-06,2.3041E-01
-1.27080E-06,2.2553E-01
-1.27040E-06,2.3139E-01
-1.27000E-06,2.2846E-01
-1.26960E-06,2.3334E-01
-1.26920E-06,2.2943E-01
-1.26880E-06,2.3139E-01
-1.26840E-06,2.2943E-01
-1.26800E-06,2.3139E-01
-1.26760E-06,2.3139E-01
-1.26720E-06,2.2943E-01
-1.26680E-06,2.3041E-01
-1.26640E-06,2.3041E-01
-1.26600E-06,2.3432E-01
-1.26560E-06,2.3139E-01
-1.26520E-06,2.3139E-01
-1.26480E-06,2.3334E-01
-1.26440E-06,2.2846E-01
-1.26400E-06,2.3041E-01
-1.26360E-06,2.2846E-01
-1.26320E-06,2.3041E-01
-1.26280E-06,2.3041E-01
-1.26240E-06,2.2943E-01
-1.26200E-06,2.3041E-01
-1.26160E-06,2.2846E-01
-1.26120E-06,2.2846E-01
-1.26080E-06,2.2943E-01
-1.26040E-06,2.3236E-01
-1.26000E-06,2.3041E-01
-1.25960E-06,2.3139E-01
-1.25920E-06,2.3139E-01
-1.25880E-06,2.2846E-01
-1.25840E-06,2.3139E-01
-1.25800E-06,2.3041E-01
-1.25760E-06,2.3139E-01
-1.25720E-06,2.2943E-01
-1.25680E-06,2.3236E-01
-1.25640E-06,2.3236E-01
-1.25600E-06,2.2846E-01
-1.25560E-06,2.3041E-01
-1.25520E-06,2.2846E-01
-1.25480E-06,2.3041E-01
-1.25440E-06,2.2943E-01
-1.25400E-06,2.3236E-01
-1.25360E-06,2.2748E-01
-1.25320E-06,2.3334E-01
-1.25280E-06,2.3041E-01
-1.25240E-06,2.2748E-01
-1.25200E-06,2.3041E-01
-1.25160E-06,2.2846E-01
-1.25120E-06,2.2846E-01
-1.25080E-06,2.2943E-01
-1.25040E-06,2.3041E-01
-1.25000E-06,2.3334E-01
-1.24960E-06,2.3236E-01
-1.24920E-06,2.2943E-01
-1.24880E-06,2.2846E-01
-1.24840E-06,2.3139E-01
-1.24800E-06,2.3041E-01
-1.24760E-06,2.3334E-01
-1.24720E-06,2.3139E-01
-1.24680E-06,2.3334E-01
-1.24640E-06,2.2846E-01
-1.24600E-06,2.3041E-01
-1.24560E-06,2.3139E-01
-1.24520E-06,2.2846E-01
-1.24480E-06,2.3041E-01
-1.24440E-06,2.3139E-01
-1.24400E-06,2.3139E-01
-1.24360E-06,2.3236E-01
-1.24320E-06,2.3041E-01
-1.24280E-06,2.2943E-01
-1.24240E-06,2.2846E-01
-1.24200E-06,2.3041E-01
-1.24160E-06,2.3041E-01
-1.24120E-06,2.3236E-01
-1.24080E-06,2.3041E-01
-1.24040E-06,2.3139E-01
-1.24000E-06,2.3041E-01
-1.23960E-06,2.3041E-01
-1.23920E-06,2.3041E-01
-1.23880E-06,2.3041E-01
-1.23840E-06,2.3236E-01
-1.23800E-06,2.3041E-01
-1.23760E-06,2.3236E-01
-1.23720E-06,2.3334E-01
-1.23680E-06,2.3139E-01
-1.23640E-06,2.3334E-01
-1.23600E-06,2.3041E-01
-1.23560E-06,2.3236E-01
-1.23520E-06,2.3041E-01
-1.23480E-06,2.3139E-01
-1.23440E-06,2.2943E-01
-1.23400E-06,2.2943E-01
-1.23360E-06,2.2943E-01
-1.23320E-06,2.3236E-01
-1.23280E-06,2.2943E-01
-1.23240E-06,2.3139E-01
-1.23200E-06,2.3139E-01
-1.23160E-06,2.2943E-01
-1.23120E-06,2.3041E-01
-1.23080E-06,2.3041E-01
-1.23040E-06,2.2846E-01
-1.23000E-06,2.3236E-01
-1.22960E-06,2.2748E-01
-1.22920E-06,2.3139E-01
-1.22880E-06,2.3236E-01
-1.22840E-06,2.2943E-01
-1.22800E-06,2.2846E-01
-1.22760E-06,2.3139E-01
-1.22720E-06,2.3041E-01
-1.22680E-06,2.3041E-01
-1.22640E-06,2.3627E-01
-1.22600E-06,2.3041E-01
-1.22560E-06,2.3041E-01
-1.22520E-06,2.3041E-01
-1.22480E-06,2.3041E-01
-1.22440E-06,2.3139E-01
-1.22400E-06,2.2943E-01
-1.22360E-06,2.3041E-01
-1.22320E-06,2.2846E-01
-1.22280E-06,2.3334E-01
-1.22240E-06,2.3139E-01
-1.22200E-06,2.3236E-01
-1.22160E-06,2.3334E-01
-1.22120E-06,2.3139E-01
-1.22080E-06,2.3041E-01
-1.22040E-06,2.3236E-01
-1.22000E-06,2.3041E-01
-1.21960E-06,2.3432E-01
-1.21920E-06,2.3139E-01
-1.21880E-06,2.3041E-01
-1.21840E-06,2.3139E-01
-1.21800E-06,2.3139E-01
-1.21760E-06,2.3041E-01
-1.21720E-06,2.3041E-01
-1.21680E-06,2.2943E-01
-1.21640E-06,2.2943E-01
-1.21600E-06,2.2748E-01
-1.21560E-06,2.3139E-01
-1.21520E-06,2.3041E-01
-1.21480E-06,2.3139E-01
-1.21440E-06,2.3139E-01
-1.21400E-06,2.2846E-01
-1.21360E-06,2.3041E-01
-1.21320E-06,2.3139E-01
-1.21280E-06,2.3139E-01
-1.21240E-06,2.2846E-01
-1.21200E-06,2.2943E-01
-1.21160E-06,2.3334E-01
-1.21120E-06,2.3236E-01
-1.21080E-06,2.3334E-01
-1.21040E-06,2.3041E-01
-1.21000E-06,2.2846E-01
-1.20960E-06,2.3334E-01
-1.20920E-06,2.3236E-01
-1.20880E-06,2.2943E-01
-1.20840E-06,2.2846E-01
-1.20800E-06,2.2943E-01
-1.20760E-06,2.3236E-01
-1.20720E-06,2.3041E-01
-1.20680E-06,2.3139E-01
-1.20640E-06,2.3236E-01
-1.20600E-06,2.3041E-01
-1.20560E-06,2.3139E-01
-1.20520E-06,2.3236E-01
-1.20480E-06,2.2943E-01
-1.20440E-06,2.3041E-01
-1.20400E-06,2.2846E-01
-1.20360E-06,2.3236E-01
-1.20320E-06,2.2846E-01
-1.20280E-06,2.3334E-01
-1.20240E-06,2.3041E-01
-1.20200E-06,2.3041E-01
-1.20160E-06,2.3041E-01
-1.20120E-06,2.3236E-01
-1.20080E-06,2.3236E-01
-1.20040E-06,2.3139E-01
-1.20000E-06,2.3334E-01
-1.19960E-06,2.3041E-01
-1.19920E-06,2.2943E-01
-1.19880E-06,2.3041E-01
-1.19840E-06,2.3139E-01
-1.19800E-06,2.3236E-01
-1.19760E-06,2.3236E-01
-1.19720E-06,2.3236E-01
-1.19680E-06,2.2943E-01
-1.19640E-06,2.3139E-01
-1.19600E-06,2.2846E-01
-1.19560E-06,2.3432E-01
-1.19520E-06,2.3236E-01
-1.19480E-06,2.3236E-01
-1.19440E-06,2.3334E-01
-1.19400E-06,2.3041E-01
-1.19360E-06,2.3236E-01
-1.19320E-06,2.3139E-01
-1.19280E-06,2.3139E-01
-1.19240E-06,2.3041E-01
-1.19200E-06,2.2846E-01
-1.19160E-06,2.2943E-01
-1.19120E-06,2.3334E-01
-1.19080E-06,2.2748E-01
-1.19040E-06,2.2943E-01
-1.19000E-06,2.3236E-01
-1.18960E-06,2.2846E-01
-1.18920E-06,2.3041E-01
-1.18880E-06,2.3139E-01
-1.18840E-06,2.2943E-01
-1.18800E-06,2.3334E-01
-1.18760E-06,2.2943E-01
-1.18720E-06,2.3139E-01
-1.18680E-06,2.2748E-01
-1.18640E-06,2.2846E-01
-1.18600E-06,2.2943E-01
-1.18560E-06,2.3041E-01
-1.18520E-06,2.3041E-01
-1.18480E-06,2.2943E-01
-1.18440E-06,2.3236E-01
-1.18400E-06,2.3139E-01
-1.18360E-06,2.3041E-01
-1.18320E-06,2.3139E-01
-1.18280E-06,2.3041E-01
-1.18240E-06,2.3041E-01
-1.18200E-06,2.3041E-01
-1.18160E-06,2.2943E-01
-1.18120E-06,2.2846E-01
-1.18080E-06,2.2748E-01
-1.18040E-06,2.2846E-01
-1.18000E-06,2.2650E-01
-1.17960E-06,2.3041E-01
-1.17920E-06,2.3236E-01
-1.17880E-06,2.2846E-01
-1.17840E-06,2.2846E-01
-1.17800E-06,2.3041E-01
-1.17760E-06,2.2650E-01
-1.17720E-06,2.3041E-01
-1.17680E-06,2.2846E-01
-1.17640E-06,2.3041E-01
-1.17600E-06,2.3041E-01
-1.17560E-06,2.2748E-01
-1.17520E-06,2.3041E-01
-1.17480E-06,2.2846E-01
-1.17440E-06,2.3139E-01
-1.17400E-06,2.2846E-01
-1.17360E-06,2.2846E-01
-1.17320E-06,2.2748E-01
-1.17280E-06,2.3041E-01
-1.17240E-06,2.2943E-01
-1.17200E-06,2.3334E-01
-1.17160E-06,2.3334E-01
-1.17120E-06,2.2943E-01
-1.17080E-06,2.3041E-01
-1.17040E-06,2.3041E-01
-1.17000E-06,2.3041E-01
-1.16960E-06,2.3041E-01
-1.16920E-06,2.3139E-01
-1.16880E-06,2.3334E-01
-1.16840E-06,2.2748E-01
-1.16800E-06,2.2650E-01
-1.16760E-06,2.3236E-01
-1.16720E-06,2.3139E-01
-1.16680E-06,2.3041E-01
-1.16640E-06,2.2943E-01
-1.16600E-06,2.3041E-01
-1.16560E-06,2.2650E-01
-1.16520E-06,2.3334E-01
-1.16480E-06,2.2748E-01
-1.16440E-06,2.3236E-01
-1.16400E-06,2.3139E-01
-1.16360E-06,2.3041E-01
-1.16320E-06,2.3139E-01
-1.16280E-06,2.2846E-01
-1.16240E-06,2.2943E-01
-1.16200E-06,2.2846E-01
-1.16160E-06,2.3041E-01
-1.16120E-06,2.2943E-01
-1.16080E-06,2.2943E-01
-1.16040E-06,2.2650E-01
-1.16000E-06,2.2846E-01
-1.15960E-06,2.2943E-01
-1.15920E-06,2.2748E-01
-1.15880E-06,2.2943E-01
-1.15840E-06,2.3139E-01
-1.15800E-06,2.2943E-01
-1.15760E-06,2.3041E-01
-1.15720E-06,2.3139E-01
-1.15680E-06,2.2943E-01
-1.15640E-06,2.2943E-01
-1.15600E-06,2.3139E-01
-1.15560E-06,2.3139E-01
-1.15520E-06,2.3041E-01
-1.15480E-06,2.2650E-01
-1.15440E-06,2.2943E-01
-1.15400E-06,2.2943E-01
-1.15360E-06,2.2943E-01
-1.15320E-06,2.2846E-01
-1.15280E-06,2.2650E-01
-1.15240E-06,2.2943E-01
-1.15200E-06,2.3139E-01
-1.15160E-06,2.3041E-01
-1.15120E-06,2.3041E-01
-1.15080E-06,2.3139E-01
-1.15040E-06,2.3139E-01
-1.15000E-06,2.3041E-01
-1.14960E-06,2.3041E-01
-1.14920E-06,2.2748E-01
-1.14880E-06,2.3041E-01
-1.14840E-06,2.2748E-01
-1.14800E-06,2.3236E-01
-1.14760E-06,2.2943E-01
-1.14720E-06,2.3236E-01
-1.14680E-06,2.2748E-01
-1.14640E-06,2.2943E-01
-1.14600E-06,2.2748E-01
-1.14560E-06,2.2650E-01
-1.14520E-06,2.3041E-01
-1.14480E-06,2.2846E-01
-1.14440E-06,2.3041E-01
-1.14400E-06,2.2748E-01
-1.14360E-06,2.3041E-01
-1.14320E-06,2.2846E-01
-1.14280E-06,2.3041E-01
-1.14240E-06,2.3334E-01
-1.14200E-06,2.3041E-01
-1.14160E-06,2.2846E-01
-1.14120E-06,2.3041E-01
-1.14080E-06,2.2846E-01
-1.14040E-06,2.2846E-01
-1.14000E-06,2.3041E-01
-1.13960E-06,2.3139E-01
-1.13920E-06,2.2943E-01
-1.13880E-06,2.3041E-01
-1.13840E-06,2.2748E-01
-1.13800E-06,2.2846E-01
-1.13760E-06,2.3041E-01
-1.13720E-06,2.2846E-01
-1.13680E-06,2.2650E-01
-1.13640E-06,2.2748E-01
-1.13600E-06,2.2650E-01
-1.13560E-06,2.2650E-01
-1.13520E-06,2.2553E-01
-1.13480E-06,2.2748E-01
-1.13440E-06,2.2455E-01
-1.13400E-06,2.3236E-01
-1.13360E-06,2.2943E-01
-1.13320E-06,2.3334E-01
-1.13280E-06,2.2650E-01
-1.13240E-06,2.2943E-01
-1.13200E-06,2.3041E-01
-1.13160E-06,2.3041E-01
-1.13120E-06,2.2846E-01
-1.13080E-06,2.2943E-01
-1.13040E-06,2.2943E-01
-1.13000E-06,2.2943E-01
-1.12960E-06,2.3236E-01
-1.12920E-06,2.3041E-01
-1.12880E-06,2.2846E-01
-1.12840E-06,2.2943E-01
-1.12800E-06,2.2943E-01
-1.12760E-06,2.2650E-01
-1.12720E-06,2.2748E-01
-1.12680E-06,2.3334E-01
-1.12640E-06,2.2650E-01
-1.12600E-06,2.2846E-01
-1.12560E-06,2.2846E-01
-1.12520E-06,2.3334E-01
-1.12480E-06,2.3041E-01
-1.12440E-06,2.2748E-01
-1.12400E-06,2.2748E-01
-1.12360E-06,2.2748E-01
-1.12320E-06,2.2846E-01
-1.12280E-06,2.2846E-01
-1.12240E-06,2.2846E-01
-1.12200E-06,2.3041E-01
-1.12160E-06,2.2748E-01
-1.12120E-06,2.2943E-01
-1.12080E-06,2.2846E-01
-1.12040E-06,2.2846E-01
-1.12000E-06,2.2748E-01
-1.11960E-06,2.2846E-01
-1.11920E-06,2.2846E-01
-1.11880E-06,2.2650E-01
-1.11840E-06,2.2748E-01
-1.11800E-06,2.2748E-01
-1.11760E-06,2.2748E-01
-1.11720E-06,2.2650E-01
-1.11680E-06,2.3041E-01
-1.11640E-06,2.2943E-01
-1.11600E-06,2.2748E-01
-1.11560E-06,2.2846E-01
-1.11520E-06,2.2846E-01
-1.11480E-06,2.2846E-01
-1.11440E-06,2.3041E-01
-1.11400E-06,2.3139E-01
-1.11360E-06,2.2943E-01
-1.11320E-06,2.3236E-01
-1.11280E-06,2.2748E-01
-1.11240E-06,2.2748E-01
-1.11200E-06,2.2650E-01
-1.11160E-06,2.2846E-01
-1.11120E-06,2.3236E-01
-1.11080E-06,2.2846E-01
-1.11040E-06,2.3041E-01
-1.11000E-06,2.2943E-01
-1.10960E-06,2.2943E-01
-1.10920E-06,2.2943E-01
-1.10880E-06,2.3041E-01
-1.10840E-06,2.2846E-01
-1.10800E-06,2.3432E-01
-1.10760E-06,2.2748E-01
-1.10720E-06,2.2650E-01
-1.10680E-06,2.3041E-01
-1.10640E-06,2.3041E-01
-1.10600E-06,2.2748E-01
-1.10560E-06,2.2650E-01
-1.10520E-06,2.2748E-01
-1.10480E-06,2.2943E-01
-1.10440E-06,2.2553E-01
-1.10400E-06,2.3041E-01
-1.10360E-06,2.2748E-01
-1.10320E-06,2.2748E-01
-1.10280E-06,2.2748E-01
-1.10240E-06,2.3139E-01
-1.10200E-06,2.2748E-01
-1.10160E-06,2.2943E-01
-1.10120E-06,2.2748E-01
-1.10080E-06,2.2553E-01
-1.10040E-06,2.2650E-01
-1.10000E-06,2.2357E-01
-1.09960E-06,2.2748E-01
-1.09920E-06,2.2650E-01
-1.09880E-06,2.2846E-01
-1.09840E-06,2.2748E-01
-1.09800E-06,2.2650E-01
-1.09760E-06,2.3139E-01
-1.09720E-06,2.2846E-01
-1.09680E-06,2.2748E-01
-1.09640E-06,2.2846E-01
-1.09600E-06,2.2748E-01
-1.09560E-06,2.2748E-01
-1.09520E-06,2.2650E-01
-1.09480E-06,2.2846E-01
-1.09440E-06,2.2846E-01
-1.09400E-06,2.2943E-01
-1.09360E-06,2.2943E-01
-1.09320E-06,2.2748E-01
-1.09280E-06,2.3236E-01
-1.09240E-06,2.2650E-01
-1.09200E-06,2.3041E-01
-1.09160E-06,2.2650E-01
-1.09120E-06,2.2748E-01
-1.09080E-06,2.2943E-01
-1.09040E-06,2.2748E-01
-1.09000E-06,2.3041E-01
-1.08960E-06,2.2553E-01
-1.08920E-06,2.2846E-01
-1.08880E-06,2.2650E-01
-1.08840E-06,2.3041E-01
-1.08800E-06,2.2943E-01
-1.08760E-06,2.2943E-01
-1.08720E-06,2.2650E-01
-1.08680E-06,2.3139E-01
-1.08640E-06,2.2748E-01
-1.08600E-06,2.2943E-01
-1.08560E-06,2.3139E-01
-1.08520E-06,2.2748E-01
-1.08480E-06,2.2943E-01
-1.08440E-06,2.2748E-01
-1.08400E-06,2.2846E-01
-1.08360E-06,2.2748E-01
-1.08320E-06,2.3041E-01
-1.08280E-06,2.2943E-01
-1.08240E-06,2.2748E-01
-1.08200E-06,2.2748E-01
-1.08160E-06,2.2943E-01
-1.08120E-06,2.2748E-01
-1.08080E-06,2.2846E-01
-1.08040E-06,2.2748E-01
-1.08000E-06,2.2748E-01
-1.07960E-06,2.3041E-01
-1.07920E-06,2.2846E-01
-1.07880E-06,2.2748E-01
-1.07840E-06,2.3236E-01
-1.07800E-06,2.3041E-01
-1.07760E-06,2.2650E-01
-1.07720E-06,2.2650E-01
-1.07680E-06,2.2943E-01
-1.07640E-06,2.2943E-01
-1.07600E-06,2.3139E-01
-1.07560E-06,2.3236E-01
-1.07520E-06,2.2650E-01
-1.07480E-06,2.2943E-01
-1.07440E-06,2.2748E-01
-1.07400E-06,2.2846E-01
-1.07360E-06,2.3041E-01
-1.07320E-06,2.2846E-01
-1.07280E-06,2.2650E-01
-1.07240E-06,2.2943E-01
-1.07200E-06,2.3139E-01
-1.07160E-06,2.2943E-01
-1.07120E-06,2.2846E-01
-1.07080E-06,2.2846E-01
-1.07040E-06,2.2650E-01
-1.07000E-06,2.2748E-01
-1.06960E-06,2.2846E-01
-1.06920E-06,2.2650E-01
-1.06880E-06,2.3041E-01
-1.06840E-06,2.2846E-01
-1.06800E-06,2.3041E-01
-1.06760E-06,2.2943E-01
-1.06720E-06,2.3236E-01
-1.06680E-06,2.2748E-01
-1.06640E-06,2.3334E-01
-1.06600E-06,2.2943E-01
-1.06560E-06,2.2553E-01
-1.06520E-06,2.2846E-01
-1.06480E-06,2.2943E-01
-1.06440E-06,2.2846E-01
-1.06400E-06,2.3041E-01
-1.06360E-06,2.2748E-01
-1.06320E-06,2.2748E-01
-1.06280E-06,2.2650E-01
-1.06240E-06,2.3041E-01
-1.06200E-06,2.2650E-01
-1.06160E-06,2.2748E-01
-1.06120E-06,2.2748E-01
-1.06080E-06,2.2553E-01
-1.06040E-06,2.2650E-01
-1.06000E-06,2.2943E-01
-1.05960E-06,2.2748E-01
-1.05920E-06,2.2943E-01
-1.05880E-06,2.2846E-01
-1.05840E-06,2.2748E-01
-1.05800E-06,2.2650E-01
-1.05760E-06,2.3041E-01
-1.05720E-06,2.2650E-01
-1.05680E-06,2.2650E-01
-1.05640E-06,2.2943E-01
-1.05600E-06,2.2748E-01
-1.05560E-06,2.3041E-01
-1.05520E-06,2.3041E-01
-1.05480E-06,2.3041E-01
-1.05440E-06,2.2846E-01
-1.05400E-06,2.2748E-01
-1.05360E-06,2.3041E-01
-1.05320E-06,2.3041E-01
-1.05280E-06,2.3236E-01
-1.05240E-06,2.3041E-01
-1.05200E-06,2.3041E-01
-1.05160E-06,2.2748E-01
-1.05120E-06,2.2553E-01
-1.05080E-06,2.3041E-01
-1.05040E-06,2.3041E-01
-1.05000E-06,2.3041E-01
-1.04960E-06,2.2846E-01
-1.04920E-06,2.2943E-01
-1.04880E-06,2.2846E-01
-1.04840E-06,2.3041E-01
-1.04800E-06,2.2943E-01
-1.04760E-06,2.2846E-01
-1.04720E-06,2.2748E-01
-1.04680E-06,2.2748E-01
-1.04640E-06,2.2943E-01
-1.04600E-06,2.3041E-01
-1.04560E-06,2.2943E-01
-1.04520E-06,2.2943E-01
-1.04480E-06,2.2846E-01
-1.04440E-06,2.2943E-01
-1.04400E-06,2.2943E-01
-1.04360E-06,2.2748E-01
-1.04320E-06,2.2748E-01
-1.04280E-06,2.2846E-01
-1.04240E-06,2.3041E-01
-1.04200E-06,2.2650E-01
-1.04160E-06,2.3041E-01
-1.04120E-06,2.2846E-01
-1.04080E-06,2.3041E-01
-1.04040E-06,2.2748E-01
-1.04000E-06,2.2748E-01
-1.03960E-06,2.2846E-01
-1.03920E-06,2.2748E-01
-1.03880E-06,2.2748E-01
-1.03840E-06,2.3041E-01
-1.03800E-06,2.2455E-01
-1.03760E-06,2.3041E-01
-1.03720E-06,2.3139E-01
-1.03680E-06,2.2846E-01
-1.03640E-06,2.2943E-01
-1.03600E-06,2.3139E-01
-1.03560E-06,2.3139E-01
-1.03520E-06,2.3236E-01
-1.03480E-06,2.2846E-01
-1.03440E-06,2.3139E-01
-1.03400E-06,2.3139E-01
-1.03360E-06,2.3334E-01
-1.03320E-06,2.2846E-01
-1.03280E-06,2.2846E-01
-1.03240E-06,2.3041E-01
-1.03200E-06,2.3041E-01
-1.03160E-06,2.2943E-01
-1.03120E-06,2.3236E-01
-1.03080E-06,2.2846E-01
-1.03040E-06,2.3041E-01
-1.03000E-06,2.3041E-01
-1.02960E-06,2.3041E-01
-1.02920E-06,2.2943E-01
-1.02880E-06,2.2650E-01
-1.02840E-06,2.3236E-01
-1.02800E-06,2.3139E-01
-1.02760E-06,2.2748E-01
-1.02720E-06,2.2846E-01
-1.02680E-06,2.2455E-01
-1.02640E-06,2.2943E-01
-1.02600E-06,2.2846E-01
-1.02560E-06,2.2846E-01
-1.02520E-06,2.2846E-01
-1.02480E-06,2.2943E-01
-1.02440E-06,2.3041E-01
-1.02400E-06,2.2943E-01
-1.02360E-06,2.3139E-01
-1.02320E-06,2.2943E-01
-1.02280E-06,2.3041E-01
-1.02240E-06,2.3041E-01
-1.02200E-06,2.2943E-01
-1.02160E-06,2.2943E-01
-1.02120E-06,2.3041E-01
-1.02080E-06,2.3041E-01
-1.02040E-06,2.2943E-01
-1.02000E-06,2.2943E-01
-1.01960E-06,2.2846E-01
-1.01920E-06,2.2846E-01
-1.01880E-06,2.3041E-01
-1.01840E-06,2.2943E-01
-1.01800E-06,2.3041E-01
-1.01760E-06,2.2748E-01
-1.01720E-06,2.3041E-01
-1.01680E-06,2.2748E-01
-1.01640E-06,2.3041E-01
-1.01600E-06,2.3041E-01
-1.01560E-06,2.3041E-01
-1.01520E-06,2.3236E-01
-1.01480E-06,2.2943E-01
-1.01440E-06,2.3236E-01
-1.01400E-06,2.2943E-01
-1.01360E-06,2.2748E-01
-1.01320E-06,2.2846E-01
-1.01280E-06,2.3041E-01
-1.01240E-06,2.3041E-01
-1.01200E-06,2.3041E-01
-1.01160E-06,2.2846E-01
-1.01120E-06,2.2748E-01
-1.01080E-06,2.3529E-01
-1.01040E-06,2.3041E-01
-1.01000E-06,2.2748E-01
-1.00960E-06,2.2943E-01
-1.00920E-06,2.3041E-01
-1.00880E-06,2.3041E-01
-1.00840E-06,2.3041E-01
-1.00800E-06,2.2748E-01
-1.00760E-06,2.2748E-01
-1.00720E-06,2.3041E-01
-1.00680E-06,2.2748E-01
-1.00640E-06,2.3139E-01
-1.00600E-06,2.3041E-01
-1.00560E-06,2.3139E-01
-1.00520E-06,2.3041E-01
-1.00480E-06,2.2846E-01
-1.00440E-06,2.2846E-01
-1.00400E-06,2.3041E-01
-1.00360E-06,2.3041E-01
-1.00320E-06,2.2846E-01
-1.00280E-06,2.2846E-01
-1.00240E-06,2.3334E-01
-1.00200E-06,2.2846E-01
-1.00160E-06,2.2748E-01
-1.00120E-06,2.3139E-01
-1.00080E-06,2.2846E-01
-1.00040E-06,2.3041E-01
-1.00000E-06,2.3041E-01
-9.99600E-07,2.2943E-01
-9.99200E-07,2.2748E-01
-9.98800E-07,2.2943E-01
-9.98400E-07,2.2846E-01
-9.98000E-07,2.3139E-01
-9.97600E-07,2.2748E-01
-9.97200E-07,2.3041E-01
-9.96800E-07,2.2846E-01
-9.96400E-07,2.3139E-01
-9.96000E-07,2.3139E-01
-9.95600E-07,2.3041E-01
-9.95200E-07,2.3139E-01
-9.94800E-07,2.2846E-01
-9.94400E-07,2.2846E-01
-9.94000E-07,2.2748E-01
-9.93600E-07,2.2846E-01
-9.93200E-07,2.2748E-01
-9.92800E-07,2.2748E-01
-9.92400E-07,2.3139E-01
-9.92000E-07,2.2846E-01
-9.91600E-07,2.3041E-01
-9.91200E-07,2.2650E-01
-9.90800E-07,2.3139E-01
-9.90400E-07,2.2943E-01
-9.90000E-07,2.3236E-01
-9.89600E-07,2.2943E-01
-9.89200E-07,2.2943E-01
-9.88800E-07,2.3139E-01
-9.88400E-07,2.2943E-01
-9.88000E-07,2.2846E-01
-9.87600E-07,2.2943E-01
-9.87200E-07,2.2846E-01
-9.86800E-07,2.3139E-01
-9.86400E-07,2.2748E-01
-9.86000E-07,2.2846E-01
-9.85600E-07,2.3139E-01
-9.85200E-07,2.3041E-01
-9.84800E-07,2.2846E-01
-9.84400E-07,2.2943E-01
-9.84000E-07,2.2943E-01
-9.83600E-07,2.3236E-01
-9.83200E-07,2.3041E-01
-9.82800E-07,2.3041E-01
-9.82400E-07,2.3236E-01
-9.82000E-07,2.3041E-01
-9.81600E-07,2.3041E-01
-9.81200E-07,2.2748E-01
-9.80800E-07,2.2846E-01
-9.80400E-07,2.2748E-01
-9.80000E-07,2.3041E-01
-9.79600E-07,2.3236E-01
-9.79200E-07,2.3041E-01
-9.78800E-07,2.3041E-01
-9.78400E-07,2.2943E-01
-9.78000E-07,2.3139E-01
-9.77600E-07,2.3041E-01
-9.77200E-07,2.2943E-01
-9.76800E-07,2.3041E-01
-9.76400E-07,2.3041E-01
-9.76000E-07,2.3139E-01
-9.75600E-07,2.2748E-01
-9.75200E-07,2.2846E-01
-9.74800E-07,2.2943E-01
-9.74400E-07,2.2846E-01
-9.74000E-07,2.2748E-01
-9.73600E-07,2.3236E-01
-9.73200E-07,2.2943E-01
-9.72800E-07,2.2846E-01
-9.72400E-07,2.3041E-01
-9.72000E-07,2.3041E-01
-9.71600E-07,2.2943E-01
-9.71200E-07,2.3334E-01
-9.70800E-07,2.3041E-01
-9.70400E-07,2.3041E-01
-9.70000E-07,2.2943E-01
-9.69600E-07,2.2650E-01
-9.69200E-07,2.3041E-01
-9.68800E-07,2.2846E-01
-9.68400E-07,2.2748E-01
-9.68000E-07,2.3041E-01
-9.67600E-07,2.2846E-01
-9.67200E-07,2.2943E-01
-9.66800E-07,2.3041E-01
-9.66400E-07,2.2943E-01
-9.66000E-07,2.3041E-01
-9.65600E-07,2.2943E-01
-9.65200E-07,2.3041E-01
-9.64800E-07,2.3139E-01
-9.64400E-07,2.2748E-01
-9.64000E-07,2.3334E-01
-9.63600E-07,2.2846E-01
-9.63200E-07,2.3236E-01
-9.62800E-07,2.2846E-01
-9.62400E-07,2.2748E-01
-9.62000E-07,2.3139E-01
-9.61600E-07,2.3041E-01
-9.61200E-07,2.3139E-01
-9.60800E-07,2.3139E-01
-9.60400E-07,2.2943E-01
-9.60000E-07,2.3041E-01
-9.59600E-07,2.3041E-01
-9.59200E-07,2.3041E-01
-9.58800E-07,2.3236E-01
-9.58400E-07,2.3041E-01
-9.58000E-07,2.2748E-01
-9.57600E-07,2.2943E-01
-9.57200E-07,2.2650E-01
-9.56800E-07,2.3139E-01
-9.56400E-07,2.3041E-01
-9.56000E-07,2.3041E-01
-9.55600E-07,2.2943E-01
-9.55200E-07,2.2748E-01
-9.54800E-07,2.2748E-01
-9.54400E-07,2.3041E-01
-9.54000E-07,2.3139E-01
-9.53600E-07,2.3041E-01
-9.53200E-07,2.3041E-01
-9.52800E-07,2.3041E-01
-9.52400E-07,2.3139E-01
-9.52000E-07,2.3041E-01
-9.51600E-07,2.2748E-01
-9.51200E-07,2.3334E-01
-9.50800E-07,2.3041E-01
-9.50400E-07,2.3139E-01
-9.50000E-07,2.2748E-01
-9.49600E-07,2.3139E-01
-9.49200E-07,2.3041E-01
-9.48800E-07,2.2748E-01
-9.48400E-07,2.2846E-01
-9.48000E-07,2.2650E-01
-9.47600E-07,2.2846E-01
-9.47200E-07,2.2943E-01
-9.46800E-07,2.3041E-01
-9.46400E-07,2.2943E-01
-9.46000E-07,2.3334E-01
-9.45600E-07,2.3041E-01
-9.45200E-07,2.3041E-01
-9.44800E-07,2.3041E-01
-9.44400E-07,2.2650E-01
-9.44000E-07,2.2846E-01
-9.43600E-07,2.2748E-01
-9.43200E-07,2.2846E-01
-9.42800E-07,2.3139E-01
-9.42400E-07,2.2943E-01
-9.42000E-07,2.2748E-01
-9.41600E-07,2.3041E-01
-9.41200E-07,2.2943E-01
-9.40800E-07,2.3236E-01
-9.40400E-07,2.3041E-01
-9.40000E-07,2.3041E-01
-9.39600E-07,2.3236E-01
-9.39200E-07,2.3139E-01
-9.38800E-07,2.3041E-01
-9.38400E-07,2.3041E-01
-9.38000E-07,2.2846E-01
-9.37600E-07,2.2748E-01
-9.37200E-07,2.3041E-01
-9.36800E-07,2.3236E-01
-9.36400E-07,2.3041E-01
-9.36000E-07,2.3041E-01
-9.35600E-07,2.2748E-01
-9.35200E-07,2.3041E-01
-9.34800E-07,2.2748E-01
-9.34400E-07,2.2455E-01
-9.34000E-07,2.2943E-01
-9.33600E-07,2.3041E-01
-9.33200E-07,2.2943E-01
-9.32800E-07,2.2748E-01
-9.32400E-07,2.2748E-01
-9.32000E-07,2.3041E-01
-9.31600E-07,2.2748E-01
-9.31200E-07,2.3139E-01
-9.30800E-07,2.2846E-01
-9.30400E-07,2.3139E-01
-9.30000E-07,2.2748E-01
-9.29600E-07,2.2846E-01
-9.29200E-07,2.2943E-01
-9.28800E-07,2.3139E-01
-9.28400E-07,2.3041E-01
-9.28000E-07,2.2943E-01
-9.27600E-07,2.3041E-01
-9.27200E-07,2.2748E-01
-9.26800E-07,2.2943E-01
-9.26400E-07,2.3041E-01
-9.26000E-07,2.3041E-01
-9.25600E-07,2.3334E-01
-9.25200E-07,2.3041E-01
-9.24800E-07,2.3139E-01
-9.24400E-07,2.3041E-01
-9.24000E-07,2.3041E-01
-9.23600E-07,2.2846E-01
-9.23200E-07,2.2943E-01
-9.22800E-07,2.2943E-01
-9.22400E-07,2.2943E-01
-9.22000E-07,2.2943E-01
-9.21600E-07,2.3236E-01
-9.21200E-07,2.2846E-01
-9.20800E-07,2.3041E-01
-9.20400E-07,2.2846E-01
-9.20000E-07,2.2943E-01
-9.19600E-07,2.3041E-01
-9.19200E-07,2.3041E-01
-9.18800E-07,2.2455E-01
-9.18400E-07,2.3236E-01
-9.18000E-07,2.2846E-01
-9.17600E-07,2.2846E-01
-9.17200E-07,2.2650E-01
-9.16800E-07,2.2943E-01
-9.16400E-07,2.3041E-01
-9.16000E-07,2.3139E-01
-9.15600E-07,2.2846E-01
-9.15200E-07,2.2943E-01
-9.14800E-07,2.3334E-01
-9.14400E-07,2.3041E-01
-9.14000E-07,2.3041E-01
-9.13600E-07,2.3139E-01
-9.13200E-07,2.2748E-01
-9.12800E-07,2.3236E-01
-9.12400E-07,2.3041E-01
-9.12000E-07,2.2943E-01
-9.11600E-07,2.2748E-01
-9.11200E-07,2.2846E-01
-9.10800E-07,2.3041E-01
-9.10400E-07,2.3041E-01
-9.10000E-07,2.3041E-01
-9.09600E-07,2.2943E-01
-9.09200E-07,2.3139E-01
-9.08800E-07,2.3041E-01
-9.08400E-07,2.2748E-01
-9.08000E-07,2.2748E-01
-9.07600E-07,2.3041E-01
-9.07200E-07,2.2748E-01
-9.06800E-07,2.2748E-01
-9.06400E-07,2.3139E-01
-9.06000E-07,2.2943E-01
-9.05600E-07,2.3041E-01
-9.05200E-07,2.3041E-01
-9.04800E-07,2.2846E-01
-9.04400E-07,2.2943E-01
-9.04000E-07,2.3041E-01
-9.03600E-07,2.2943E-01
-9.03200E-07,2.2748E-01
-9.02800E-07,2.2846E-01
-9.02400E-07,2.2846E-01
-9.02000E-07,2.3041E-01
-9.01600E-07,2.3041E-01
-9.01200E-07,2.3041E-01
-9.00800E-07,2.2748E-01
-9.00400E-07,2.2943E-01
-9.00000E-07,2.2943E-01
-8.99600E-07,2.3041E-01
-8.99200E-07,2.2943E-01
-8.98800E-07,2.2943E-01
-8.98400E-07,2.2846E-01
-8.98000E-07,2.3041E-01
-8.97600E-07,2.2846E-01
-8.97200E-07,2.2943E-01
-8.96800E-07,2.2943E-01
-8.96400E-07,2.2846E-01
-8.96000E-07,2.2846E-01
-8.95600E-07,2.2846E-01
-8.95200E-07,2.3041E-01
-8.94800E-07,2.2748E-01
-8.94400E-07,2.2650E-01
-8.94000E-07,2.2943E-01
-8.93600E-07,2.2943E-01
-8.93200E-07,2.3139E-01
-8.92800E-07,2.3041E-01
-8.92400E-07,2.2943E-01
-8.92000E-07,2.2943E-01
-8.91600E-07,2.3139E-01
-8.91200E-07,2.3139E-01
-8.90800E-07,2.2748E-01
-8.90400E-07,2.2748E-01
-8.90000E-07,2.2846E-01
-8.89600E-07,2.2846E-01
-8.89200E-07,2.2846E-01
-8.88800E-07,2.3041E-01
-8.88400E-07,2.2846E-01
-8.88000E-07,2.3139E-01
-8.87600E-07,2.2943E-01
-8.87200E-07,2.2943E-01
-8.86800E-07,2.2846E-01
-8.86400E-07,2.3041E-01
-8.86000E-07,2.3041E-01
-8.85600E-07,2.2943E-01
-8.85200E-07,2.3041E-01
-8.84800E-07,2.2846E-01
-8.84400E-07,2.2943E-01
-8.84000E-07,2.2943E-01
-8.83600E-07,2.3041E-01
-8.83200E-07,2.2846E-01
-8.82800E-07,2.2748E-01
-8.82400E-07,2.2846E-01
-8.82000E-07,2.2943E-01
-8.81600E-07,2.3334E-01
-8.81200E-07,2.3041E-01
-8.80800E-07,2.3041E-01
-8.80400E-07,2.2846E-01
-8.80000E-07,2.3236E-01
-8.79600E-07,2.2943E-01
-8.79200E-07,2.3041E-01
-8.78800E-07,2.2943E-01
-8.78400E-07,2.3236E-01
-8.78000E-07,2.3139E-01
-8.77600E-07,2.3041E-01
-8.77200E-07,2.3236E-01
-8.76800E-07,2.3041E-01
-8.76400E-07,2.3041E-01
-8.76000E-07,2.3236E-01
-8.75600E-07,2.3041E-01
-8.75200E-07,2.3041E-01
-8.74800E-07,2.3041E-01
-8.74400E-07,2.3139E-01
-8.74000E-07,2.3139E-01
-8.73600E-07,2.3236E-01
-8.73200E-07,2.3041E-01
-8.72800E-07,2.2846E-01
-8.72400E-07,2.2748E-01
-8.72000E-07,2.3041E-01
-8.71600E-07,2.3041E-01
-8.71200E-07,2.2943E-01
-8.70800E-07,2.2943E-01
-8.70400E-07,2.2748E-01
-8.70000E-07,2.3236E-01
-8.69600E-07,2.2846E-01
-8.69200E-07,2.2846E-01
-8.68800E-07,2.3041E-01
-8.68400E-07,2.2748E-01
-8.68000E-07,2.2943E-01
-8.67600E-07,2.2943E-01
-8.67200E-07,2.3041E-01
-8.66800E-07,2.3041E-01
-8.66400E-07,2.3139E-01
-8.66000E-07,2.2943E-01
-8.65600E-07,2.2943E-01
-8.65200E-07,2.2748E-01
-8.64800E-07,2.2943E-01
-8.64400E-07,2.3041E-01
-8.64000E-07,2.2650E-01
-8.63600E-07,2.3041E-01
-8.63200E-07,2.2943E-01
-8.62800E-07,2.3041E-01
-8.62400E-07,2.3041E-01
-8.62000E-07,2.2748E-01
-8.61600E-07,2.3139E-01
-8.61200E-07,2.3041E-01
-8.60800E-07,2.3139E-01
-8.60400E-07,2.2943E-01
-8.60000E-07,2.2748E-01
-8.59600E-07,2.2943E-01
-8.59200E-07,2.2846E-01
-8.58800E-07,2.2846E-01
-8.58400E-07,2.2748E-01
-8.58000E-07,2.2748E-01
-8.57600E-07,2.2943E-01
-8.57200E-07,2.2943E-01
-8.56800E-07,2.2943E-01
-8.56400E-07,2.2943E-01
-8.56000E-07,2.3139E-01
-8.55600E-07,2.3041E-01
-8.55200E-07,2.3236E-01
-8.54800E-07,2.3041E-01
-8.54400E-07,2.3236E-01
-8.54000E-07,2.2943E-01
-8.53600E-07,2.3139E-01
-8.53200E-07,2.3041E-01
-8.52800E-07,2.3432E-01
-8.52400E-07,2.3236E-01
-8.52000E-07,2.2943E-01
-8.51600E-07,2.3236E-01
-8.51200E-07,2.2943E-01
-8.50800E-07,2.3139E-01
-8.50400E-07,2.3041E-01
-8.50000E-07,2.3334E-01
-8.49600E-07,2.3041E-01
-8.49200E-07,2.3139E-01
-8.48800E-07,2.2846E-01
-8.48400E-07,2.2846E-01
-8.48000E-07,2.3041E-01
-8.47600E-07,2.2846E-01
-8.47200E-07,2.3236E-01
-8.46800E-07,2.2943E-01
-8.46400E-07,2.3139E-01
-8.46000E-07,2.3041E-01
-8.45600E-07,2.3041E-01
-8.45200E-07,2.3139E-01
-8.44800E-07,2.2748E-01
-8.44400E-07,2.3236E-01
-8.44000E-07,2.2943E-01
-8.43600E-07,2.2846E-01
-8.43200E-07,2.2943E-01
-8.42800E-07,2.2943E-01
-8.42400E-07,2.2943E-01
-8.42000E-07,2.2846E-01
-8.41600E-07,2.2943E-01
-8.41200E-07,2.3139E-01
-8.40800E-07,2.3041E-01
-8.40400E-07,2.2943E-01
-8.40000E-07,2.2846E-01
-8.39600E-07,2.3041E-01
-8.39200E-07,2.3236E-01
-8.38800E-07,2.2846E-01
-8.38400E-07,2.2846E-01
-8.38000E-07,2.2943E-01
-8.37600E-07,2.2943E-01
-8.37200E-07,2.3432E-01
-8.36800E-07,2.3139E-01
-8.36400E-07,2.2943E-01
-8.36000E-07,2.3139E-01
-8.35600E-07,2.3334E-01
-8.35200E-07,2.2846E-01
-8.34800E-07,2.3041E-01
-8.34400E-07,2.3236E-01
-8.34000E-07,2.3041E-01
-8.33600E-07,2.3139E-01
-8.33200E-07,2.2943E-01
-8.32800E-07,2.3432E-01
-8.32400E-07,2.3334E-01
-8.32000E-07,2.2748E-01
-8.31600E-07,2.3041E-01
-8.31200E-07,2.3041E-01
-8.30800E-07,2.3334E-01
-8.30400E-07,2.3041E-01
-8.30000E-07,2.3334E-01
-8.29600E-07,2.3041E-01
-8.29200E-07,2.3041E-01
-8.28800E-07,2.3139E-01
-8.28400E-07,2.2846E-01
-8.28000E-07,2.2943E-01
-8.27600E-07,2.3041E-01
-8.27200E-07,2.3139E-01
-8.26800E-07,2.2943E-01
-8.26400E-07,2.3041E-01
-8.26000E-07,2.3139E-01
-8.25600E-07,2.3041E-01
-8.25200E-07,2.3041E-01
-8.24800E-07,2.3236E-01
-8.24400E-07,2.2748E-01
-8.24000E-07,2.2846E-01
-8.23600E-07,2.2748E-01
-8.23200E-07,2.3041E-01
-8.22800E-07,2.3041E-01
-8.22400E-07,2.2846E-01
-8.22000E-07,2.2943E-01
-8.21600E-07,2.3041E-01
-8.21200E-07,2.3334E-01
-8.20800E-07,2.2846E-01
-8.20400E-07,2.3041E-01
-8.20000E-07,2.3041E-01
-8.19600E-07,2.3334E-01
-8.19200E-07,2.2846E-01
-8.18800E-07,2.2943E-01
-8.18400E-07,2.2846E-01
-8.18000E-07,2.3236E-01
-8.17600E-07,2.2846E-01
-8.17200E-07,2.3041E-01
-8.16800E-07,2.3139E-01
-8.16400E-07,2.3041E-01
-8.16000E-07,2.2748E-01
-8.15600E-07,2.2846E-01
-8.15200E-07,2.3139E-01
-8.14800E-07,2.2943E-01
-8.14400E-07,2.2650E-01
-8.14000E-07,2.2943E-01
-8.13600E-07,2.3236E-01
-8.13200E-07,2.3334E-01
-8.12800E-07,2.3139E-01
-8.12400E-07,2.2943E-01
-8.12000E-07,2.2943E-01
-8.11600E-07,2.3236E-01
-8.11200E-07,2.2943E-01
-8.10800E-07,2.3139E-01
-8.10400E-07,2.2943E-01
-8.10000E-07,2.2846E-01
-8.09600E-07,2.2943E-01
-8.09200E-07,2.2748E-01
-8.08800E-07,2.2943E-01
-8.08400E-07,2.3139E-01
-8.08000E-07,2.2846E-01
-8.07600E-07,2.3041E-01
-8.07200E-07,2.2943E-01
-8.06800E-07,2.2943E-01
-8.06400E-07,2.2943E-01
-8.06000E-07,2.2846E-01
-8.05600E-07,2.3041E-01
-8.05200E-07,2.3139E-01
-8.04800E-07,2.3041E-01
-8.04400E-07,2.2943E-01
-8.04000E-07,2.3041E-01
-8.03600E-07,2.3041E-01
-8.03200E-07,2.3041E-01
-8.02800E-07,2.3041E-01
-8.02400E-07,2.2943E-01
-8.02000E-07,2.3236E-01
-8.01600E-07,2.3041E-01
-8.01200E-07,2.3041E-01
-8.00800E-07,2.3139E-01
-8.00400E-07,2.2943E-01
-8.00000E-07,2.3041E-01
-7.99600E-07,2.3041E-01
-7.99200E-07,2.2846E-01
-7.98800E-07,2.3139E-01
-7.98400E-07,2.2943E-01
-7.98000E-07,2.3334E-01
-7.97600E-07,2.3041E-01
-7.97200E-07,2.2943E-01
-7.96800E-07,2.3236E-01
-7.96400E-07,2.3236E-01
-7.96000E-07,2.3139E-01
-7.95600E-07,2.3139E-01
-7.95200E-07,2.2846E-01
-7.94800E-07,2.2748E-01
-7.94400E-07,2.3139E-01
-7.94000E-07,2.3041E-01
-7.93600E-07,2.2943E-01
-7.93200E-07,2.3041E-01
-7.92800E-07,2.3139E-01
-7.92400E-07,2.3041E-01
-7.92000E-07,2.3236E-01
-7.91600E-07,2.3236E-01
-7.91200E-07,2.3139E-01
-7.90800E-07,2.2943E-01
-7.90400E-07,2.3139E-01
-7.90000E-07,2.2846E-01
-7.89600E-07,2.3041E-01
-7.89200E-07,2.3139E-01
-7.88800E-07,2.2846E-01
-7.88400E-07,2.2943E-01
-7.88000E-07,2.3139E-01
-7.87600E-07,2.3236E-01
-7.87200E-07,2.2846E-01
-7.86800E-07,2.3139E-01
-7.86400E-07,2.2748E-01
-7.86000E-07,2.3334E-01
-7.85600E-07,2.2748E-01
-7.85200E-07,2.3041E-01
-7.84800E-07,2.2846E-01
-7.84400E-07,2.2943E-01
-7.84000E-07,2.2553E-01
-7.83600E-07,2.2846E-01
-7.83200E-07,2.2846E-01
-7.82800E-07,2.3139E-01
-7.82400E-07,2.3041E-01
-7.82000E-07,2.3041E-01
-7.81600E-07,2.3041E-01
-7.81200E-07,2.2943E-01
-7.80800E-07,2.2846E-01
-7.80400E-07,2.3236E-01
-7.80000E-07,2.3041E-01
-7.79600E-07,2.3041E-01
-7.79200E-07,2.3041E-01
-7.78800E-07,2.3334E-01
-7.78400E-07,2.3334E-01
-7.78000E-07,2.2748E-01
-7.77600E-07,2.3139E-01
-7.77200E-07,2.2357E-01
-7.76800E-07,2.2553E-01
-7.76400E-07,2.2748E-01
-7.76000E-07,2.3041E-01
-7.75600E-07,2.2748E-01
-7.75200E-07,2.2943E-01
-7.74800E-07,2.2650E-01
-7.74400E-07,2.2748E-01
-7.74000E-07,2.2943E-01
-7.73600E-07,2.2748E-01
-7.73200E-07,2.3041E-01
-7.72800E-07,2.3041E-01
-7.72400E-07,2.2748E-01
-7.72000E-07,2.2748E-01
-7.71600E-07,2.2748E-01
-7.71200E-07,2.2943E-01
-7.70800E-07,2.3041E-01
-7.70400E-07,2.2943E-01
-7.70000E-07,2.3139E-01
-7.69600E-07,2.2846E-01
-7.69200E-07,2.2943E-01
-7.68800E-07,2.2846E-01
-7.68400E-07,2.2943E-01
-7.68000E-07,2.2943E-01
-7.67600E-07,2.2748E-01
-7.67200E-07,2.3236E-01
-7.66800E-07,2.3041E-01
-7.66400E-07,2.3041E-01
-7.66000E-07,2.3041E-01
-7.65600E-07,2.3041E-01
-7.65200E-07,2.2846E-01
-7.64800E-07,2.2846E-01
-7.64400E-07,2.3041E-01
-7.64000E-07,2.3139E-01
-7.63600E-07,2.3041E-01
-7.63200E-07,2.2748E-01
-7.62800E-07,2.3041E-01
-7.62400E-07,2.3139E-01
-7.62000E-07,2.2846E-01
-7.61600E-07,2.3041E-01
-7.61200E-07,2.2846E-01
-7.60800E-07,2.2846E-01
-7.60400E-07,2.3334E-01
-7.60000E-07,2.2846E-01
-7.59600E-07,2.3139E-01
-7.59200E-07,2.3041E-01
-7.58800E-07,2.3041E-01
-7.58400E-07,2.3334E-01
-7.58000E-07,2.3334E-01
-7.57600E-07,2.3041E-01
-7.57200E-07,2.2748E-01
-7.56800E-07,2.3041E-01
-7.56400E-07,2.3041E-01
-7.56000E-07,2.2846E-01
-7.55600E-07,2.2943E-01
-7.55200E-07,2.2846E-01
-7.54800E-07,2.3041E-01
-7.54400E-07,2.2553E-01
-7.54000E-07,2.2943E-01
-7.53600E-07,2.3041E-01
-7.53200E-07,2.2846E-01
-7.52800E-07,2.3139E-01
-7.52400E-07,2.2846E-01
-7.52000E-07,2.3139E-01
-7.51600E-07,2.2943E-01
-7.51200E-07,2.2846E-01
-7.50800E-07,2.2748E-01
-7.50400E-07,2.2846E-01
-7.50000E-07,2.3236E-01
-7.49600E-07,2.2748E-01
-7.49200E-07,2.3236E-01
-7.48800E-07,2.3041E-01
-7.48400E-07,2.3236E-01
-7.48000E-07,2.2748E-01
-7.47600E-07,2.3236E-01
-7.47200E-07,2.3041E-01
-7.46800E-07,2.3041E-01
-7.46400E-07,2.3139E-01
-7.46000E-07,2.2943E-01
-7.45600E-07,2.3139E-01
-7.45200E-07,2.3041E-01
-7.44800E-07,2.2846E-01
-7.44400E-07,2.3236E-01
-7.44000E-07,2.2846E-01
-7.43600E-07,2.3041E-01
-7.43200E-07,2.2943E-01
-7.42800E-07,2.3041E-01
-7.42400E-07,2.2846E-01
-7.42000E-07,2.3139E-01
-7.41600E-07,2.3041E-01
-7.41200E-07,2.2846E-01
-7.40800E-07,2.3236E-01
-7.40400E-07,2.3334E-01
-7.40000E-07,2.3041E-01
-7.39600E-07,2.3236E-01
-7.39200E-07,2.2943E-01
-7.38800E-07,2.2748E-01
-7.38400E-07,2.3139E-01
-7.38000E-07,2.3139E-01
-7.37600E-07,2.3139E-01
-7.37200E-07,2.2748E-01
-7.36800E-07,2.3041E-01
-7.36400E-07,2.2846E-01
-7.36000E-07,2.2846E-01
-7.35600E-07,2.3041E-01
-7.35200E-07,2.3041E-01
-7.34800E-07,2.2943E-01
-7.34400E-07,2.3041E-01
-7.34000E-07,2.2846E-01
-7.33600E-07,2.3627E-01
-7.33200E-07,2.2943E-01
-7.32800E-07,2.3041E-01
-7.32400E-07,2.2748E-01
-7.32000E-07,2.3139E-01
-7.31600E-07,2.2748E-01
-7.31200E-07,2.2943E-01
-7.30800E-07,2.3041E-01
-7.30400E-07,2.2846E-01
-7.30000E-07,2.3139E-01
-7.29600E-07,2.2846E-01
-7.29200E-07,2.3041E-01
-7.28800E-07,2.3041E-01
-7.28400E-07,2.3334E-01
-7.28000E-07,2.3139E-01
-7.27600E-07,2.2846E-01
-7.27200E-07,2.2943E-01
-7.26800E-07,2.2650E-01
-7.26400E-07,2.3041E-01
-7.26000E-07,2.2943E-01
-7.25600E-07,2.2748E-01
-7.25200E-07,2.3139E-01
-7.24800E-07,2.3041E-01
-7.24400E-07,2.3334E-01
-7.24000E-07,2.2846E-01
-7.23600E-07,2.3334E-01
-7.23200E-07,2.2943E-01
-7.22800E-07,2.2943E-01
-7.22400E-07,2.2846E-01
-7.22000E-07,2.3041E-01
-7.21600E-07,2.3139E-01
-7.21200E-07,2.2943E-01
-7.20800E-07,2.2748E-01
-7.20400E-07,2.3236E-01
-7.20000E-07,2.3139E-01
-7.19600E-07,2.2943E-01
-7.19200E-07,2.2846E-01
-7.18800E-07,2.3236E-01
-7.18400E-07,2.3041E-01
-7.18000E-07,2.2748E-01
-7.17600E-07,2.3432E-01
-7.17200E-07,2.3236E-01
-7.16800E-07,2.3334E-01
-7.16400E-07,2.3041E-01
-7.16000E-07,2.3041E-01
-7.15600E-07,2.3334E-01
-7.15200E-07,2.3139E-01
-7.14800E-07,2.3139E-01
-7.14400E-07,2.3139E-01
-7.14000E-07,2.2846E-01
-7.13600E-07,2.3236E-01
-7.13200E-07,2.2846E-01
-7.12800E-07,2.2943E-01
-7.12400E-07,2.3041E-01
-7.12000E-07,2.3041E-01
-7.11600E-07,2.3334E-01
-7.11200E-07,2.2846E-01
-7.10800E-07,2.2943E-01
-7.10400E-07,2.2943E-01
-7.10000E-07,2.3139E-01
-7.09600E-07,2.3041E-01
-7.09200E-07,2.3236E-01
-7.08800E-07,2.3041E-01
-7.08400E-07,2.3041E-01
-7.08000E-07,2.3041E-01
-7.07600E-07,2.3041E-01
-7.07200E-07,2.2748E-01
-7.06800E-07,2.3041E-01
-7.06400E-07,2.3139E-01
-7.06000E-07,2.3334E-01
-7.05600E-07,2.3041E-01
-7.05200E-07,2.3334E-01
-7.04800E-07,2.2650E-01
-7.04400E-07,2.3041E-01
-7.04000E-07,2.2846E-01
-7.03600E-07,2.3041E-01
-7.03200E-07,2.3236E-01
-7.02800E-07,2.3432E-01
-7.02400E-07,2.3236E-01
-7.02000E-07,2.3334E-01
-7.01600E-07,2.3139E-01
-7.01200E-07,2.3041E-01
-7.00800E-07,2.3334E-01
-7.00400E-07,2.3041E-01
-7.00000E-07,2.3236E-01
-6.99600E-07,2.3236E-01
-6.99200E-07,2.3041E-01
-6.98800E-07,2.2846E-01
-6.98400E-07,2.2943E-01
-6.98000E-07,2.3334E-01
-6.97600E-07,2.2943E-01
-6.97200E-07,2.3041E-01
-6.96800E-07,2.2943E-01
-6.96400E-07,2.3139E-01
-6.96000E-07,2.3041E-01
-6.95600E-07,2.2846E-01
-6.95200E-07,2.3139E-01
-6.94800E-07,2.2943E-01
-6.94400E-07,2.2943E-01
-6.94000E-07,2.3432E-01
-6.93600E-07,2.2748E-01
-6.93200E-07,2.2943E-01
-6.92800E-07,2.3236E-01
-6.92400E-07,2.2748E-01
-6.92000E-07,2.2650E-01
-6.91600E-07,2.3236E-01
-6.91200E-07,2.2943E-01
-6.90800E-07,2.3041E-01
-6.90400E-07,2.3334E-01
-6.90000E-07,2.3041E-01
-6.89600E-07,2.3236E-01
-6.89200E-07,2.2748E-01
-6.88800E-07,2.3236E-01
-6.88400E-07,2.3139E-01
-6.88000E-07,2.3236E-01
-6.87600E-07,2.2846E-01
-6.87200E-07,2.3432E-01
-6.86800E-07,2.3041E-01
-6.86400E-07,2.3334E-01
-6.86000E-07,2.3041E-01
-6.85600E-07,2.2846E-01
-6.85200E-07,2.2943E-01
-6.84800E-07,2.3041E-01
-6.84400E-07,2.2846E-01
-6.84000E-07,2.2748E-01
-6.83600E-07,2.2846E-01
-6.83200E-07,2.3041E-01
-6.82800E-07,2.3041E-01
-6.82400E-07,2.2846E-01
-6.82000E-07,2.2846E-01
-6.81600E-07,2.3041E-01
-6.81200E-07,2.3236E-01
-6.80800E-07,2.3139E-01
-6.80400E-07,2.3236E-01
-6.80000E-07,2.3041E-01
-6.79600E-07,2.2748E-01
-6.79200E-07,2.2943E-01
-6.78800E-07,2.3139E-01
-6.78400E-07,2.2943E-01
-6.78000E-07,2.3139E-01
-6.77600E-07,2.2846E-01
-6.77200E-07,2.3236E-01
-6.76800E-07,2.2943E-01
-6.76400E-07,2.2943E-01
-6.76000E-07,2.2846E-01
-6.75600E-07,2.2846E-01
-6.75200E-07,2.3236E-01
-6.74800E-07,2.2846E-01
-6.74400E-07,2.2943E-01
-6.74000E-07,2.2943E-01
-6.73600E-07,2.2748E-01
-6.73200E-07,2.3041E-01
-6.72800E-07,2.2943E-01
-6.72400E-07,2.3041E-01
-6.72000E-07,2.3139E-01
-6.71600E-07,2.3236E-01
-6.71200E-07,2.2846E-01
-6.70800E-07,2.3236E-01
-6.70400E-07,2.3041E-01
-6.70000E-07,2.3236E-01
-6.69600E-07,2.2943E-01
-6.69200E-07,2.2846E-01
-6.68800E-07,2.3432E-01
-6.68400E-07,2.3041E-01
-6.68000E-07,2.2943E-01
-6.67600E-07,2.3041E-01
-6.67200E-07,2.3334E-01
-6.66800E-07,2.3041E-01
-6.66400E-07,2.3041E-01
-6.66000E-07,2.3041E-01
-6.65600E-07,2.2748E-01
-6.65200E-07,2.2943E-01
-6.64800E-07,2.3041E-01
-6.64400E-07,2.3334E-01
-6.64000E-07,2.3041E-01
-6.63600E-07,2.3236E-01
-6.63200E-07,2.2846E-01
-6.62800E-07,2.3236E-01
-6.62400E-07,2.3041E-01
-6.62000E-07,2.3041E-01
-6.61600E-07,2.3236E-01
-6.61200E-07,2.3139E-01
-6.60800E-07,2.2748E-01
-6.60400E-07,2.3139E-01
-6.60000E-07,2.3139E-01
-6.59600E-07,2.3139E-01
-6.59200E-07,2.3334E-01
-6.58800E-07,2.3139E-01
-6.58400E-07,2.2846E-01
-6.58000E-07,2.2846E-01
-6.57600E-07,2.3139E-01
-6.57200E-07,2.3041E-01
-6.56800E-07,2.3529E-01
-6.56400E-07,2.3236E-01
-6.56000E-07,2.3432E-01
-6.55600E-07,2.3041E-01
-6.55200E-07,2.3041E-01
-6.54800E-07,2.3236E-01
-6.54400E-07,2.3041E-01
-6.54000E-07,2.2943E-01
-6.53600E-07,2.3432E-01
-6.53200E-07,2.3432E-01
-6.52800E-07,2.3041E-01
-6.52400E-07,2.3041E-01
-6.52000E-07,2.3139E-01
-6.51600E-07,2.3236E-01
-6.51200E-07,2.3236E-01
-6.50800E-07,2.3236E-01
-6.50400E-07,2.3334E-01
-6.50000E-07,2.2943E-01
-6.49600E-07,2.3139E-01
-6.49200E-07,2.3041E-01
-6.48800E-07,2.3236E-01
-6.48400E-07,2.2748E-01
-6.48000E-07,2.3041E-01
-6.47600E-07,2.3041E-01
-6.47200E-07,2.3139E-01
-6.46800E-07,2.3334E-01
-6.46400E-07,2.2943E-01
-6.46000E-07,2.3041E-01
-6.45600E-07,2.3041E-01
-6.45200E-07,2.2846E-01
-6.44800E-07,2.2748E-01
-6.44400E-07,2.3139E-01
-6.44000E-07,2.3041E-01
-6.43600E-07,2.3041E-01
-6.43200E-07,2.3236E-01
-6.42800E-07,2.3432E-01
-6.42400E-07,2.3334E-01
-6.42000E-07,2.3139E-01
-6.41600E-07,2.3041E-01
-6.41200E-07,2.3139E-01
-6.40800E-07,2.3334E-01
-6.40400E-07,2.3236E-01
-6.40000E-07,2.2846E-01
-6.39600E-07,2.3236E-01
-6.39200E-07,2.3139E-01
-6.38800E-07,2.3334E-01
-6.38400E-07,2.3041E-01
-6.38000E-07,2.3334E-01
-6.37600E-07,2.3432E-01
-6.37200E-07,2.3139E-01
-6.36800E-07,2.3432E-01
-6.36400E-07,2.3139E-01
-6.36000E-07,2.3236E-01
-6.35600E-07,2.3236E-01
-6.35200E-07,2.3041E-01
-6.34800E-07,2.3041E-01
-6.34400E-07,2.3139E-01
-6.34000E-07,2.3041E-01
-6.33600E-07,2.3041E-01
-6.33200E-07,2.3041E-01
-6.32800E-07,2.2943E-01
-6.32400E-07,2.3725E-01
-6.32000E-07,2.2943E-01
-6.31600E-07,2.3334E-01
-6.31200E-07,2.3139E-01
-6.30800E-07,2.3139E-01
-6.30400E-07,2.3041E-01
-6.30000E-07,2.2943E-01
-6.29600E-07,2.3041E-01
-6.29200E-07,2.3432E-01
-6.28800E-07,2.3236E-01
-6.28400E-07,2.3139E-01
-6.28000E-07,2.3236E-01
-6.27600E-07,2.3139E-01
-6.27200E-07,2.3334E-01
-6.26800E-07,2.3041E-01
-6.26400E-07,2.3236E-01
-6.26000E-07,2.3334E-01
-6.25600E-07,2.3236E-01
-6.25200E-07,2.2846E-01
-6.24800E-07,2.3432E-01
-6.24400E-07,2.3041E-01
-6.24000E-07,2.2748E-01
-6.23600E-07,2.3139E-01
-6.23200E-07,2.3139E-01
-6.22800E-07,2.3041E-01
-6.22400E-07,2.3041E-01
-6.22000E-07,2.3236E-01
-6.21600E-07,2.3139E-01
-6.21200E-07,2.2943E-01
-6.20800E-07,2.2943E-01
-6.20400E-07,2.3041E-01
-6.20000E-07,2.3041E-01
-6.19600E-07,2.3139E-01
-6.19200E-07,2.2846E-01
-6.18800E-07,2.2943E-01
-6.18400E-07,2.3236E-01
-6.18000E-07,2.3334E-01
-6.17600E-07,2.3139E-01
-6.17200E-07,2.3432E-01
-6.16800E-07,2.3139E-01
-6.16400E-07,2.3334E-01
-6.16000E-07,2.3139E-01
-6.15600E-07,2.3041E-01
-6.15200E-07,2.3529E-01
-6.14800E-07,2.3432E-01
-6.14400E-07,2.3236E-01
-6.14000E-07,2.3041E-01
-6.13600E-07,2.3432E-01
-6.13200E-07,2.3236E-01
-6.12800E-07,2.2943E-01
-6.12400E-07,2.3334E-01
-6.12000E-07,2.3236E-01
-6.11600E-07,2.2943E-01
-6.11200E-07,2.3139E-01
-6.10800E-07,2.3041E-01
-6.10400E-07,2.3139E-01
-6.10000E-07,2.2846E-01
-6.09600E-07,2.2943E-01
-6.09200E-07,2.3432E-01
-6.08800E-07,2.3041E-01
-6.08400E-07,2.3334E-01
-6.08000E-07,2.3236E-01
-6.07600E-07,2.3432E-01
-6.07200E-07,2.3334E-01
-6.06800E-07,2.3432E-01
-6.06400E-07,2.3139E-01
-6.06000E-07,2.3334E-01
-6.05600E-07,2.3041E-01
-6.05200E-07,2.3041E-01
-6.04800E-07,2.3139E-01
-6.04400E-07,2.2846E-01
-6.04000E-07,2.2943E-01
-6.03600E-07,2.3139E-01
-6.03200E-07,2.2846E-01
-6.02800E-07,2.3236E-01
-6.02400E-07,2.3139E-01
-6.02000E-07,2.2943E-01
-6.01600E-07,2.3139E-01
-6.01200E-07,2.3041E-01
-6.00800E-07,2.3139E-01
-6.00400E-07,2.3139E-01
-6.00000E-07,2.3236E-01
-5.99600E-07,2.3139E-01
-5.99200E-07,2.3529E-01
-5.98800E-07,2.3139E-01
-5.98400E-07,2.3334E-01
-5.98000E-07,2.2846E-01
-5.97600E-07,2.3041E-01
-5.97200E-07,2.3041E-01
-5.96800E-07,2.3139E-01
-5.96400E-07,2.2943E-01
-5.96000E-07,2.3139E-01
-5.95600E-07,2.3139E-01
-5.95200E-07,2.3334E-01
-5.94800E-07,2.3139E-01
-5.94400E-07,2.2748E-01
-5.94000E-07,2.2943E-01
-5.93600E-07,2.3334E-01
-5.93200E-07,2.3139E-01
-5.92800E-07,2.3139E-01
-5.92400E-07,2.2943E-01
-5.92000E-07,2.3236E-01
-5.91600E-07,2.3432E-01
-5.91200E-07,2.3236E-01
-5.90800E-07,2.3236E-01
-5.90400E-07,2.3334E-01
-5.90000E-07,2.3334E-01
-5.89600E-07,2.2943E-01
-5.89200E-07,2.2943E-01
-5.88800E-07,2.2846E-01
-5.88400E-07,2.3139E-01
-5.88000E-07,2.3139E-01
-5.87600E-07,2.3139E-01
-5.87200E-07,2.3139E-01
-5.86800E-07,2.3334E-01
-5.86400E-07,2.3334E-01
-5.86000E-07,2.3139E-01
-5.85600E-07,2.3139E-01
-5.85200E-07,2.2943E-01
-5.84800E-07,2.3139E-01
-5.84400E-07,2.2943E-01
-5.84000E-07,2.3139E-01
-5.83600E-07,2.3041E-01
-5.83200E-07,2.3041E-01
-5.82800E-07,2.3139E-01
-5.82400E-07,2.2943E-01
-5.82000E-07,2.3041E-01
-5.81600E-07,2.2846E-01
-5.81200E-07,2.3041E-01
-5.80800E-07,2.3139E-01
-5.80400E-07,2.3041E-01
-5.80000E-07,2.2943E-01
-5.79600E-07,2.3236E-01
-5.79200E-07,2.3139E-01
-5.78800E-07,2.3041E-01
-5.78400E-07,2.3334E-01
-5.78000E-07,2.2748E-01
-5.77600E-07,2.3041E-01
-5.77200E-07,2.3236E-01
-5.76800E-07,2.3041E-01
-5.76400E-07,2.3334E-01
-5.76000E-07,2.3041E-01
-5.75600E-07,2.3139E-01
-5.75200E-07,2.3041E-01
-5.74800E-07,2.3334E-01
-5.74400E-07,2.3139E-01
-5.74000E-07,2.2748E-01
-5.73600E-07,2.3334E-01
-5.73200E-07,2.3432E-01
-5.72800E-07,2.3334E-01
-5.72400E-07,2.3041E-01
-5.72000E-07,2.3334E-01
-5.71600E-07,2.3236E-01
-5.71200E-07,2.3041E-01
-5.70800E-07,2.3041E-01
-5.70400E-07,2.2846E-01
-5.70000E-07,2.3334E-01
-5.69600E-07,2.3334E-01
-5.69200E-07,2.3334E-01
-5.68800E-07,2.3139E-01
-5.68400E-07,2.3236E-01
-5.68000E-07,2.3139E-01
-5.67600E-07,2.3139E-01
-5.67200E-07,2.3236E-01
-5.66800E-07,2.2748E-01
-5.66400E-07,2.3139E-01
-5.66000E-07,2.3041E-01
-5.65600E-07,2.3334E-01
-5.65200E-07,2.3041E-01
-5.64800E-07,2.2943E-01
-5.64400E-07,2.3139E-01
-5.64000E-07,2.3432E-01
-5.63600E-07,2.3334E-01
-5.63200E-07,2.3041E-01
-5.62800E-07,2.3236E-01
-5.62400E-07,2.3139E-01
-5.62000E-07,2.3139E-01
-5.61600E-07,2.3041E-01
-5.61200E-07,2.3041E-01
-5.60800E-07,2.3139E-01
-5.60400E-07,2.3236E-01
-5.60000E-07,2.3236E-01
-5.59600E-07,2.2943E-01
-5.59200E-07,2.3432E-01
-5.58800E-07,2.3139E-01
-5.58400E-07,2.3334E-01
-5.58000E-07,2.3041E-01
-5.57600E-07,2.3334E-01
-5.57200E-07,2.3334E-01
-5.56800E-07,2.3139E-01
-5.56400E-07,2.3236E-01
-5.56000E-07,2.3041E-01
-5.55600E-07,2.3139E-01
-5.55200E-07,2.3139E-01
-5.54800E-07,2.3236E-01
-5.54400E-07,2.3041E-01
-5.54000E-07,2.3041E-01
-5.53600E-07,2.3236E-01
-5.53200E-07,2.3236E-01
-5.52800E-07,2.2943E-01
-5.52400E-07,2.3236E-01
-5.52000E-07,2.3041E-01
-5.51600E-07,2.3236E-01
-5.51200E-07,2.3334E-01
-5.50800E-07,2.3236E-01
-5.50400E-07,2.3432E-01
-5.50000E-07,2.3236E-01
-5.49600E-07,2.3139E-01
-5.49200E-07,2.3236E-01
-5.48800E-07,2.3236E-01
-5.48400E-07,2.2846E-01
-5.48000E-07,2.2943E-01
-5.47600E-07,2.3041E-01
-5.47200E-07,2.3139E-01
-5.46800E-07,2.3236E-01
-5.46400E-07,2.3236E-01
-5.46000E-07,2.3041E-01
-5.45600E-07,2.3041E-01
-5.45200E-07,2.3041E-01
-5.44800E-07,2.3236E-01
-5.44400E-07,2.2846E-01
-5.44000E-07,2.3139E-01
-5.43600E-07,2.3236E-01
-5.43200E-07,2.3041E-01
-5.42800E-07,2.3334E-01
-5.42400E-07,2.3334E-01
-5.42000E-07,2.2943E-01
-5.41600E-07,2.3139E-01
-5.41200E-07,2.3041E-01
-5.40800E-07,2.3139E-01
-5.40400E-07,2.3041E-01
-5.40000E-07,2.3627E-01
-5.39600E-07,2.3041E-01
-5.39200E-07,2.3041E-01
-5.38800E-07,2.3236E-01
-5.38400E-07,2.3139E-01
-5.38000E-07,2.3236E-01
-5.37600E-07,2.3334E-01
-5.37200E-07,2.3139E-01
-5.36800E-07,2.3041E-01
-5.36400E-07,2.3334E-01
-5.36000E-07,2.3041E-01
-5.35600E-07,2.3334E-01
-5.35200E-07,2.3041E-01
-5.34800E-07,2.2943E-01
-5.34400E-07,2.3236E-01
-5.34000E-07,2.2943E-01
-5.33600E-07,2.3041E-01
-5.33200E-07,2.3041E-01
-5.32800E-07,2.3041E-01
-5.32400E-07,2.2846E-01
-5.32000E-07,2.3041E-01
-5.31600E-07,2.3236E-01
-5.31200E-07,2.3139E-01
-5.30800E-07,2.3041E-01
-5.30400E-07,2.3041E-01
-5.30000E-07,2.3041E-01
-5.29600E-07,2.3432E-01
-5.29200E-07,2.3139E-01
-5.28800E-07,2.2943E-01
-5.28400E-07,2.3041E-01
-5.28000E-07,2.3334E-01
-5.27600E-07,2.2943E-01
-5.27200E-07,2.3139E-01
-5.26800E-07,2.3041E-01
-5.26400E-07,2.3139E-01
-5.26000E-07,2.2846E-01
-5.25600E-07,2.3041E-01
-5.25200E-07,2.3041E-01
-5.24800E-07,2.2943E-01
-5.24400E-07,2.3139E-01
-5.24000E-07,2.3041E-01
-5.23600E-07,2.3139E-01
-5.23200E-07,2.3236E-01
-5.22800E-07,2.3041E-01
-5.22400E-07,2.3236E-01
-5.22000E-07,2.3139E-01
-5.21600E-07,2.3236E-01
-5.21200E-07,2.3236E-01
-5.20800E-07,2.3432E-01
-5.20400E-07,2.3139E-01
-5.20000E-07,2.3334E-01
-5.19600E-07,2.3139E-01
-5.19200E-07,2.3236E-01
-5.18800E-07,2.3627E-01
-5.18400E-07,2.3432E-01
-5.18000E-07,2.3432E-01
-5.17600E-07,2.3139E-01
-5.17200E-07,2.3236E-01
-5.16800E-07,2.3334E-01
-5.16400E-07,2.3236E-01
-5.16000E-07,2.3334E-01
-5.15600E-07,2.3139E-01
-5.15200E-07,2.3334E-01
-5.14800E-07,2.3041E-01
-5.14400E-07,2.3041E-01
-5.14000E-07,2.3041E-01
-5.13600E-07,2.3432E-01
-5.13200E-07,2.3432E-01
-5.12800E-07,2.3334E-01
-5.12400E-07,2.3041E-01
-5.12000E-07,2.3139E-01
-5.11600E-07,2.3529E-01
-5.11200E-07,2.3334E-01
-5.10800E-07,2.3334E-01
-5.10400E-07,2.3334E-01
-5.10000E-07,2.3139E-01
-5.09600E-07,2.3236E-01
-5.09200E-07,2.2943E-01
-5.08800E-07,2.3334E-01
-5.08400E-07,2.2943E-01
-5.08000E-07,2.3139E-01
-5.07600E-07,2.3529E-01
-5.07200E-07,2.3236E-01
-5.06800E-07,2.3334E-01
-5.06400E-07,2.3725E-01
-5.06000E-07,2.3139E-01
-5.05600E-07,2.3041E-01
-5.05200E-07,2.3627E-01
-5.04800E-07,2.3432E-01
-5.04400E-07,2.2943E-01
-5.04000E-07,2.3334E-01
-5.03600E-07,2.3334E-01
-5.03200E-07,2.3627E-01
-5.02800E-07,2.3334E-01
-5.02400E-07,2.3529E-01
-5.02000E-07,2.3432E-01
-5.01600E-07,2.3236E-01
-5.01200E-07,2.3236E-01
-5.00800E-07,2.3236E-01
-5.00400E-07,2.3139E-01
-5.00000E-07,2.3139E-01
-4.99600E-07,2.3334E-01
-4.99200E-07,2.3139E-01
-4.98800E-07,2.3334E-01
-4.98400E-07,2.3236E-01
-4.98000E-07,2.3139E-01
-4.97600E-07,2.3236E-01
-4.97200E-07,2.3041E-01
-4.96800E-07,2.3334E-01
-4.96400E-07,2.3334E-01
-4.96000E-07,2.3432E-01
-4.95600E-07,2.3041E-01
-4.95200E-07,2.3236E-01
-4.94800E-07,2.3139E-01
-4.94400E-07,2.3334E-01
-4.94000E-07,2.3334E-01
-4.93600E-07,2.3432E-01
-4.93200E-07,2.3139E-01
-4.92800E-07,2.3236E-01
-4.92400E-07,2.3432E-01
-4.92000E-07,2.2846E-01
-4.91600E-07,2.3236E-01
-4.91200E-07,2.3041E-01
-4.90800E-07,2.3041E-01
-4.90400E-07,2.3236E-01
-4.90000E-07,2.3432E-01
-4.89600E-07,2.3334E-01
-4.89200E-07,2.3529E-01
-4.88800E-07,2.3041E-01
-4.88400E-07,2.3041E-01
-4.88000E-07,2.3041E-01
-4.87600E-07,2.3432E-01
-4.87200E-07,2.3236E-01
-4.86800E-07,2.3432E-01
-4.86400E-07,2.3139E-01
-4.86000E-07,2.3139E-01
-4.85600E-07,2.3432E-01
-4.85200E-07,2.3334E-01
-4.84800E-07,2.3236E-01
-4.84400E-07,2.3334E-01
-4.84000E-07,2.3334E-01
-4.83600E-07,2.3236E-01
-4.83200E-07,2.3334E-01
-4.82800E-07,2.3236E-01
-4.82400E-07,2.2846E-01
-4.82000E-07,2.3334E-01
-4.81600E-07,2.3432E-01
-4.81200E-07,2.3432E-01
-4.80800E-07,2.3334E-01
-4.80400E-07,2.3334E-01
-4.80000E-07,2.3334E-01
-4.79600E-07,2.3334E-01
-4.79200E-07,2.3236E-01
-4.78800E-07,2.3529E-01
-4.78400E-07,2.3139E-01
-4.78000E-07,2.3236E-01
-4.77600E-07,2.3139E-01
-4.77200E-07,2.3334E-01
-4.76800E-07,2.3236E-01
-4.76400E-07,2.3334E-01
-4.76000E-07,2.3334E-01
-4.75600E-07,2.3432E-01
-4.75200E-07,2.3627E-01
-4.74800E-07,2.3139E-01
-4.74400E-07,2.3334E-01
-4.74000E-07,2.3432E-01
-4.73600E-07,2.3432E-01
-4.73200E-07,2.3041E-01
-4.72800E-07,2.3432E-01
-4.72400E-07,2.3432E-01
-4.72000E-07,2.3432E-01
-4.71600E-07,2.3236E-01
-4.71200E-07,2.3627E-01
-4.70800E-07,2.3041E-01
-4.70400E-07,2.3334E-01
-4.70000E-07,2.3432E-01
-4.69600E-07,2.3041E-01
-4.69200E-07,2.3139E-01
-4.68800E-07,2.3334E-01
-4.68400E-07,2.3627E-01
-4.68000E-07,2.3334E-01
-4.67600E-07,2.3236E-01
-4.67200E-07,2.3041E-01
-4.66800E-07,2.3041E-01
-4.66400E-07,2.3139E-01
-4.66000E-07,2.3334E-01
-4.65600E-07,2.3139E-01
-4.65200E-07,2.3334E-01
-4.64800E-07,2.3334E-01
-4.64400E-07,2.3236E-01
-4.64000E-07,2.3334E-01
-4.63600E-07,2.3334E-01
-4.63200E-07,2.3432E-01
-4.62800E-07,2.3139E-01
-4.62400E-07,2.3334E-01
-4.62000E-07,2.3432E-01
-4.61600E-07,2.3432E-01
-4.61200E-07,2.3627E-01
-4.60800E-07,2.3432E-01
-4.60400E-07,2.3432E-01
-4.60000E-07,2.3041E-01
-4.59600E-07,2.3334E-01
-4.59200E-07,2.3334E-01
-4.58800E-07,2.3627E-01
-4.58400E-07,2.3432E-01
-4.58000E-07,2.3041E-01
-4.57600E-07,2.3236E-01
-4.57200E-07,2.3432E-01
-4.56800E-07,2.3432E-01
-4.56400E-07,2.3334E-01
-4.56000E-07,2.3627E-01
-4.55600E-07,2.3432E-01
-4.55200E-07,2.3529E-01
-4.54800E-07,2.3041E-01
-4.54400E-07,2.2943E-01
-4.54000E-07,2.3334E-01
-4.53600E-07,2.3236E-01
-4.53200E-07,2.3432E-01
-4.52800E-07,2.3334E-01
-4.52400E-07,2.3334E-01
-4.52000E-07,2.3627E-01
-4.51600E-07,2.3236E-01
-4.51200E-07,2.3432E-01
-4.50800E-07,2.3432E-01
-4.50400E-07,2.3334E-01
-4.50000E-07,2.3236E-01
-4.49600E-07,2.3139E-01
-4.49200E-07,2.3432E-01
-4.48800E-07,2.3236E-01
-4.48400E-07,2.3334E-01
-4.48000E-07,2.3334E-01
-4.47600E-07,2.3334E-01
-4.47200E-07,2.3139E-01
-4.46800E-07,2.3236E-01
-4.46400E-07,2.3041E-01
-4.46000E-07,2.3432E-01
-4.45600E-07,2.2943E-01
-4.45200E-07,2.3627E-01
-4.44800E-07,2.3139E-01
-4.44400E-07,2.3139E-01
-4.44000E-07,2.3432E-01
-4.43600E-07,2.2846E-01
-4.43200E-07,2.3432E-01
-4.42800E-07,2.3334E-01
-4.42400E-07,2.3139E-01
-4.42000E-07,2.3334E-01
-4.41600E-07,2.3334E-01
-4.41200E-07,2.3236E-01
-4.40800E-07,2.3432E-01
-4.40400E-07,2.3432E-01
-4.40000E-07,2.3139E-01
-4.39600E-07,2.3529E-01
-4.39200E-07,2.3627E-01
-4.38800E-07,2.3432E-01
-4.38400E-07,2.3432E-01
-4.38000E-07,2.3529E-01
-4.37600E-07,2.3432E-01
-4.37200E-07,2.3236E-01
-4.36800E-07,2.3334E-01
-4.36400E-07,2.3334E-01
-4.36000E-07,2.3236E-01
-4.35600E-07,2.3529E-01
-4.35200E-07,2.3432E-01
-4.34800E-07,2.3334E-01
-4.34400E-07,2.3432E-01
-4.34000E-07,2.3432E-01
-4.33600E-07,2.3139E-01
-4.33200E-07,2.3041E-01
-4.32800E-07,2.3334E-01
-4.32400E-07,2.3334E-01
-4.32000E-07,2.3529E-01
-4.31600E-07,2.3432E-01
-4.31200E-07,2.3627E-01
-4.30800E-07,2.3334E-01
-4.30400E-07,2.3041E-01
-4.30000E-07,2.3139E-01
-4.29600E-07,2.3432E-01
-4.29200E-07,2.3432E-01
-4.28800E-07,2.3139E-01
-4.28400E-07,2.3236E-01
-4.28000E-07,2.3236E-01
-4.27600E-07,2.3334E-01
-4.27200E-07,2.3334E-01
-4.26800E-07,2.3041E-01
-4.26400E-07,2.3529E-01
-4.26000E-07,2.3334E-01
-4.25600E-07,2.3139E-01
-4.25200E-07,2.3041E-01
-4.24800E-07,2.3236E-01
-4.24400E-07,2.3236E-01
-4.24000E-07,2.3236E-01
-4.23600E-07,2.3139E-01
-4.23200E-07,2.3139E-01
-4.22800E-07,2.3236E-01
-4.22400E-07,2.3432E-01
-4.22000E-07,2.3236E-01
-4.21600E-07,2.3139E-01
-4.21200E-07,2.3236E-01
-4.20800E-07,2.3432E-01
-4.20400E-07,2.2943E-01
-4.20000E-07,2.3334E-01
-4.19600E-07,2.3041E-01
-4.19200E-07,2.3432E-01
-4.18800E-07,2.2846E-01
-4.18400E-07,2.3432E-01
-4.18000E-07,2.3139E-01
-4.17600E-07,2.3432E-01
-4.17200E-07,2.3139E-01
-4.16800E-07,2.3627E-01
-4.16400E-07,2.3334E-01
-4.16000E-07,2.3236E-01
-4.15600E-07,2.3139E-01
-4.15200E-07,2.3139E-01
-4.14800E-07,2.3529E-01
-4.14400E-07,2.3139E-01
-4.14000E-07,2.3236E-01
-4.13600E-07,2.2846E-01
-4.13200E-07,2.3139E-01
-4.12800E-07,2.3334E-01
-4.12400E-07,2.3725E-01
-4.12000E-07,2.3334E-01
-4.11600E-07,2.3725E-01
-4.11200E-07,2.3627E-01
-4.10800E-07,2.3529E-01
-4.10400E-07,2.3041E-01
-4.10000E-07,2.3432E-01
-4.09600E-07,2.3432E-01
-4.09200E-07,2.3432E-01
-4.08800E-07,2.3432E-01
-4.08400E-07,2.3432E-01
-4.08000E-07,2.3139E-01
-4.07600E-07,2.2943E-01
-4.07200E-07,2.3334E-01
-4.06800E-07,2.3334E-01
-4.06400E-07,2.3139E-01
-4.06000E-07,2.3725E-01
-4.05600E-07,2.3334E-01
-4.05200E-07,2.3432E-01
-4.04800E-07,2.3432E-01
-4.04400E-07,2.3334E-01
-4.04000E-07,2.3432E-01
-4.03600E-07,2.3041E-01
-4.03200E-07,2.3041E-01
-4.02800E-07,2.3334E-01
-4.02400E-07,2.3334E-01
-4.02000E-07,2.3334E-01
-4.01600E-07,2.3432E-01
-4.01200E-07,2.3236E-01
-4.00800E-07,2.3432E-01
-4.00400E-07,2.3041E-01
-4.00000E-07,2.3334E-01
-3.99600E-07,2.3432E-01
-3.99200E-07,2.3139E-01
-3.98800E-07,2.3139E-01
-3.98400E-07,2.3334E-01
-3.98000E-07,2.3529E-01
-3.97600E-07,2.3725E-01
-3.97200E-07,2.3334E-01
-3.96800E-07,2.3432E-01
-3.96400E-07,2.3432E-01
-3.96000E-07,2.3041E-01
-3.95600E-07,2.3529E-01
-3.95200E-07,2.3139E-01
-3.94800E-07,2.3041E-01
-3.94400E-07,2.3432E-01
-3.94000E-07,2.3236E-01
-3.93600E-07,2.3432E-01
-3.93200E-07,2.3432E-01
-3.92800E-07,2.3236E-01
-3.92400E-07,2.3236E-01
-3.92000E-07,2.3432E-01
-3.91600E-07,2.3041E-01
-3.91200E-07,2.3041E-01
-3.90800E-07,2.3139E-01
-3.90400E-07,2.3236E-01
-3.90000E-07,2.2846E-01
-3.89600E-07,2.3041E-01
-3.89200E-07,2.3627E-01
-3.88800E-07,2.3627E-01
-3.88400E-07,2.3041E-01
-3.88000E-07,2.3236E-01
-3.87600E-07,2.3041E-01
-3.87200E-07,2.2943E-01
-3.86800E-07,2.3139E-01
-3.86400E-07,2.3334E-01
-3.86000E-07,2.3334E-01
-3.85600E-07,2.3139E-01
-3.85200E-07,2.3334E-01
-3.84800E-07,2.3139E-01
-3.84400E-07,2.3236E-01
-3.84000E-07,2.3041E-01
-3.83600E-07,2.3041E-01
-3.83200E-07,2.3139E-01
-3.82800E-07,2.3529E-01
-3.82400E-07,2.3236E-01
-3.82000E-07,2.3139E-01
-3.81600E-07,2.3334E-01
-3.81200E-07,2.3334E-01
-3.80800E-07,2.3529E-01
-3.80400E-07,2.2846E-01
-3.80000E-07,2.3334E-01
-3.79600E-07,2.3334E-01
-3.79200E-07,2.2943E-01
-3.78800E-07,2.3041E-01
-3.78400E-07,2.3139E-01
-3.78000E-07,2.3432E-01
-3.77600E-07,2.3529E-01
-3.77200E-07,2.3041E-01
-3.76800E-07,2.3041E-01
-3.76400E-07,2.3236E-01
-3.76000E-07,2.3139E-01
-3.75600E-07,2.3432E-01
-3.75200E-07,2.3529E-01
-3.74800E-07,2.3334E-01
-3.74400E-07,2.3627E-01
-3.74000E-07,2.3725E-01
-3.73600E-07,2.3334E-01
-3.73200E-07,2.3529E-01
-3.72800E-07,2.3139E-01
-3.72400E-07,2.3334E-01
-3.72000E-07,2.2846E-01
-3.71600E-07,2.3334E-01
-3.71200E-07,2.3236E-01
-3.70800E-07,2.3139E-01
-3.70400E-07,2.3139E-01
-3.70000E-07,2.3041E-01
-3.69600E-07,2.3334E-01
-3.69200E-07,2.3236E-01
-3.68800E-07,2.3432E-01
-3.68400E-07,2.3041E-01
-3.68000E-07,2.3139E-01
-3.67600E-07,2.3432E-01
-3.67200E-07,2.3432E-01
-3.66800E-07,2.3529E-01
-3.66400E-07,2.3041E-01
-3.66000E-07,2.3432E-01
-3.65600E-07,2.2846E-01
-3.65200E-07,2.3041E-01
-3.64800E-07,2.3334E-01
-3.64400E-07,2.3236E-01
-3.64000E-07,2.3041E-01
-3.63600E-07,2.3236E-01
-3.63200E-07,2.3139E-01
-3.62800E-07,2.3334E-01
-3.62400E-07,2.3432E-01
-3.62000E-07,2.3236E-01
-3.61600E-07,2.3236E-01
-3.61200E-07,2.3529E-01
-3.60800E-07,2.3432E-01
-3.60400E-07,2.3139E-01
-3.60000E-07,2.2846E-01
-3.59600E-07,2.3334E-01
-3.59200E-07,2.3139E-01
-3.58800E-07,2.3139E-01
-3.58400E-07,2.3236E-01
-3.58000E-07,2.3236E-01
-3.57600E-07,2.3041E-01
-3.57200E-07,2.3432E-01
-3.56800E-07,2.3236E-01
-3.56400E-07,2.3334E-01
-3.56000E-07,2.3334E-01
-3.55600E-07,2.3334E-01
-3.55200E-07,2.3334E-01
-3.54800E-07,2.3139E-01
-3.54400E-07,2.3041E-01
-3.54000E-07,2.3236E-01
-3.53600E-07,2.3139E-01
-3.53200E-07,2.3139E-01
-3.52800E-07,2.3432E-01
-3.52400E-07,2.3334E-01
-3.52000E-07,2.2943E-01
-3.51600E-07,2.3334E-01
-3.51200E-07,2.3041E-01
-3.50800E-07,2.3334E-01
-3.50400E-07,2.3236E-01
-3.50000E-07,2.3432E-01
-3.49600E-07,2.3041E-01
-3.49200E-07,2.3041E-01
-3.48800E-07,2.3334E-01
-3.48400E-07,2.3529E-01
-3.48000E-07,2.3041E-01
-3.47600E-07,2.3627E-01
-3.47200E-07,2.3139E-01
-3.46800E-07,2.3432E-01
-3.46400E-07,2.3236E-01
-3.46000E-07,2.3236E-01
-3.45600E-07,2.2846E-01
-3.45200E-07,2.3334E-01
-3.44800E-07,2.3432E-01
-3.44400E-07,2.3627E-01
-3.44000E-07,2.3236E-01
-3.43600E-07,2.3432E-01
-3.43200E-07,2.3432E-01
-3.42800E-07,2.3139E-01
-3.42400E-07,2.3432E-01
-3.42000E-07,2.3041E-01
-3.41600E-07,2.3432E-01
-3.41200E-07,2.3627E-01
-3.40800E-07,2.3139E-01
-3.40400E-07,2.3236E-01
-3.40000E-07,2.3139E-01
-3.39600E-07,2.3334E-01
-3.39200E-07,2.2846E-01
-3.38800E-07,2.3725E-01
-3.38400E-07,2.3139E-01
-3.38000E-07,2.3139E-01
-3.37600E-07,2.3432E-01
-3.37200E-07,2.3236E-01
-3.36800E-07,2.3236E-01
-3.36400E-07,2.3334E-01
-3.36000E-07,2.3041E-01
-3.35600E-07,2.3432E-01
-3.35200E-07,2.3041E-01
-3.34800E-07,2.3334E-01
-3.34400E-07,2.3139E-01
-3.34000E-07,2.3236E-01
-3.33600E-07,2.3041E-01
-3.33200E-07,2.3432E-01
-3.32800E-07,2.3334E-01
-3.32400E-07,2.3236E-01
-3.32000E-07,2.3236E-01
-3.31600E-07,2.3529E-01
-3.31200E-07,2.3334E-01
-3.30800E-07,2.3432E-01
-3.30400E-07,2.3432E-01
-3.30000E-07,2.3139E-01
-3.29600E-07,2.3041E-01
-3.29200E-07,2.3139E-01
-3.28800E-07,2.3334E-01
-3.28400E-07,2.3236E-01
-3.28000E-07,2.3041E-01
-3.27600E-07,2.2943E-01
-3.27200E-07,2.3334E-01
-3.26800E-07,2.3041E-01
-3.26400E-07,2.3432E-01
-3.26000E-07,2.3041E-01
-3.25600E-07,2.3334E-01
-3.25200E-07,2.3236E-01
-3.24800E-07,2.3334E-01
-3.24400E-07,2.3529E-01
-3.24000E-07,2.3432E-01
-3.23600E-07,2.3432E-01
-3.23200E-07,2.3529E-01
-3.22800E-07,2.3432E-01
-3.22400E-07,2.3041E-01
-3.22000E-07,2.3139E-01
-3.21600E-07,2.3334E-01
-3.21200E-07,2.3139E-01
-3.20800E-07,2.3139E-01
-3.20400E-07,2.3236E-01
-3.20000E-07,2.3334E-01
-3.19600E-07,2.3139E-01
-3.19200E-07,2.3334E-01
-3.18800E-07,2.3432E-01
-3.18400E-07,2.3236E-01
-3.18000E-07,2.3432E-01
-3.17600E-07,2.3334E-01
-3.17200E-07,2.3236E-01
-3.16800E-07,2.3334E-01
-3.16400E-07,2.3920E-01
-3.16000E-07,2.3041E-01
-3.15600E-07,2.3139E-01
-3.15200E-07,2.3432E-01
-3.14800E-07,2.3236E-01
-3.14400E-07,2.3139E-01
-3.14000E-07,2.3334E-01
-3.13600E-07,2.3236E-01
-3.13200E-07,2.3041E-01
-3.12800E-07,2.3041E-01
-3.12400E-07,2.3432E-01
-3.12000E-07,2.3236E-01
-3.11600E-07,2.3236E-01
-3.11200E-07,2.3529E-01
-3.10800E-07,2.3236E-01
-3.10400E-07,2.3432E-01
-3.10000E-07,2.3529E-01
-3.09600E-07,2.3432E-01
-3.09200E-07,2.3139E-01
-3.08800E-07,2.3139E-01
-3.08400E-07,2.3041E-01
-3.08000E-07,2.3236E-01
-3.07600E-07,2.3236E-01
-3.07200E-07,2.3139E-01
-3.06800E-07,2.3041E-01
-3.06400E-07,2.3041E-01
-3.06000E-07,2.3334E-01
-3.05600E-07,2.3236E-01
-3.05200E-07,2.3432E-01
-3.04800E-07,2.3334E-01
-3.04400E-07,2.3236E-01
-3.04000E-07,2.3236E-01
-3.03600E-07,2.3725E-01
-3.03200E-07,2.3432E-01
-3.02800E-07,2.3139E-01
-3.02400E-07,2.3432E-01
-3.02000E-07,2.3627E-01
-3.01600E-07,2.3432E-01
-3.01200E-07,2.3432E-01
-3.00800E-07,2.3725E-01
-3.00400E-07,2.3432E-01
-3.00000E-07,2.3432E-01
-2.99600E-07,2.3529E-01
-2.99200E-07,2.3822E-01
-2.98800E-07,2.3432E-01
-2.98400E-07,2.3627E-01
-2.98000E-07,2.3529E-01
-2.97600E-07,2.3725E-01
-2.97200E-07,2.3529E-01
-2.96800E-07,2.3725E-01
-2.96400E-07,2.3725E-01
-2.96000E-07,2.3627E-01
-2.95600E-07,2.3529E-01
-2.95200E-07,2.3529E-01
-2.94800E-07,2.3432E-01
-2.94400E-07,2.3725E-01
-2.94000E-07,2.3725E-01
-2.93600E-07,2.4018E-01
-2.93200E-07,2.3822E-01
-2.92800E-07,2.3822E-01
-2.92400E-07,2.4115E-01
-2.92000E-07,2.3920E-01
-2.91600E-07,2.3725E-01
-2.91200E-07,2.3725E-01
-2.90800E-07,2.3822E-01
-2.90400E-07,2.4115E-01
-2.90000E-07,2.3822E-01
-2.89600E-07,2.4213E-01
-2.89200E-07,2.4115E-01
-2.88800E-07,2.4408E-01
-2.88400E-07,2.4018E-01
-2.88000E-07,2.4213E-01
-2.87600E-07,2.4213E-01
-2.87200E-07,2.4311E-01
-2.86800E-07,2.4115E-01
-2.86400E-07,2.4213E-01
-2.86000E-07,2.4213E-01
-2.85600E-07,2.4213E-01
-2.85200E-07,2.4311E-01
-2.84800E-07,2.4213E-01
-2.84400E-07,2.4799E-01
-2.84000E-07,2.4506E-01
-2.83600E-07,2.4604E-01
-2.83200E-07,2.4799E-01
-2.82800E-07,2.4604E-01
-2.82400E-07,2.4701E-01
-2.82000E-07,2.4604E-01
-2.81600E-07,2.4701E-01
-2.81200E-07,2.4896E-01
-2.80800E-07,2.4994E-01
-2.80400E-07,2.4994E-01
-2.80000E-07,2.4896E-01
-2.79600E-07,2.5189E-01
-2.79200E-07,2.5287E-01
-2.78800E-07,2.4994E-01
-2.78400E-07,2.5092E-01
-2.78000E-07,2.5287E-01
-2.77600E-07,2.5287E-01
-2.77200E-07,2.5580E-01
-2.76800E-07,2.5189E-01
-2.76400E-07,2.5189E-01
-2.76000E-07,2.5775E-01
-2.75600E-07,2.5580E-01
-2.75200E-07,2.5580E-01
-2.74800E-07,2.5580E-01
-2.74400E-07,2.5580E-01
-2.74000E-07,2.5580E-01
-2.73600E-07,2.5873E-01
-2.73200E-07,2.5775E-01
-2.72800E-07,2.5873E-01
-2.72400E-07,2.6068E-01
-2.72000E-07,2.5873E-01
-2.71600E-07,2.6166E-01
-2.71200E-07,2.6166E-01
-2.70800E-07,2.6361E-01
-2.70400E-07,2.6264E-01
-2.70000E-07,2.5971E-01
-2.69600E-07,2.6166E-01
-2.69200E-07,2.6361E-01
-2.68800E-07,2.6557E-01
-2.68400E-07,2.6947E-01
-2.68000E-07,2.6557E-01
-2.67600E-07,2.6459E-01
-2.67200E-07,2.6361E-01
-2.66800E-07,2.6654E-01
-2.66400E-07,2.6654E-01
-2.66000E-07,2.7240E-01
-2.65600E-07,2.7240E-01
-2.65200E-07,2.7240E-01
-2.64800E-07,2.7143E-01
-2.64400E-07,2.7436E-01
-2.64000E-07,2.7338E-01
-2.63600E-07,2.7436E-01
-2.63200E-07,2.7729E-01
-2.62800E-07,2.7729E-01
-2.62400E-07,2.7826E-01
-2.62000E-07,2.8021E-01
-2.61600E-07,2.7729E-01
-2.61200E-07,2.7826E-01
-2.60800E-07,2.8314E-01
-2.60400E-07,2.8412E-01
-2.60000E-07,2.8021E-01
-2.59600E-07,2.8217E-01
-2.59200E-07,2.8412E-01
-2.58800E-07,2.8412E-01
-2.58400E-07,2.8412E-01
-2.58000E-07,2.8510E-01
-2.57600E-07,2.8412E-01
-2.57200E-07,2.8314E-01
-2.56800E-07,2.8705E-01
-2.56400E-07,2.8998E-01
-2.56000E-07,2.8803E-01
-2.55600E-07,2.8900E-01
-2.55200E-07,2.8998E-01
-2.54800E-07,2.8900E-01
-2.54400E-07,2.9096E-01
-2.54000E-07,2.9389E-01
-2.53600E-07,2.9389E-01
-2.53200E-07,2.9389E-01
-2.52800E-07,2.9096E-01
-2.52400E-07,2.9682E-01
-2.52000E-07,2.9779E-01
-2.51600E-07,2.9877E-01
-2.51200E-07,2.9779E-01
-2.50800E-07,2.9779E-01
-2.50400E-07,2.9877E-01
-2.50000E-07,2.9975E-01
-2.49600E-07,2.9779E-01
-2.49200E-07,3.0170E-01
-2.48800E-07,3.0365E-01
-2.48400E-07,3.0365E-01
-2.48000E-07,3.0365E-01
-2.47600E-07,3.0658E-01
-2.47200E-07,3.0658E-01
-2.46800E-07,3.0561E-01
-2.46400E-07,3.0951E-01
-2.46000E-07,3.0951E-01
-2.45600E-07,3.0951E-01
-2.45200E-07,3.1244E-01
-2.44800E-07,3.1049E-01
-2.44400E-07,3.1244E-01
-2.44000E-07,3.1439E-01
-2.43600E-07,3.1537E-01
-2.43200E-07,3.1537E-01
-2.42800E-07,3.1537E-01
-2.42400E-07,3.1439E-01
-2.42000E-07,3.1635E-01
-2.41600E-07,3.1830E-01
-2.41200E-07,3.1928E-01
-2.40800E-07,3.2025E-01
-2.40400E-07,3.1830E-01
-2.40000E-07,3.2123E-01
-2.39600E-07,3.2318E-01
-2.39200E-07,3.2416E-01
-2.38800E-07,3.2318E-01
-2.38400E-07,3.2611E-01
-2.38000E-07,3.2709E-01
-2.37600E-07,3.3100E-01
-2.37200E-07,3.3295E-01
-2.36800E-07,3.2904E-01
-2.36400E-07,3.3197E-01
-2.36000E-07,3.2904E-01
-2.35600E-07,3.3002E-01
-2.35200E-07,3.3393E-01
-2.34800E-07,3.3393E-01
-2.34400E-07,3.3393E-01
-2.34000E-07,3.3490E-01
-2.33600E-07,3.3490E-01
-2.33200E-07,3.3881E-01
-2.32800E-07,3.3783E-01
-2.32400E-07,3.4076E-01
-2.32000E-07,3.3979E-01
-2.31600E-07,3.4076E-01
-2.31200E-07,3.3979E-01
-2.30800E-07,3.4369E-01
-2.30400E-07,3.4174E-01
-2.30000E-07,3.4467E-01
-2.29600E-07,3.4857E-01
-2.29200E-07,3.4564E-01
-2.28800E-07,3.4857E-01
-2.28400E-07,3.4857E-01
-2.28000E-07,3.4955E-01
-2.27600E-07,3.4857E-01
-2.27200E-07,3.5150E-01
-2.26800E-07,3.5248E-01
-2.26400E-07,3.5639E-01
-2.26000E-07,3.5541E-01
-2.25600E-07,3.5541E-01
-2.25200E-07,3.5736E-01
-2.24800E-07,3.5834E-01
-2.24400E-07,3.5932E-01
-2.24000E-07,3.6225E-01
-2.23600E-07,3.5932E-01
-2.23200E-07,3.6225E-01
-2.22800E-07,3.6029E-01
-2.22400E-07,3.6518E-01
-2.22000E-07,3.6518E-01
-2.21600E-07,3.6811E-01
-2.21200E-07,3.6615E-01
-2.20800E-07,3.6908E-01
-2.20400E-07,3.6908E-01
-2.20000E-07,3.7006E-01
-2.19600E-07,3.7201E-01
-2.19200E-07,3.7104E-01
-2.18800E-07,3.7299E-01
-2.18400E-07,3.7592E-01
-2.18000E-07,3.7494E-01
-2.17600E-07,3.7396E-01
-2.17200E-07,3.7689E-01
-2.16800E-07,3.7787E-01
-2.16400E-07,3.8080E-01
-2.16000E-07,3.8080E-01
-2.15600E-07,3.7982E-01
-2.15200E-07,3.8080E-01
-2.14800E-07,3.8178E-01
-2.14400E-07,3.7982E-01
-2.14000E-07,3.8275E-01
-2.13600E-07,3.8471E-01
-2.13200E-07,3.8275E-01
-2.12800E-07,3.8373E-01
-2.12400E-07,3.8764E-01
-2.12000E-07,3.8666E-01
-2.11600E-07,3.9154E-01
-2.11200E-07,3.9057E-01
-2.10800E-07,3.9154E-01
-2.10400E-07,3.8861E-01
-2.10000E-07,3.9350E-01
-2.09600E-07,3.9252E-01
-2.09200E-07,3.9252E-01
-2.08800E-07,3.9838E-01
-2.08400E-07,3.9838E-01
-2.08000E-07,3.9740E-01
-2.07600E-07,3.9447E-01
-2.07200E-07,4.0229E-01
-2.06800E-07,4.0033E-01
-2.06400E-07,4.0229E-01
-2.06000E-07,4.0131E-01
-2.05600E-07,4.0619E-01
-2.05200E-07,4.0326E-01
-2.04800E-07,4.0521E-01
-2.04400E-07,4.0424E-01
-2.04000E-07,4.0814E-01
-2.03600E-07,4.1010E-01
-2.03200E-07,4.1010E-01
-2.02800E-07,4.1205E-01
-2.02400E-07,4.1010E-01
-2.02000E-07,4.1400E-01
-2.01600E-07,4.1303E-01
-2.01200E-07,4.1693E-01
-2.00800E-07,4.1400E-01
-2.00400E-07,4.1693E-01
-2.00000E-07,4.1693E-01
-1.99600E-07,4.1498E-01
-1.99200E-07,4.2084E-01
-1.98800E-07,4.2182E-01
-1.98400E-07,4.1791E-01
-1.98000E-07,4.1791E-01
-1.97600E-07,4.2377E-01
-1.97200E-07,4.2572E-01
-1.96800E-07,4.2670E-01
-1.96400E-07,4.2377E-01
-1.96000E-07,4.2768E-01
-1.95600E-07,4.2768E-01
-1.95200E-07,4.2963E-01
-1.94800E-07,4.3061E-01
-1.94400E-07,4.2865E-01
-1.94000E-07,4.3451E-01
-1.93600E-07,4.3061E-01
-1.93200E-07,4.3451E-01
-1.92800E-07,4.3549E-01
-1.92400E-07,4.3549E-01
-1.92000E-07,4.3256E-01
-1.91600E-07,4.3256E-01
-1.91200E-07,4.3549E-01
-1.90800E-07,4.3744E-01
-1.90400E-07,4.3939E-01
-1.90000E-07,4.3744E-01
-1.89600E-07,4.3939E-01
-1.89200E-07,4.4525E-01
-1.88800E-07,4.4623E-01
-1.88400E-07,4.4232E-01
-1.88000E-07,4.4623E-01
-1.87600E-07,4.4916E-01
-1.87200E-07,4.4525E-01
-1.86800E-07,4.4916E-01
-1.86400E-07,4.5209E-01
-1.86000E-07,4.5111E-01
-1.85600E-07,4.5111E-01
-1.85200E-07,4.5307E-01
-1.84800E-07,4.5502E-01
-1.84400E-07,4.5404E-01
-1.84000E-07,4.5502E-01
-1.83600E-07,4.5795E-01
-1.83200E-07,4.5502E-01
-1.82800E-07,4.5990E-01
-1.82400E-07,4.5600E-01
-1.82000E-07,4.5990E-01
-1.81600E-07,4.6088E-01
-1.81200E-07,4.5795E-01
-1.80800E-07,4.6381E-01
-1.80400E-07,4.6283E-01
-1.80000E-07,4.6479E-01
-1.79600E-07,4.6479E-01
-1.79200E-07,4.6869E-01
-1.78800E-07,4.6674E-01
-1.78400E-07,4.6576E-01
-1.78000E-07,4.7064E-01
-1.77600E-07,4.7064E-01
-1.77200E-07,4.6869E-01
-1.76800E-07,4.7064E-01
-1.76400E-07,4.7162E-01
-1.76000E-07,4.7455E-01
-1.75600E-07,4.7455E-01
-1.75200E-07,4.7455E-01
-1.74800E-07,4.7650E-01
-1.74400E-07,4.7846E-01
-1.74000E-07,4.7455E-01
-1.73600E-07,4.7748E-01
-1.73200E-07,4.7748E-01
-1.72800E-07,4.8041E-01
-1.72400E-07,4.8236E-01
-1.72000E-07,4.8139E-01
-1.71600E-07,4.8432E-01
-1.71200E-07,4.8432E-01
-1.70800E-07,4.8529E-01
-1.70400E-07,4.8920E-01
-1.70000E-07,4.8822E-01
-1.69600E-07,4.8725E-01
-1.69200E-07,4.8627E-01
-1.68800E-07,4.9213E-01
-1.68400E-07,4.9115E-01
-1.68000E-07,4.9213E-01
-1.67600E-07,4.9115E-01
-1.67200E-07,4.9604E-01
-1.66800E-07,4.9311E-01
-1.66400E-07,4.9408E-01
-1.66000E-07,4.9701E-01
-1.65600E-07,4.9213E-01
-1.65200E-07,4.9701E-01
-1.64800E-07,4.9604E-01
-1.64400E-07,4.9701E-01
-1.64000E-07,4.9994E-01
-1.63600E-07,5.0189E-01
-1.63200E-07,5.0287E-01
-1.62800E-07,5.0287E-01
-1.62400E-07,5.0287E-01
-1.62000E-07,5.0580E-01
-1.61600E-07,5.0775E-01
-1.61200E-07,5.0580E-01
-1.60800E-07,5.1166E-01
-1.60400E-07,5.0678E-01
-1.60000E-07,5.0678E-01
-1.59600E-07,5.1068E-01
-1.59200E-07,5.1068E-01
-1.58800E-07,5.1166E-01
-1.58400E-07,5.0971E-01
-1.58000E-07,5.1361E-01
-1.57600E-07,5.1264E-01
-1.57200E-07,5.1752E-01
-1.56800E-07,5.1361E-01
-1.56400E-07,5.1068E-01
-1.56000E-07,5.1557E-01
-1.55600E-07,5.1752E-01
-1.55200E-07,5.1850E-01
-1.54800E-07,5.1752E-01
-1.54400E-07,5.2143E-01
-1.54000E-07,5.1850E-01
-1.53600E-07,5.2240E-01
-1.53200E-07,5.2045E-01
-1.52800E-07,5.2436E-01
-1.52400E-07,5.2436E-01
-1.52000E-07,5.2436E-01
-1.51600E-07,5.2729E-01
-1.51200E-07,5.2729E-01
-1.50800E-07,5.2924E-01
-1.50400E-07,5.2924E-01
-1.50000E-07,5.3119E-01
-1.49600E-07,5.3217E-01
-1.49200E-07,5.3119E-01
-1.48800E-07,5.3803E-01
-1.48400E-07,5.3217E-01
-1.48000E-07,5.3314E-01
-1.47600E-07,5.3607E-01
-1.47200E-07,5.3510E-01
-1.46800E-07,5.3607E-01
-1.46400E-07,5.3803E-01
-1.46000E-07,5.3900E-01
-1.45600E-07,5.3998E-01
-1.45200E-07,5.4193E-01
-1.44800E-07,5.3803E-01
-1.44400E-07,5.4291E-01
-1.44000E-07,5.3998E-01
-1.43600E-07,5.4193E-01
-1.43200E-07,5.4291E-01
-1.42800E-07,5.4682E-01
-1.42400E-07,5.4779E-01
-1.42000E-07,5.4584E-01
-1.41600E-07,5.4779E-01
-1.41200E-07,5.4584E-01
-1.40800E-07,5.5072E-01
-1.40400E-07,5.4975E-01
-1.40000E-07,5.4975E-01
-1.39600E-07,5.5268E-01
-1.39200E-07,5.5365E-01
-1.38800E-07,5.5658E-01
-1.38400E-07,5.5365E-01
-1.38000E-07,5.5658E-01
-1.37600E-07,5.5658E-01
-1.37200E-07,5.5658E-01
-1.36800E-07,5.5658E-01
-1.36400E-07,5.6049E-01
-1.36000E-07,5.5951E-01
-1.35600E-07,5.5951E-01
-1.35200E-07,5.6244E-01
-1.34800E-07,5.6146E-01
-1.34400E-07,5.6146E-01
-1.34000E-07,5.6244E-01
-1.33600E-07,5.6439E-01
-1.33200E-07,5.6635E-01
-1.32800E-07,5.6342E-01
-1.32400E-07,5.6342E-01
-1.32000E-07,5.6732E-01
-1.31600E-07,5.6439E-01
-1.31200E-07,5.6635E-01
-1.30800E-07,5.6732E-01
-1.30400E-07,5.6732E-01
-1.30000E-07,5.7025E-01
-1.29600E-07,5.7123E-01
-1.29200E-07,5.7123E-01
-1.28800E-07,5.7416E-01
-1.28400E-07,5.7025E-01
-1.28000E-07,5.7514E-01
-1.27600E-07,5.7416E-01
-1.27200E-07,5.7416E-01
-1.26800E-07,5.7611E-01
-1.26400E-07,5.7807E-01
-1.26000E-07,5.7611E-01
-1.25600E-07,5.7709E-01
-1.25200E-07,5.8002E-01
-1.24800E-07,5.7807E-01
-1.24400E-07,5.8197E-01
-1.24000E-07,5.8197E-01
-1.23600E-07,5.8100E-01
-1.23200E-07,5.8393E-01
-1.22800E-07,5.8197E-01
-1.22400E-07,5.8783E-01
-1.22000E-07,5.8490E-01
-1.21600E-07,5.8490E-01
-1.21200E-07,5.8881E-01
-1.20800E-07,5.8588E-01
-1.20400E-07,5.9174E-01
-1.20000E-07,5.8881E-01
-1.19600E-07,5.8881E-01
-1.19200E-07,5.8881E-01
-1.18800E-07,5.8783E-01
-1.18400E-07,5.8979E-01
-1.18000E-07,5.9076E-01
-1.17600E-07,5.8881E-01
-1.17200E-07,5.9467E-01
-1.16800E-07,5.9760E-01
-1.16400E-07,5.9564E-01
-1.16000E-07,5.9467E-01
-1.15600E-07,5.9760E-01
-1.15200E-07,5.9760E-01
-1.14800E-07,5.9662E-01
-1.14400E-07,5.9760E-01
-1.14000E-07,5.9955E-01
-1.13600E-07,5.9857E-01
-1.13200E-07,6.0150E-01
-1.12800E-07,6.0541E-01
-1.12400E-07,6.0150E-01
-1.12000E-07,6.0639E-01
-1.11600E-07,6.0346E-01
-1.11200E-07,6.0541E-01
-1.10800E-07,6.0736E-01
-1.10400E-07,6.1029E-01
-1.10000E-07,6.0639E-01
-1.09600E-07,6.0443E-01
-1.09200E-07,6.0932E-01
-1.08800E-07,6.0736E-01
-1.08400E-07,6.0834E-01
-1.08000E-07,6.0736E-01
-1.07600E-07,6.1322E-01
-1.07200E-07,6.1127E-01
-1.06800E-07,6.1029E-01
-1.06400E-07,6.1029E-01
-1.06000E-07,6.1615E-01
-1.05600E-07,6.1615E-01
-1.05200E-07,6.1225E-01
-1.04800E-07,6.1713E-01
-1.04400E-07,6.1615E-01
-1.04000E-07,6.2006E-01
-1.03600E-07,6.1908E-01
-1.03200E-07,6.2006E-01
-1.02800E-07,6.2104E-01
-1.02400E-07,6.1908E-01
-1.02000E-07,6.2104E-01
-1.01600E-07,6.2104E-01
-1.01200E-07,6.2396E-01
-1.00800E-07,6.2104E-01
-1.00400E-07,6.2396E-01
-1.00000E-07,6.2396E-01
-9.96000E-08,6.2396E-01
-9.92000E-08,6.2494E-01
-9.88000E-08,6.2299E-01
-9.84000E-08,6.2592E-01
-9.80000E-08,6.2787E-01
-9.76000E-08,6.3080E-01
-9.72000E-08,6.3178E-01
-9.68000E-08,6.2885E-01
-9.64000E-08,6.2787E-01
-9.60000E-08,6.2885E-01
-9.56000E-08,6.2885E-01
-9.52000E-08,6.2885E-01
-9.48000E-08,6.3178E-01
-9.44000E-08,6.3275E-01
-9.40000E-08,6.3373E-01
-9.36000E-08,6.3275E-01
-9.32000E-08,6.3373E-01
-9.28000E-08,6.3568E-01
-9.24000E-08,6.3764E-01
-9.20000E-08,6.3861E-01
-9.16000E-08,6.3861E-01
-9.12000E-08,6.3959E-01
-9.08000E-08,6.3861E-01
-9.04000E-08,6.3861E-01
-9.00000E-08,6.3959E-01
-8.96000E-08,6.4057E-01
-8.92000E-08,6.4154E-01
-8.88000E-08,6.3959E-01
-8.84000E-08,6.4643E-01
-8.80000E-08,6.4252E-01
-8.76000E-08,6.4154E-01
-8.72000E-08,6.4057E-01
-8.68000E-08,6.4447E-01
-8.64000E-08,6.4643E-01
-8.60000E-08,6.4740E-01
-8.56000E-08,6.4838E-01
-8.52000E-08,6.4838E-01
-8.48000E-08,6.4936E-01
-8.44000E-08,6.4838E-01
-8.40000E-08,6.5033E-01
-8.36000E-08,6.5131E-01
-8.32000E-08,6.4740E-01
-8.28000E-08,6.4936E-01
-8.24000E-08,6.4936E-01
-8.20000E-08,6.5131E-01
-8.16000E-08,6.5424E-01
-8.12000E-08,6.5326E-01
-8.08000E-08,6.5131E-01
-8.04000E-08,6.5326E-01
-8.00000E-08,6.5814E-01
-7.96000E-08,6.5619E-01
-7.92000E-08,6.5326E-01
-7.88000E-08,6.5717E-01
-7.84000E-08,6.5619E-01
-7.80000E-08,6.5912E-01
-7.76000E-08,6.5912E-01
-7.72000E-08,6.6010E-01
-7.68000E-08,6.5814E-01
-7.64000E-08,6.5912E-01
-7.60000E-08,6.6400E-01
-7.56000E-08,6.6400E-01
-7.52000E-08,6.6303E-01
-7.48000E-08,6.6205E-01
-7.44000E-08,6.6693E-01
-7.40000E-08,6.6400E-01
-7.36000E-08,6.6596E-01
-7.32000E-08,6.6400E-01
-7.28000E-08,6.6791E-01
-7.24000E-08,6.6596E-01
-7.20000E-08,6.6791E-01
-7.16000E-08,6.6693E-01
-7.12000E-08,6.7475E-01
-7.08000E-08,6.6889E-01
-7.04000E-08,6.6889E-01
-7.00000E-08,6.7377E-01
-6.96000E-08,6.7182E-01
-6.92000E-08,6.7084E-01
-6.88000E-08,6.7377E-01
-6.84000E-08,6.6986E-01
-6.80000E-08,6.7084E-01
-6.76000E-08,6.7572E-01
-6.72000E-08,6.7377E-01
-6.68000E-08,6.7377E-01
-6.64000E-08,6.7670E-01
-6.60000E-08,6.7670E-01
-6.56000E-08,6.7670E-01
-6.52000E-08,6.7572E-01
-6.48000E-08,6.7572E-01
-6.44000E-08,6.7768E-01
-6.40000E-08,6.7865E-01
-6.36000E-08,6.7963E-01
-6.32000E-08,6.8158E-01
-6.28000E-08,6.8158E-01
-6.24000E-08,6.8158E-01
-6.20000E-08,6.8354E-01
-6.16000E-08,6.8158E-01
-6.12000E-08,6.8158E-01
-6.08000E-08,6.8451E-01
-6.04000E-08,6.8158E-01
-6.00000E-08,6.8158E-01
-5.96000E-08,6.8451E-01
-5.92000E-08,6.8549E-01
-5.88000E-08,6.8744E-01
-5.84000E-08,6.8842E-01
-5.80000E-08,6.9135E-01
-5.76000E-08,6.8939E-01
-5.72000E-08,6.8939E-01
-5.68000E-08,6.8939E-01
-5.64000E-08,6.9232E-01
-5.60000E-08,6.9037E-01
-5.56000E-08,6.9135E-01
-5.52000E-08,6.9037E-01
-5.48000E-08,6.9428E-01
-5.44000E-08,6.9232E-01
-5.40000E-08,6.9232E-01
-5.36000E-08,6.9330E-01
-5.32000E-08,6.9330E-01
-5.28000E-08,6.9428E-01
-5.24000E-08,6.9525E-01
-5.20000E-08,6.9428E-01
-5.16000E-08,6.9818E-01
-5.12000E-08,6.9818E-01
-5.08000E-08,6.9818E-01
-5.04000E-08,7.0111E-01
-5.00000E-08,7.0014E-01
-4.96000E-08,6.9916E-01
-4.92000E-08,6.9916E-01
-4.88000E-08,6.9818E-01
-4.84000E-08,6.9916E-01
-4.80000E-08,6.9916E-01
-4.76000E-08,6.9916E-01
-4.72000E-08,7.0014E-01
-4.68000E-08,7.0307E-01
-4.64000E-08,7.0404E-01
-4.60000E-08,7.0111E-01
-4.56000E-08,7.0404E-01
-4.52000E-08,7.0111E-01
-4.48000E-08,7.0600E-01
-4.44000E-08,7.0600E-01
-4.40000E-08,7.0600E-01
-4.36000E-08,7.0697E-01
-4.32000E-08,7.0795E-01
-4.28000E-08,7.0697E-01
-4.24000E-08,7.0600E-01
-4.20000E-08,7.0600E-01
-4.16000E-08,7.0990E-01
-4.12000E-08,7.0697E-01
-4.08000E-08,7.0795E-01
-4.04000E-08,7.0990E-01
-4.00000E-08,7.1283E-01
-3.96000E-08,7.1088E-01
-3.92000E-08,7.1186E-01
-3.88000E-08,7.1088E-01
-3.84000E-08,7.1381E-01
-3.80000E-08,7.0990E-01
-3.76000E-08,7.1479E-01
-3.72000E-08,7.1576E-01
-3.68000E-08,7.1283E-01
-3.64000E-08,7.1381E-01
-3.60000E-08,7.1479E-01
-3.56000E-08,7.1088E-01
-3.52000E-08,7.1967E-01
-3.48000E-08,7.1967E-01
-3.44000E-08,7.1967E-01
-3.40000E-08,7.1771E-01
-3.36000E-08,7.2064E-01
-3.32000E-08,7.1869E-01
-3.28000E-08,7.1771E-01
-3.24000E-08,7.2064E-01
-3.20000E-08,7.1869E-01
-3.16000E-08,7.2162E-01
-3.12000E-08,7.2162E-01
-3.08000E-08,7.2455E-01
-3.04000E-08,7.2162E-01
-3.00000E-08,7.2357E-01
-2.96000E-08,7.2162E-01
-2.92000E-08,7.2553E-01
-2.88000E-08,7.2455E-01
-2.84000E-08,7.1967E-01
-2.80000E-08,7.2455E-01
-2.76000E-08,7.2553E-01
-2.72000E-08,7.2650E-01
-2.68000E-08,7.2748E-01
-2.64000E-08,7.2650E-01
-2.60000E-08,7.2748E-01
-2.56000E-08,7.2943E-01
-2.52000E-08,7.2748E-01
-2.48000E-08,7.2748E-01
-2.44000E-08,7.2846E-01
-2.40000E-08,7.2943E-01
-2.36000E-08,7.2846E-01
-2.32000E-08,7.3041E-01
-2.28000E-08,7.3041E-01
-2.24000E-08,7.3041E-01
-2.20000E-08,7.2846E-01
-2.16000E-08,7.3334E-01
-2.12000E-08,7.2943E-01
-2.08000E-08,7.3236E-01
-2.04000E-08,7.3334E-01
-2.00000E-08,7.3529E-01
-1.96000E-08,7.3627E-01
-1.92000E-08,7.3432E-01
-1.88000E-08,7.3529E-01
-1.84000E-08,7.3529E-01
-1.80000E-08,7.3627E-01
-1.76000E-08,7.3529E-01
-1.72000E-08,7.3627E-01
-1.68000E-08,7.3627E-01
-1.64000E-08,7.3627E-01
-1.60000E-08,7.3822E-01
-1.56000E-08,7.3920E-01
-1.52000E-08,7.3920E-01
-1.48000E-08,7.3920E-01
-1.44000E-08,7.4018E-01
-1.40000E-08,7.4213E-01
-1.36000E-08,7.4115E-01
-1.32000E-08,7.4213E-01
-1.28000E-08,7.4115E-01
-1.24000E-08,7.4213E-01
-1.20000E-08,7.4311E-01
-1.16000E-08,7.4311E-01
-1.12000E-08,7.4311E-01
-1.08000E-08,7.4701E-01
-1.04000E-08,7.4311E-01
-1.00000E-08,7.4506E-01
-9.60000E-09,7.4213E-01
-9.20000E-09,7.4506E-01
-8.80000E-09,7.4799E-01
-8.40000E-09,7.4994E-01
-8.00000E-09,7.5092E-01
-7.60000E-09,7.4604E-01
-7.20000E-09,7.4896E-01
-6.80000E-09,7.4896E-01
-6.40000E-09,7.4701E-01
-6.00000E-09,7.4994E-01
-5.60000E-09,7.5189E-01
-5.20000E-09,7.5287E-01
-4.80000E-09,7.5189E-01
-4.40000E-09,7.5189E-01
-4.00000E-09,7.5189E-01
-3.60000E-09,7.5189E-01
-3.20000E-09,7.4994E-01
-2.80000E-09,7.5287E-01
-2.40000E-09,7.5287E-01
-2.00000E-09,7.5580E-01
-1.60000E-09,7.5385E-01
-1.20000E-09,7.5385E-01
-8.00000E-10,7.5580E-01
-4.00000E-10,7.5482E-01
2.54710E-22,7.5287E-01
4.00000E-10,7.5580E-01
8.00000E-10,7.5678E-01
1.20000E-09,7.5971E-01
1.60000E-09,7.5775E-01
2.00000E-09,7.5580E-01
2.40000E-09,7.5775E-01
2.80000E-09,7.5971E-01
3.20000E-09,7.6068E-01
3.60000E-09,7.6166E-01
4.00000E-09,7.5971E-01
4.40000E-09,7.5775E-01
4.80000E-09,7.5873E-01
5.20000E-09,7.5971E-01
5.60000E-09,7.6361E-01
6.00000E-09,7.5873E-01
6.40000E-09,7.6166E-01
6.80000E-09,7.6068E-01
7.20000E-09,7.6264E-01
7.60000E-09,7.6264E-01
8.00000E-09,7.6459E-01
8.40000E-09,7.6459E-01
8.80000E-09,7.6459E-01
9.20000E-09,7.6557E-01
9.60000E-09,7.6752E-01
1.00000E-08,7.6557E-01
1.04000E-08,7.6459E-01
1.08000E-08,7.6654E-01
1.12000E-08,7.6654E-01
1.16000E-08,7.6752E-01
1.20000E-08,7.7045E-01
1.24000E-08,7.7045E-01
1.28000E-08,7.6557E-01
1.32000E-08,7.7045E-01
1.36000E-08,7.6850E-01
1.40000E-08,7.7143E-01
1.44000E-08,7.6850E-01
1.48000E-08,7.7045E-01
1.52000E-08,7.7143E-01
1.56000E-08,7.6947E-01
1.60000E-08,7.6850E-01
1.64000E-08,7.7143E-01
1.68000E-08,7.7143E-01
1.72000E-08,7.7436E-01
1.76000E-08,7.7143E-01
1.80000E-08,7.7143E-01
1.84000E-08,7.7240E-01
1.88000E-08,7.7143E-01
1.92000E-08,7.7240E-01
1.96000E-08,7.7436E-01
2.00000E-08,7.7338E-01
2.04000E-08,7.7729E-01
2.08000E-08,7.7338E-01
2.12000E-08,7.7436E-01
2.16000E-08,7.7631E-01
2.20000E-08,7.7631E-01
2.24000E-08,7.7240E-01
2.28000E-08,7.7533E-01
2.32000E-08,7.7826E-01
2.36000E-08,7.7729E-01
2.40000E-08,7.7826E-01
2.44000E-08,7.7826E-01
2.48000E-08,7.7924E-01
2.52000E-08,7.8021E-01
2.56000E-08,7.8021E-01
2.60000E-08,7.8217E-01
2.64000E-08,7.8217E-01
2.68000E-08,7.7924E-01
2.72000E-08,7.7729E-01
2.76000E-08,7.7924E-01
2.80000E-08,7.7924E-01
2.84000E-08,7.8021E-01
2.88000E-08,7.8119E-01
2.92000E-08,7.8021E-01
2.96000E-08,7.8217E-01
3.00000E-08,7.8412E-01
3.04000E-08,7.8217E-01
3.08000E-08,7.8510E-01
3.12000E-08,7.8705E-01
3.16000E-08,7.8314E-01
3.20000E-08,7.8314E-01
3.24000E-08,7.8510E-01
3.28000E-08,7.8412E-01
3.32000E-08,7.8510E-01
3.36000E-08,7.8510E-01
3.40000E-08,7.8607E-01
3.44000E-08,7.8705E-01
3.48000E-08,7.8510E-01
3.52000E-08,7.8900E-01
3.56000E-08,7.8510E-01
3.60000E-08,7.8998E-01
3.64000E-08,7.8900E-01
3.68000E-08,7.8998E-01
3.72000E-08,7.8705E-01
3.76000E-08,7.9096E-01
3.80000E-08,7.9096E-01
3.84000E-08,7.9291E-01
3.88000E-08,7.8900E-01
3.92000E-08,7.8998E-01
3.96000E-08,7.9291E-01
4.00000E-08,7.9193E-01
4.04000E-08,7.8998E-01
4.08000E-08,7.9291E-01
4.12000E-08,7.9389E-01
4.16000E-08,7.9291E-01
4.20000E-08,7.9291E-01
4.24000E-08,7.9193E-01
4.28000E-08,7.9486E-01
4.32000E-08,7.9584E-01
4.36000E-08,7.9291E-01
4.40000E-08,7.9486E-01
4.44000E-08,7.9486E-01
4.48000E-08,7.9389E-01
4.52000E-08,7.9193E-01
4.56000E-08,7.9584E-01
4.60000E-08,7.9682E-01
4.64000E-08,7.9682E-01
4.68000E-08,7.9584E-01
4.72000E-08,7.9584E-01
4.76000E-08,7.9779E-01
4.80000E-08,7.9975E-01
4.84000E-08,7.9779E-01
4.88000E-08,7.9975E-01
4.92000E-08,7.9682E-01
4.96000E-08,8.0072E-01
5.00000E-08,7.9682E-01
5.04000E-08,8.0365E-01
5.08000E-08,7.9975E-01
5.12000E-08,7.9975E-01
5.16000E-08,7.9877E-01
5.20000E-08,7.9975E-01
5.24000E-08,8.0170E-01
5.28000E-08,7.9779E-01
5.32000E-08,7.9975E-01
5.36000E-08,7.9779E-01
5.40000E-08,8.0170E-01
5.44000E-08,8.0072E-01
5.48000E-08,8.0072E-01
5.52000E-08,8.0463E-01
5.56000E-08,8.0561E-01
5.60000E-08,8.0365E-01
5.64000E-08,8.0170E-01
5.68000E-08,8.0365E-01
5.72000E-08,8.0561E-01
5.76000E-08,8.0268E-01
5.80000E-08,8.0170E-01
5.84000E-08,8.0170E-01
5.88000E-08,8.0365E-01
5.92000E-08,8.0463E-01
5.96000E-08,8.0463E-01
6.00000E-08,8.0561E-01
6.04000E-08,8.0365E-01
6.08000E-08,8.0854E-01
6.12000E-08,8.0756E-01
6.16000E-08,8.0756E-01
6.20000E-08,8.0756E-01
6.24000E-08,8.0756E-01
6.28000E-08,8.0658E-01
6.32000E-08,8.0658E-01
6.36000E-08,8.0951E-01
6.40000E-08,8.0854E-01
6.44000E-08,8.0561E-01
6.48000E-08,8.0854E-01
6.52000E-08,8.1342E-01
6.56000E-08,8.0854E-01
6.60000E-08,8.1049E-01
6.64000E-08,8.0854E-01
6.68000E-08,8.0951E-01
6.72000E-08,8.0756E-01
6.76000E-08,8.1049E-01
6.80000E-08,8.1342E-01
6.84000E-08,8.1049E-01
6.88000E-08,8.1244E-01
6.92000E-08,8.0951E-01
6.96000E-08,8.1439E-01
7.00000E-08,8.1244E-01
7.04000E-08,8.1049E-01
7.08000E-08,8.1537E-01
7.12000E-08,8.1146E-01
7.16000E-08,8.1342E-01
7.20000E-08,8.1146E-01
7.24000E-08,8.1537E-01
7.28000E-08,8.1244E-01
7.32000E-08,8.1537E-01
7.36000E-08,8.1635E-01
7.40000E-08,8.1439E-01
7.44000E-08,8.1342E-01
7.48000E-08,8.1732E-01
7.52000E-08,8.1732E-01
7.56000E-08,8.1537E-01
7.60000E-08,8.1537E-01
7.64000E-08,8.1830E-01
7.68000E-08,8.1342E-01
7.72000E-08,8.1635E-01
7.76000E-08,8.1635E-01
7.80000E-08,8.1635E-01
7.84000E-08,8.1732E-01
7.88000E-08,8.1537E-01
7.92000E-08,8.1439E-01
7.96000E-08,8.1635E-01
8.00000E-08,8.1732E-01
8.04000E-08,8.1732E-01
8.08000E-08,8.2025E-01
8.12000E-08,8.1928E-01
8.16000E-08,8.1928E-01
8.20000E-08,8.2025E-01
8.24000E-08,8.1928E-01
8.28000E-08,8.2123E-01
8.32000E-08,8.2025E-01
8.36000E-08,8.1830E-01
8.40000E-08,8.1928E-01
8.44000E-08,8.2123E-01
8.48000E-08,8.2025E-01
8.52000E-08,8.1830E-01
8.56000E-08,8.2025E-01
8.60000E-08,8.2514E-01
8.64000E-08,8.2416E-01
8.68000E-08,8.2123E-01
8.72000E-08,8.2123E-01
8.76000E-08,8.2221E-01
8.80000E-08,8.2221E-01
8.84000E-08,8.2025E-01
8.88000E-08,8.2416E-01
8.92000E-08,8.2123E-01
8.96000E-08,8.2318E-01
9.00000E-08,8.2318E-01
9.04000E-08,8.2318E-01
9.08000E-08,8.2611E-01
9.12000E-08,8.2514E-01
9.16000E-08,8.2514E-01
9.20000E-08,8.2318E-01
9.24000E-08,8.2709E-01
9.28000E-08,8.2416E-01
9.32000E-08,8.2807E-01
9.36000E-08,8.2514E-01
9.40000E-08,8.2611E-01
9.44000E-08,8.2416E-01
9.48000E-08,8.2221E-01
9.52000E-08,8.2611E-01
9.56000E-08,8.2807E-01
9.60000E-08,8.2514E-01
9.64000E-08,8.2709E-01
9.68000E-08,8.2709E-01
9.72000E-08,8.3002E-01
9.76000E-08,8.3002E-01
9.80000E-08,8.2514E-01
9.84000E-08,8.2807E-01
9.88000E-08,8.2807E-01
9.92000E-08,8.2807E-01
9.96000E-08,8.2416E-01
1.00000E-07,8.2611E-01
1.00400E-07,8.3100E-01
1.00800E-07,8.2514E-01
1.01200E-07,8.2611E-01
1.01600E-07,8.2904E-01
1.02000E-07,8.3100E-01
1.02400E-07,8.2709E-01
1.02800E-07,8.2807E-01
1.03200E-07,8.2807E-01
1.03600E-07,8.2904E-01
1.04000E-07,8.2611E-01
1.04400E-07,8.3002E-01
1.04800E-07,8.3100E-01
1.05200E-07,8.2904E-01
1.05600E-07,8.3002E-01
1.06000E-07,8.2904E-01
1.06400E-07,8.3197E-01
1.06800E-07,8.3197E-01
1.07200E-07,8.3197E-01
1.07600E-07,8.3197E-01
1.08000E-07,8.3197E-01
1.08400E-07,8.3002E-01
1.08800E-07,8.3197E-01
1.09200E-07,8.2904E-01
1.09600E-07,8.3100E-01
1.10000E-07,8.3002E-01
1.10400E-07,8.3100E-01
1.10800E-07,8.3197E-01
1.11200E-07,8.3490E-01
1.11600E-07,8.3100E-01
1.12000E-07,8.3490E-01
1.12400E-07,8.3393E-01
1.12800E-07,8.3393E-01
1.13200E-07,8.3295E-01
1.13600E-07,8.3197E-01
1.14000E-07,8.3393E-01
1.14400E-07,8.3295E-01
1.14800E-07,8.3100E-01
1.15200E-07,8.3295E-01
1.15600E-07,8.3393E-01
1.16000E-07,8.3588E-01
1.16400E-07,8.3783E-01
1.16800E-07,8.3686E-01
1.17200E-07,8.3783E-01
1.17600E-07,8.3588E-01
1.18000E-07,8.3588E-01
1.18400E-07,8.3295E-01
1.18800E-07,8.3979E-01
1.19200E-07,8.3393E-01
1.19600E-07,8.3686E-01
1.20000E-07,8.3490E-01
1.20400E-07,8.3686E-01
1.20800E-07,8.3881E-01
1.21200E-07,8.3295E-01
1.21600E-07,8.3295E-01
1.22000E-07,8.3881E-01
1.22400E-07,8.3588E-01
1.22800E-07,8.3783E-01
1.23200E-07,8.3588E-01
1.23600E-07,8.3393E-01
1.24000E-07,8.3588E-01
1.24400E-07,8.3686E-01
1.24800E-07,8.3783E-01
1.25200E-07,8.3686E-01
1.25600E-07,8.3979E-01
1.26000E-07,8.3881E-01
1.26400E-07,8.3783E-01
1.26800E-07,8.3588E-01
1.27200E-07,8.3783E-01
1.27600E-07,8.3881E-01
1.28000E-07,8.3979E-01
1.28400E-07,8.3979E-01
1.28800E-07,8.3783E-01
1.29200E-07,8.4174E-01
1.29600E-07,8.3686E-01
1.30000E-07,8.4076E-01
1.30400E-07,8.4369E-01
1.30800E-07,8.3783E-01
1.31200E-07,8.3881E-01
1.31600E-07,8.4174E-01
1.32000E-07,8.4076E-01
1.32400E-07,8.3783E-01
1.32800E-07,8.4271E-01
1.33200E-07,8.3686E-01
1.33600E-07,8.4174E-01
1.34000E-07,8.4174E-01
1.34400E-07,8.4174E-01
1.34800E-07,8.4174E-01
1.35200E-07,8.3979E-01
1.35600E-07,8.4369E-01
1.36000E-07,8.4271E-01
1.36400E-07,8.4076E-01
1.36800E-07,8.4076E-01
1.37200E-07,8.3979E-01
1.37600E-07,8.4369E-01
1.38000E-07,8.4076E-01
1.38400E-07,8.4174E-01
1.38800E-07,8.4174E-01
1.39200E-07,8.4271E-01
1.39600E-07,8.4076E-01
1.40000E-07,8.4076E-01
1.40400E-07,8.4076E-01
1.40800E-07,8.4271E-01
1.41200E-07,8.4076E-01
1.41600E-07,8.4369E-01
1.42000E-07,8.4076E-01
1.42400E-07,8.4369E-01
1.42800E-07,8.4076E-01
1.43200E-07,8.4369E-01
1.43600E-07,8.4271E-01
1.44000E-07,8.4369E-01
1.44400E-07,8.4271E-01
1.44800E-07,8.4564E-01
1.45200E-07,8.4662E-01
1.45600E-07,8.4467E-01
1.46000E-07,8.4271E-01
1.46400E-07,8.4760E-01
1.46800E-07,8.4076E-01
1.47200E-07,8.4369E-01
1.47600E-07,8.4564E-01
1.48000E-07,8.4076E-01
1.48400E-07,8.4662E-01
1.48800E-07,8.4369E-01
1.49200E-07,8.4467E-01
1.49600E-07,8.4662E-01
1.50000E-07,8.4662E-01
1.50400E-07,8.4467E-01
1.50800E-07,8.4662E-01
1.51200E-07,8.4467E-01
1.51600E-07,8.4369E-01
1.52000E-07,8.4369E-01
1.52400E-07,8.4564E-01
1.52800E-07,8.4760E-01
1.53200E-07,8.4564E-01
1.53600E-07,8.4857E-01
1.54000E-07,8.4467E-01
1.54400E-07,8.4564E-01
1.54800E-07,8.4857E-01
1.55200E-07,8.4467E-01
1.55600E-07,8.4369E-01
1.56000E-07,8.4564E-01
1.56400E-07,8.4564E-01
1.56800E-07,8.4662E-01
1.57200E-07,8.4955E-01
1.57600E-07,8.4662E-01
1.58000E-07,8.4467E-01
1.58400E-07,8.4662E-01
1.58800E-07,8.4857E-01
1.59200E-07,8.4955E-01
1.59600E-07,8.5053E-01
1.60000E-07,8.4662E-01
1.60400E-07,8.4955E-01
1.60800E-07,8.4369E-01
1.61200E-07,8.4564E-01
1.61600E-07,8.4857E-01
1.62000E-07,8.4564E-01
1.62400E-07,8.4760E-01
1.62800E-07,8.4662E-01
1.63200E-07,8.4760E-01
1.63600E-07,8.4662E-01
1.64000E-07,8.4857E-01
1.64400E-07,8.4857E-01
1.64800E-07,8.4955E-01
1.65200E-07,8.4955E-01
1.65600E-07,8.5053E-01
1.66000E-07,8.4760E-01
1.66400E-07,8.4857E-01
1.66800E-07,8.5248E-01
1.67200E-07,8.4857E-01
1.67600E-07,8.5150E-01
1.68000E-07,8.4760E-01
1.68400E-07,8.4857E-01
1.68800E-07,8.4857E-01
1.69200E-07,8.4760E-01
1.69600E-07,8.4955E-01
1.70000E-07,8.4857E-01
1.70400E-07,8.4760E-01
1.70800E-07,8.4760E-01
1.71200E-07,8.4955E-01
1.71600E-07,8.4662E-01
1.72000E-07,8.4857E-01
1.72400E-07,8.5053E-01
1.72800E-07,8.4857E-01
1.73200E-07,8.4955E-01
1.73600E-07,8.4955E-01
1.74000E-07,8.4955E-01
1.74400E-07,8.4857E-01
1.74800E-07,8.4662E-01
1.75200E-07,8.4857E-01
1.75600E-07,8.4760E-01
1.76000E-07,8.4662E-01
1.76400E-07,8.4857E-01
1.76800E-07,8.5150E-01
1.77200E-07,8.5150E-01
1.77600E-07,8.4662E-01
1.78000E-07,8.4955E-01
1.78400E-07,8.5248E-01
1.78800E-07,8.5053E-01
1.79200E-07,8.4857E-01
1.79600E-07,8.5053E-01
1.80000E-07,8.4955E-01
1.80400E-07,8.5150E-01
1.80800E-07,8.5248E-01
1.81200E-07,8.4857E-01
1.81600E-07,8.5053E-01
1.82000E-07,8.4955E-01
1.82400E-07,8.4955E-01
1.82800E-07,8.4955E-01
1.83200E-07,8.5053E-01
1.83600E-07,8.5346E-01
1.84000E-07,8.5248E-01
1.84400E-07,8.5053E-01
1.84800E-07,8.5150E-01
1.85200E-07,8.5248E-01
1.85600E-07,8.5053E-01
1.86000E-07,8.4955E-01
1.86400E-07,8.5150E-01
1.86800E-07,8.5248E-01
1.87200E-07,8.5150E-01
1.87600E-07,8.5150E-01
1.88000E-07,8.5248E-01
1.88400E-07,8.4955E-01
1.88800E-07,8.5053E-01
1.89200E-07,8.5053E-01
1.89600E-07,8.5053E-01
1.90000E-07,8.5150E-01
1.90400E-07,8.5346E-01
1.90800E-07,8.5150E-01
1.91200E-07,8.5053E-01
1.91600E-07,8.5346E-01
1.92000E-07,8.5346E-01
1.92400E-07,8.4955E-01
1.92800E-07,8.5053E-01
1.93200E-07,8.5346E-01
1.93600E-07,8.5639E-01
1.94000E-07,8.4955E-01
1.94400E-07,8.5346E-01
1.94800E-07,8.5053E-01
1.95200E-07,8.5248E-01
1.95600E-07,8.5248E-01
1.96000E-07,8.5639E-01
1.96400E-07,8.5346E-01
1.96800E-07,8.5736E-01
1.97200E-07,8.5541E-01
1.97600E-07,8.5346E-01
1.98000E-07,8.5248E-01
1.98400E-07,8.5053E-01
1.98800E-07,8.5443E-01
1.99200E-07,8.5346E-01
1.99600E-07,8.5736E-01
2.00000E-07,8.5150E-01
2.00400E-07,8.5053E-01
2.00800E-07,8.5346E-01
2.01200E-07,8.5346E-01
2.01600E-07,8.5346E-01
2.02000E-07,8.5248E-01
2.02400E-07,8.5639E-01
2.02800E-07,8.5541E-01
2.03200E-07,8.5639E-01
2.03600E-07,8.5150E-01
2.04000E-07,8.5541E-01
2.04400E-07,8.5346E-01
2.04800E-07,8.5346E-01
2.05200E-07,8.5346E-01
2.05600E-07,8.5248E-01
2.06000E-07,8.5150E-01
2.06400E-07,8.5346E-01
2.06800E-07,8.5053E-01
2.07200E-07,8.5053E-01
2.07600E-07,8.5248E-01
2.08000E-07,8.5346E-01
2.08400E-07,8.5346E-01
2.08800E-07,8.5248E-01
2.09200E-07,8.5541E-01
2.09600E-07,8.5248E-01
2.10000E-07,8.5346E-01
2.10400E-07,8.5346E-01
2.10800E-07,8.5346E-01
2.11200E-07,8.5346E-01
2.11600E-07,8.5150E-01
2.12000E-07,8.5150E-01
2.12400E-07,8.5346E-01
2.12800E-07,8.5346E-01
2.13200E-07,8.5639E-01
2.13600E-07,8.5443E-01
2.14000E-07,8.5346E-01
2.14400E-07,8.5346E-01
2.14800E-07,8.5053E-01
2.15200E-07,8.5346E-01
2.15600E-07,8.5346E-01
2.16000E-07,8.5541E-01
2.16400E-07,8.5248E-01
2.16800E-07,8.5346E-01
2.17200E-07,8.5346E-01
2.17600E-07,8.5248E-01
2.18000E-07,8.5346E-01
2.18400E-07,8.5346E-01
2.18800E-07,8.5346E-01
2.19200E-07,8.5346E-01
2.19600E-07,8.5053E-01
2.20000E-07,8.5443E-01
2.20400E-07,8.5541E-01
2.20800E-07,8.5443E-01
2.21200E-07,8.5443E-01
2.21600E-07,8.5346E-01
2.22000E-07,8.5639E-01
2.22400E-07,8.5443E-01
2.22800E-07,8.5541E-01
2.23200E-07,8.5346E-01
2.23600E-07,8.5736E-01
2.24000E-07,8.5346E-01
2.24400E-07,8.5346E-01
2.24800E-07,8.5541E-01
2.25200E-07,8.5150E-01
2.25600E-07,8.5248E-01
2.26000E-07,8.5346E-01
2.26400E-07,8.5443E-01
2.26800E-07,8.5346E-01
2.27200E-07,8.5150E-01
2.27600E-07,8.5150E-01
2.28000E-07,8.5346E-01
2.28400E-07,8.5248E-01
2.28800E-07,8.5150E-01
2.29200E-07,8.5053E-01
2.29600E-07,8.5346E-01
2.30000E-07,8.5346E-01
2.30400E-07,8.5346E-01
2.30800E-07,8.5346E-01
2.31200E-07,8.4955E-01
2.31600E-07,8.5541E-01
2.32000E-07,8.5639E-01
2.32400E-07,8.5150E-01
2.32800E-07,8.5639E-01
2.33200E-07,8.5248E-01
2.33600E-07,8.5053E-01
2.34000E-07,8.5346E-01
2.34400E-07,8.5150E-01
2.34800E-07,8.5346E-01
2.35200E-07,8.5248E-01
2.35600E-07,8.5639E-01
2.36000E-07,8.5541E-01
2.36400E-07,8.5346E-01
2.36800E-07,8.5248E-01
2.37200E-07,8.5639E-01
2.37600E-07,8.5541E-01
2.38000E-07,8.5639E-01
2.38400E-07,8.5443E-01
2.38800E-07,8.5248E-01
2.39200E-07,8.5346E-01
2.39600E-07,8.5346E-01
2.40000E-07,8.5443E-01
2.40400E-07,8.5639E-01
2.40800E-07,8.5346E-01
2.41200E-07,8.5248E-01
2.41600E-07,8.5346E-01
2.42000E-07,8.5443E-01
2.42400E-07,8.5248E-01
2.42800E-07,8.5443E-01
2.43200E-07,8.5248E-01
2.43600E-07,8.5248E-01
2.44000E-07,8.5248E-01
2.44400E-07,8.5248E-01
2.44800E-07,8.5443E-01
2.45200E-07,8.5346E-01
2.45600E-07,8.5346E-01
2.46000E-07,8.5541E-01
2.46400E-07,8.5346E-01
2.46800E-07,8.5443E-01
2.47200E-07,8.5346E-01
2.47600E-07,8.5443E-01
2.48000E-07,8.5541E-01
2.48400E-07,8.5053E-01
2.48800E-07,8.5346E-01
2.49200E-07,8.5053E-01
2.49600E-07,8.5443E-01
2.50000E-07,8.5346E-01
2.50400E-07,8.5248E-01
2.50800E-07,8.5541E-01
2.51200E-07,8.5346E-01
2.51600E-07,8.4955E-01
2.52000E-07,8.5639E-01
2.52400E-07,8.5346E-01
2.52800E-07,8.5346E-01
2.53200E-07,8.5248E-01
2.53600E-07,8.5248E-01
2.54000E-07,8.5248E-01
2.54400E-07,8.4955E-01
2.54800E-07,8.5053E-01
2.55200E-07,8.5150E-01
2.55600E-07,8.5346E-01
2.56000E-07,8.5248E-01
2.56400E-07,8.5346E-01
2.56800E-07,8.5541E-01
2.57200E-07,8.5053E-01
2.57600E-07,8.5443E-01
2.58000E-07,8.5150E-01
2.58400E-07,8.5150E-01
2.58800E-07,8.5346E-01
2.59200E-07,8.4955E-01
2.59600E-07,8.5248E-01
2.60000E-07,8.4955E-01
2.60400E-07,8.5053E-01
2.60800E-07,8.5346E-01
2.61200E-07,8.5150E-01
2.61600E-07,8.5346E-01
2.62000E-07,8.5346E-01
2.62400E-07,8.5053E-01
2.62800E-07,8.5053E-01
2.63200E-07,8.5248E-01
2.63600E-07,8.5346E-01
2.64000E-07,8.4955E-01
2.64400E-07,8.4760E-01
2.64800E-07,8.5053E-01
2.65200E-07,8.4760E-01
2.65600E-07,8.5248E-01
2.66000E-07,8.5150E-01
2.66400E-07,8.5248E-01
2.66800E-07,8.5053E-01
2.67200E-07,8.4955E-01
2.67600E-07,8.4760E-01
2.68000E-07,8.5053E-01
2.68400E-07,8.5053E-01
2.68800E-07,8.4857E-01
2.69200E-07,8.5248E-01
2.69600E-07,8.4857E-01
2.70000E-07,8.5346E-01
2.70400E-07,8.5053E-01
2.70800E-07,8.5346E-01
2.71200E-07,8.5443E-01
2.71600E-07,8.4857E-01
2.72000E-07,8.5150E-01
2.72400E-07,8.5150E-01
2.72800E-07,8.5150E-01
2.73200E-07,8.5053E-01
2.73600E-07,8.4955E-01
2.74000E-07,8.4857E-01
2.74400E-07,8.5053E-01
2.74800E-07,8.4857E-01
2.75200E-07,8.4955E-01
2.75600E-07,8.5150E-01
2.76000E-07,8.4955E-01
2.76400E-07,8.5541E-01
2.76800E-07,8.5346E-01
2.77200E-07,8.4955E-01
2.77600E-07,8.5053E-01
2.78000E-07,8.4955E-01
2.78400E-07,8.4662E-01
2.78800E-07,8.4857E-01
2.79200E-07,8.4760E-01
2.79600E-07,8.4955E-01
2.80000E-07,8.4955E-01
2.80400E-07,8.4955E-01
2.80800E-07,8.5443E-01
2.81200E-07,8.4662E-01
2.81600E-07,8.4760E-01
2.82000E-07,8.4857E-01
2.82400E-07,8.4857E-01
2.82800E-07,8.4760E-01
2.83200E-07,8.4857E-01
2.83600E-07,8.4760E-01
2.84000E-07,8.4955E-01
2.84400E-07,8.4955E-01
2.84800E-07,8.5053E-01
2.85200E-07,8.5150E-01
2.85600E-07,8.4662E-01
2.86000E-07,8.4955E-01
2.86400E-07,8.4857E-01
2.86800E-07,8.4955E-01
2.87200E-07,8.4857E-01
2.87600E-07,8.5150E-01
2.88000E-07,8.4955E-01
2.88400E-07,8.4857E-01
2.88800E-07,8.4662E-01
2.89200E-07,8.4760E-01
2.89600E-07,8.4955E-01
2.90000E-07,8.4760E-01
2.90400E-07,8.4857E-01
2.90800E-07,8.4955E-01
2.91200E-07,8.4564E-01
2.91600E-07,8.4662E-01
2.92000E-07,8.4662E-01
2.92400E-07,8.4467E-01
2.92800E-07,8.4760E-01
2.93200E-07,8.4857E-01
2.93600E-07,8.4760E-01
2.94000E-07,8.4760E-01
2.94400E-07,8.4662E-01
2.94800E-07,8.4662E-01
2.95200E-07,8.4760E-01
2.95600E-07,8.4955E-01
2.96000E-07,8.4760E-01
2.96400E-07,8.4467E-01
2.96800E-07,8.5053E-01
2.97200E-07,8.4564E-01
2.97600E-07,8.4369E-01
2.98000E-07,8.4760E-01
2.98400E-07,8.4760E-01
2.98800E-07,8.4564E-01
2.99200E-07,8.4662E-01
2.99600E-07,8.4760E-01
3.00000E-07,8.4662E-01
3.00400E-07,8.4564E-01
3.00800E-07,8.4662E-01
3.01200E-07,8.4369E-01
3.01600E-07,8.4369E-01
3.02000E-07,8.4467E-01
3.02400E-07,8.4174E-01
3.02800E-07,8.4467E-01
3.03200E-07,8.4564E-01
3.03600E-07,8.4662E-01
3.04000E-07,8.4564E-01
3.04400E-07,8.4369E-01
3.04800E-07,8.4271E-01
3.05200E-07,8.4369E-01
3.05600E-07,8.4662E-01
3.06000E-07,8.4760E-01
3.06400E-07,8.4467E-01
3.06800E-07,8.4662E-01
3.07200E-07,8.4271E-01
3.07600E-07,8.4174E-01
3.08000E-07,8.4564E-01
3.08400E-07,8.4467E-01
3.08800E-07,8.4271E-01
3.09200E-07,8.4369E-01
3.09600E-07,8.4467E-01
3.10000E-07,8.4271E-01
3.10400E-07,8.4662E-01
3.10800E-07,8.4271E-01
3.11200E-07,8.4467E-01
3.11600E-07,8.4369E-01
3.12000E-07,8.4271E-01
3.12400E-07,8.4564E-01
3.12800E-07,8.4369E-01
3.13200E-07,8.4467E-01
3.13600E-07,8.4174E-01
3.14000E-07,8.4662E-01
3.14400E-07,8.4174E-01
3.14800E-07,8.4467E-01
3.15200E-07,8.4076E-01
3.15600E-07,8.3881E-01
3.16000E-07,8.4271E-01
3.16400E-07,8.4271E-01
3.16800E-07,8.4174E-01
3.17200E-07,8.3979E-01
3.17600E-07,8.4467E-01
3.18000E-07,8.4076E-01
3.18400E-07,8.4174E-01
3.18800E-07,8.4076E-01
3.19200E-07,8.4271E-01
3.19600E-07,8.4076E-01
3.20000E-07,8.3979E-01
3.20400E-07,8.3979E-01
3.20800E-07,8.4076E-01
3.21200E-07,8.4369E-01
3.21600E-07,8.4076E-01
3.22000E-07,8.3881E-01
3.22400E-07,8.4271E-01
3.22800E-07,8.3881E-01
3.23200E-07,8.4271E-01
3.23600E-07,8.4076E-01
3.24000E-07,8.4271E-01
3.24400E-07,8.4076E-01
3.24800E-07,8.4174E-01
3.25200E-07,8.4076E-01
3.25600E-07,8.4271E-01
3.26000E-07,8.4174E-01
3.26400E-07,8.4174E-01
3.26800E-07,8.3881E-01
3.27200E-07,8.3686E-01
3.27600E-07,8.4174E-01
3.28000E-07,8.3979E-01
3.28400E-07,8.4174E-01
3.28800E-07,8.4076E-01
3.29200E-07,8.4076E-01
3.29600E-07,8.3881E-01
3.30000E-07,8.3979E-01
3.30400E-07,8.3881E-01
3.30800E-07,8.3881E-01
3.31200E-07,8.3979E-01
3.31600E-07,8.3881E-01
3.32000E-07,8.3881E-01
3.32400E-07,8.3783E-01
3.32800E-07,8.3783E-01
3.33200E-07,8.3588E-01
3.33600E-07,8.3979E-01
3.34000E-07,8.3979E-01
3.34400E-07,8.3686E-01
3.34800E-07,8.3588E-01
3.35200E-07,8.3881E-01
3.35600E-07,8.3588E-01
3.36000E-07,8.3783E-01
3.36400E-07,8.3881E-01
3.36800E-07,8.3881E-01
3.37200E-07,8.4174E-01
3.37600E-07,8.3783E-01
3.38000E-07,8.3588E-01
3.38400E-07,8.3881E-01
3.38800E-07,8.3881E-01
3.39200E-07,8.3197E-01
3.39600E-07,8.3783E-01
3.40000E-07,8.3686E-01
3.40400E-07,8.3783E-01
3.40800E-07,8.3588E-01
3.41200E-07,8.3490E-01
3.41600E-07,8.3881E-01
3.42000E-07,8.3783E-01
3.42400E-07,8.3783E-01
3.42800E-07,8.3686E-01
3.43200E-07,8.3881E-01
3.43600E-07,8.3588E-01
3.44000E-07,8.3588E-01
3.44400E-07,8.3686E-01
3.44800E-07,8.3588E-01
3.45200E-07,8.3490E-01
3.45600E-07,8.3393E-01
3.46000E-07,8.3588E-01
3.46400E-07,8.3490E-01
3.46800E-07,8.3881E-01
3.47200E-07,8.3393E-01
3.47600E-07,8.3393E-01
3.48000E-07,8.3393E-01
3.48400E-07,8.3490E-01
3.48800E-07,8.3686E-01
3.49200E-07,8.3588E-01
3.49600E-07,8.3588E-01
3.50000E-07,8.3588E-01
3.50400E-07,8.3686E-01
3.50800E-07,8.3393E-01
3.51200E-07,8.3588E-01
3.51600E-07,8.3588E-01
3.52000E-07,8.3295E-01
3.52400E-07,8.3295E-01
3.52800E-07,8.3002E-01
3.53200E-07,8.3295E-01
3.53600E-07,8.3197E-01
3.54000E-07,8.3100E-01
3.54400E-07,8.3393E-01
3.54800E-07,8.3100E-01
3.55200E-07,8.3197E-01
3.55600E-07,8.3393E-01
3.56000E-07,8.3588E-01
3.56400E-07,8.3393E-01
3.56800E-07,8.3197E-01
3.57200E-07,8.3197E-01
3.57600E-07,8.3295E-01
3.58000E-07,8.3393E-01
3.58400E-07,8.3197E-01
3.58800E-07,8.3197E-01
3.59200E-07,8.3002E-01
3.59600E-07,8.3393E-01
3.60000E-07,8.3295E-01
3.60400E-07,8.3100E-01
3.60800E-07,8.3002E-01
3.61200E-07,8.2904E-01
3.61600E-07,8.3100E-01
3.62000E-07,8.3197E-01
3.62400E-07,8.3197E-01
3.62800E-07,8.3002E-01
3.63200E-07,8.3197E-01
3.63600E-07,8.3002E-01
3.64000E-07,8.3197E-01
3.64400E-07,8.3100E-01
3.64800E-07,8.2904E-01
3.65200E-07,8.2709E-01
3.65600E-07,8.2807E-01
3.66000E-07,8.2709E-01
3.66400E-07,8.2904E-01
3.66800E-07,8.2611E-01
3.67200E-07,8.2807E-01
3.67600E-07,8.2807E-01
3.68000E-07,8.2709E-01
3.68400E-07,8.2709E-01
3.68800E-07,8.2904E-01
3.69200E-07,8.3100E-01
3.69600E-07,8.2807E-01
3.70000E-07,8.2807E-01
3.70400E-07,8.2904E-01
3.70800E-07,8.2709E-01
3.71200E-07,8.2904E-01
3.71600E-07,8.2611E-01
3.72000E-07,8.2416E-01
3.72400E-07,8.2904E-01
3.72800E-07,8.2807E-01
3.73200E-07,8.2611E-01
3.73600E-07,8.2807E-01
3.74000E-07,8.2904E-01
3.74400E-07,8.2904E-01
3.74800E-07,8.2807E-01
3.75200E-07,8.2904E-01
3.75600E-07,8.2807E-01
3.76000E-07,8.2514E-01
3.76400E-07,8.2807E-01
3.76800E-07,8.2807E-01
3.77200E-07,8.2514E-01
3.77600E-07,8.2514E-01
3.78000E-07,8.2514E-01
3.78400E-07,8.2318E-01
3.78800E-07,8.2904E-01
3.79200E-07,8.2318E-01
3.79600E-07,8.2025E-01
3.80000E-07,8.2514E-01
3.80400E-07,8.2416E-01
3.80800E-07,8.2514E-01
3.81200E-07,8.2123E-01
3.81600E-07,8.2611E-01
3.82000E-07,8.2318E-01
3.82400E-07,8.2318E-01
3.82800E-07,8.2318E-01
3.83200E-07,8.2611E-01
3.83600E-07,8.2221E-01
3.84000E-07,8.2221E-01
3.84400E-07,8.2318E-01
3.84800E-07,8.2221E-01
3.85200E-07,8.2514E-01
3.85600E-07,8.2123E-01
3.86000E-07,8.2318E-01
3.86400E-07,8.2123E-01
3.86800E-07,8.2318E-01
3.87200E-07,8.2123E-01
3.87600E-07,8.2123E-01
3.88000E-07,8.2318E-01
3.88400E-07,8.2025E-01
3.88800E-07,8.2514E-01
3.89200E-07,8.2123E-01
3.89600E-07,8.2318E-01
3.90000E-07,8.2123E-01
3.90400E-07,8.2318E-01
3.90800E-07,8.2025E-01
3.91200E-07,8.2025E-01
3.91600E-07,8.2025E-01
3.92000E-07,8.1928E-01
3.92400E-07,8.1830E-01
3.92800E-07,8.1928E-01
3.93200E-07,8.2025E-01
3.93600E-07,8.1830E-01
3.94000E-07,8.2025E-01
3.94400E-07,8.1830E-01
3.94800E-07,8.1830E-01
3.95200E-07,8.2123E-01
3.95600E-07,8.2123E-01
3.96000E-07,8.1830E-01
3.96400E-07,8.1830E-01
3.96800E-07,8.1732E-01
3.97200E-07,8.1830E-01
3.97600E-07,8.1732E-01
3.98000E-07,8.2318E-01
3.98400E-07,8.1830E-01
3.98800E-07,8.2123E-01
3.99200E-07,8.1732E-01
3.99600E-07,8.1732E-01
4.00000E-07,8.1830E-01
4.00400E-07,8.1830E-01
4.00800E-07,8.1635E-01
4.01200E-07,8.1244E-01
4.01600E-07,8.1928E-01
4.02000E-07,8.1732E-01
4.02400E-07,8.1635E-01
4.02800E-07,8.1635E-01
4.03200E-07,8.1732E-01
4.03600E-07,8.1244E-01
4.04000E-07,8.1537E-01
4.04400E-07,8.1244E-01
4.04800E-07,8.1342E-01
4.05200E-07,8.1635E-01
4.05600E-07,8.1439E-01
4.06000E-07,8.1732E-01
4.06400E-07,8.1732E-01
4.06800E-07,8.1439E-01
4.07200E-07,8.1439E-01
4.07600E-07,8.1342E-01
4.08000E-07,8.1244E-01
4.08400E-07,8.1342E-01
4.08800E-07,8.1439E-01
4.09200E-07,8.1439E-01
4.09600E-07,8.1146E-01
4.10000E-07,8.1342E-01
4.10400E-07,8.1342E-01
4.10800E-07,8.1635E-01
4.11200E-07,8.1439E-01
4.11600E-07,8.1146E-01
4.12000E-07,8.1342E-01
4.12400E-07,8.1342E-01
4.12800E-07,8.1635E-01
4.13200E-07,8.1244E-01
4.13600E-07,8.1342E-01
4.14000E-07,8.1342E-01
4.14400E-07,8.1439E-01
4.14800E-07,8.1049E-01
4.15200E-07,8.1635E-01
4.15600E-07,8.0854E-01
4.16000E-07,8.0756E-01
4.16400E-07,8.0756E-01
4.16800E-07,8.0756E-01
4.17200E-07,8.0951E-01
4.17600E-07,8.0951E-01
4.18000E-07,8.0951E-01
4.18400E-07,8.1342E-01
4.18800E-07,8.1049E-01
4.19200E-07,8.1244E-01
4.19600E-07,8.0756E-01
4.20000E-07,8.0756E-01
4.20400E-07,8.1244E-01
4.20800E-07,8.1146E-01
4.21200E-07,8.1049E-01
4.21600E-07,8.0951E-01
4.22000E-07,8.0854E-01
4.22400E-07,8.0951E-01
4.22800E-07,8.0756E-01
4.23200E-07,8.0658E-01
4.23600E-07,8.0756E-01
4.24000E-07,8.0951E-01
4.24400E-07,8.1244E-01
4.24800E-07,8.0854E-01
4.25200E-07,8.0756E-01
4.25600E-07,8.0756E-01
4.26000E-07,8.0756E-01
4.26400E-07,8.1049E-01
4.26800E-07,8.0658E-01
4.27200E-07,8.0463E-01
4.27600E-07,8.0365E-01
4.28000E-07,8.1049E-01
4.28400E-07,8.0170E-01
4.28800E-07,8.0561E-01
4.29200E-07,8.0951E-01
4.29600E-07,8.0170E-01
4.30000E-07,8.0756E-01
4.30400E-07,8.0072E-01
4.30800E-07,8.0561E-01
4.31200E-07,8.0561E-01
4.31600E-07,8.0756E-01
4.32000E-07,8.0365E-01
4.32400E-07,8.0072E-01
4.32800E-07,8.0561E-01
4.33200E-07,8.0365E-01
4.33600E-07,8.0170E-01
4.34000E-07,8.0463E-01
4.34400E-07,8.0365E-01
4.34800E-07,8.0463E-01
4.35200E-07,8.0170E-01
4.35600E-07,8.0365E-01
4.36000E-07,8.0365E-01
4.36400E-07,8.0268E-01
4.36800E-07,8.0072E-01
4.37200E-07,7.9975E-01
4.37600E-07,8.0463E-01
4.38000E-07,7.9975E-01
4.38400E-07,8.0365E-01
4.38800E-07,8.0365E-01
4.39200E-07,8.0268E-01
4.39600E-07,8.0072E-01
4.40000E-07,8.0170E-01
4.40400E-07,8.0268E-01
4.40800E-07,8.0365E-01
4.41200E-07,8.0268E-01
4.41600E-07,8.0365E-01
4.42000E-07,7.9779E-01
4.42400E-07,8.0170E-01
4.42800E-07,7.9975E-01
4.43200E-07,8.0072E-01
4.43600E-07,7.9682E-01
4.44000E-07,7.9779E-01
4.44400E-07,8.0170E-01
4.44800E-07,8.0268E-01
4.45200E-07,7.9779E-01
4.45600E-07,7.9975E-01
4.46000E-07,8.0072E-01
4.46400E-07,7.9975E-01
4.46800E-07,8.0365E-01
4.47200E-07,7.9877E-01
4.47600E-07,7.9779E-01
4.48000E-07,7.9779E-01
4.48400E-07,7.9877E-01
4.48800E-07,7.9682E-01
4.49200E-07,8.0170E-01
4.49600E-07,7.9682E-01
4.50000E-07,7.9682E-01
4.50400E-07,7.9584E-01
4.50800E-07,7.9584E-01
4.51200E-07,7.9779E-01
4.51600E-07,7.9877E-01
4.52000E-07,7.9486E-01
4.52400E-07,7.9682E-01
4.52800E-07,7.9584E-01
4.53200E-07,7.9779E-01
4.53600E-07,7.9682E-01
4.54000E-07,7.9584E-01
4.54400E-07,7.9584E-01
4.54800E-07,7.9584E-01
4.55200E-07,7.9291E-01
4.55600E-07,7.9682E-01
4.56000E-07,7.9291E-01
4.56400E-07,7.9389E-01
4.56800E-07,7.9584E-01
4.57200E-07,7.9291E-01
4.57600E-07,7.9291E-01
4.58000E-07,7.9291E-01
4.58400E-07,7.9486E-01
4.58800E-07,7.9193E-01
4.59200E-07,7.9389E-01
4.59600E-07,7.9584E-01
4.60000E-07,7.9291E-01
4.60400E-07,7.9291E-01
4.60800E-07,7.8900E-01
4.61200E-07,7.8998E-01
4.61600E-07,7.9193E-01
4.62000E-07,7.9291E-01
4.62400E-07,7.9291E-01
4.62800E-07,7.9486E-01
4.63200E-07,7.9291E-01
4.63600E-07,7.9291E-01
4.64000E-07,7.8998E-01
4.64400E-07,7.8900E-01
4.64800E-07,7.8900E-01
4.65200E-07,7.8998E-01
4.65600E-07,7.9193E-01
4.66000E-07,7.8705E-01
4.66400E-07,7.9389E-01
4.66800E-07,7.9096E-01
4.67200E-07,7.8998E-01
4.67600E-07,7.9193E-01
4.68000E-07,7.8705E-01
4.68400E-07,7.9291E-01
4.68800E-07,7.8607E-01
4.69200E-07,7.8998E-01
4.69600E-07,7.9193E-01
4.70000E-07,7.8998E-01
4.70400E-07,7.8900E-01
4.70800E-07,7.8705E-01
4.71200E-07,7.9291E-01
4.71600E-07,7.8900E-01
4.72000E-07,7.8900E-01
4.72400E-07,7.8900E-01
4.72800E-07,7.8900E-01
4.73200E-07,7.8412E-01
4.73600E-07,7.8705E-01
4.74000E-07,7.8314E-01
4.74400E-07,7.8705E-01
4.74800E-07,7.8607E-01
4.75200E-07,7.8705E-01
4.75600E-07,7.8705E-01
4.76000E-07,7.8412E-01
4.76400E-07,7.8119E-01
4.76800E-07,7.8314E-01
4.77200E-07,7.8803E-01
4.77600E-07,7.8510E-01
4.78000E-07,7.8314E-01
4.78400E-07,7.8998E-01
4.78800E-07,7.8705E-01
4.79200E-07,7.8510E-01
4.79600E-07,7.8510E-01
4.80000E-07,7.8314E-01
4.80400E-07,7.8510E-01
4.80800E-07,7.8510E-01
4.81200E-07,7.8607E-01
4.81600E-07,7.8314E-01
4.82000E-07,7.8412E-01
4.82400E-07,7.8314E-01
4.82800E-07,7.8510E-01
4.83200E-07,7.8412E-01
4.83600E-07,7.8314E-01
4.84000E-07,7.8412E-01
4.84400E-07,7.8217E-01
4.84800E-07,7.8510E-01
4.85200E-07,7.8119E-01
4.85600E-07,7.8217E-01
4.86000E-07,7.8021E-01
4.86400E-07,7.7729E-01
4.86800E-07,7.7631E-01
4.87200E-07,7.7826E-01
4.87600E-07,7.8314E-01
4.88000E-07,7.7826E-01
4.88400E-07,7.8314E-01
4.88800E-07,7.8217E-01
4.89200E-07,7.8119E-01
4.89600E-07,7.7924E-01
4.90000E-07,7.8119E-01
4.90400E-07,7.8021E-01
4.90800E-07,7.8217E-01
4.91200E-07,7.7924E-01
4.91600E-07,7.7826E-01
4.92000E-07,7.8021E-01
4.92400E-07,7.7826E-01
4.92800E-07,7.7533E-01
4.93200E-07,7.7729E-01
4.93600E-07,7.7436E-01
4.94000E-07,7.7729E-01
4.94400E-07,7.7924E-01
4.94800E-07,7.7631E-01
4.95200E-07,7.7631E-01
4.95600E-07,7.7631E-01
4.96000E-07,7.7631E-01
4.96400E-07,7.7826E-01
4.96800E-07,7.7729E-01
4.97200E-07,7.7533E-01
4.97600E-07,7.7533E-01
4.98000E-07,7.7338E-01
4.98400E-07,7.7826E-01
4.98800E-07,7.7631E-01
4.99200E-07,7.7240E-01
4.99600E-07,7.7436E-01
5.00000E-07,7.7143E-01
5.00400E-07,7.7729E-01
5.00800E-07,7.7826E-01
5.01200E-07,7.7143E-01
5.01600E-07,7.7631E-01
5.02000E-07,7.7240E-01
5.02400E-07,7.7631E-01
5.02800E-07,7.7533E-01
5.03200E-07,7.7436E-01
5.03600E-07,7.7436E-01
5.04000E-07,7.7533E-01
5.04400E-07,7.7338E-01
5.04800E-07,7.7533E-01
5.05200E-07,7.7338E-01
5.05600E-07,7.7045E-01
5.06000E-07,7.6850E-01
5.06400E-07,7.7143E-01
5.06800E-07,7.7533E-01
5.07200E-07,7.7143E-01
5.07600E-07,7.6947E-01
5.08000E-07,7.7045E-01
5.08400E-07,7.7143E-01
5.08800E-07,7.7436E-01
5.09200E-07,7.7143E-01
5.09600E-07,7.7045E-01
5.10000E-07,7.7240E-01
5.10400E-07,7.6947E-01
5.10800E-07,7.7143E-01
5.11200E-07,7.7143E-01
5.11600E-07,7.6850E-01
5.12000E-07,7.6752E-01
5.12400E-07,7.6850E-01
5.12800E-07,7.6850E-01
5.13200E-07,7.6947E-01
5.13600E-07,7.6850E-01
5.14000E-07,7.6850E-01
5.14400E-07,7.6850E-01
5.14800E-07,7.6557E-01
5.15200E-07,7.6557E-01
5.15600E-07,7.7045E-01
5.16000E-07,7.6850E-01
5.16400E-07,7.6947E-01
5.16800E-07,7.6752E-01
5.17200E-07,7.6654E-01
5.17600E-07,7.6557E-01
5.18000E-07,7.6459E-01
5.18400E-07,7.6361E-01
5.18800E-07,7.6459E-01
5.19200E-07,7.6459E-01
5.19600E-07,7.6654E-01
5.20000E-07,7.6459E-01
5.20400E-07,7.6361E-01
5.20800E-07,7.6459E-01
5.21200E-07,7.6166E-01
5.21600E-07,7.6459E-01
5.22000E-07,7.6654E-01
5.22400E-07,7.6459E-01
5.22800E-07,7.6752E-01
5.23200E-07,7.6557E-01
5.23600E-07,7.6361E-01
5.24000E-07,7.6068E-01
5.24400E-07,7.6361E-01
5.24800E-07,7.6166E-01
5.25200E-07,7.6068E-01
5.25600E-07,7.6166E-01
5.26000E-07,7.6166E-01
5.26400E-07,7.6166E-01
5.26800E-07,7.6166E-01
5.27200E-07,7.5971E-01
5.27600E-07,7.6264E-01
5.28000E-07,7.6166E-01
5.28400E-07,7.5971E-01
5.28800E-07,7.5971E-01
5.29200E-07,7.6068E-01
5.29600E-07,7.6166E-01
5.30000E-07,7.5775E-01
5.30400E-07,7.6166E-01
5.30800E-07,7.5971E-01
5.31200E-07,7.5971E-01
5.31600E-07,7.6068E-01
5.32000E-07,7.5873E-01
5.32400E-07,7.6557E-01
5.32800E-07,7.5775E-01
5.33200E-07,7.5873E-01
5.33600E-07,7.5971E-01
5.34000E-07,7.6166E-01
5.34400E-07,7.5873E-01
5.34800E-07,7.5775E-01
5.35200E-07,7.5678E-01
5.35600E-07,7.5873E-01
5.36000E-07,7.5775E-01
5.36400E-07,7.5873E-01
5.36800E-07,7.5775E-01
5.37200E-07,7.5678E-01
5.37600E-07,7.5873E-01
5.38000E-07,7.5482E-01
5.38400E-07,7.5775E-01
5.38800E-07,7.5775E-01
5.39200E-07,7.5775E-01
5.39600E-07,7.5287E-01
5.40000E-07,7.5580E-01
5.40400E-07,7.5971E-01
5.40800E-07,7.5385E-01
5.41200E-07,7.5678E-01
5.41600E-07,7.5482E-01
5.42000E-07,7.5385E-01
5.42400E-07,7.5385E-01
5.42800E-07,7.5678E-01
5.43200E-07,7.5580E-01
5.43600E-07,7.5482E-01
5.44000E-07,7.5189E-01
5.44400E-07,7.5385E-01
5.44800E-07,7.5482E-01
5.45200E-07,7.5287E-01
5.45600E-07,7.5287E-01
5.46000E-07,7.5580E-01
5.46400E-07,7.5287E-01
5.46800E-07,7.5092E-01
5.47200E-07,7.5385E-01
5.47600E-07,7.5092E-01
5.48000E-07,7.5287E-01
5.48400E-07,7.5092E-01
5.48800E-07,7.4799E-01
5.49200E-07,7.5092E-01
5.49600E-07,7.5092E-01
5.50000E-07,7.5092E-01
5.50400E-07,7.4994E-01
5.50800E-07,7.4701E-01
5.51200E-07,7.4701E-01
5.51600E-07,7.5287E-01
5.52000E-07,7.4896E-01
5.52400E-07,7.4799E-01
5.52800E-07,7.4994E-01
5.53200E-07,7.5189E-01
5.53600E-07,7.4799E-01
5.54000E-07,7.4701E-01
5.54400E-07,7.4799E-01
5.54800E-07,7.5385E-01
5.55200E-07,7.5189E-01
5.55600E-07,7.5189E-01
5.56000E-07,7.4799E-01
5.56400E-07,7.4896E-01
5.56800E-07,7.4701E-01
5.57200E-07,7.4408E-01
5.57600E-07,7.4701E-01
5.58000E-07,7.4799E-01
5.58400E-07,7.4506E-01
5.58800E-07,7.4701E-01
5.59200E-07,7.4604E-01
5.59600E-07,7.4799E-01
5.60000E-07,7.4701E-01
5.60400E-07,7.4604E-01
5.60800E-07,7.4408E-01
5.61200E-07,7.4701E-01
5.61600E-07,7.4604E-01
5.62000E-07,7.4604E-01
5.62400E-07,7.4408E-01
5.62800E-07,7.4799E-01
5.63200E-07,7.4408E-01
5.63600E-07,7.4604E-01
5.64000E-07,7.4408E-01
5.64400E-07,7.4506E-01
5.64800E-07,7.4604E-01
5.65200E-07,7.4311E-01
5.65600E-07,7.4408E-01
5.66000E-07,7.4604E-01
5.66400E-07,7.4115E-01
5.66800E-07,7.4408E-01
5.67200E-07,7.4311E-01
5.67600E-07,7.4506E-01
5.68000E-07,7.4213E-01
5.68400E-07,7.4213E-01
5.68800E-07,7.4115E-01
5.69200E-07,7.4506E-01
5.69600E-07,7.4115E-01
5.70000E-07,7.4115E-01
5.70400E-07,7.4311E-01
5.70800E-07,7.4408E-01
5.71200E-07,7.4213E-01
5.71600E-07,7.3920E-01
5.72000E-07,7.4018E-01
5.72400E-07,7.3725E-01
5.72800E-07,7.3920E-01
5.73200E-07,7.4018E-01
5.73600E-07,7.4018E-01
5.74000E-07,7.3725E-01
5.74400E-07,7.3920E-01
5.74800E-07,7.3725E-01
5.75200E-07,7.3920E-01
5.75600E-07,7.3822E-01
5.76000E-07,7.3920E-01
5.76400E-07,7.3529E-01
5.76800E-07,7.3627E-01
5.77200E-07,7.3920E-01
5.77600E-07,7.3627E-01
5.78000E-07,7.3627E-01
5.78400E-07,7.3432E-01
5.78800E-07,7.3822E-01
5.79200E-07,7.3627E-01
5.79600E-07,7.3822E-01
5.80000E-07,7.3725E-01
5.80400E-07,7.3725E-01
5.80800E-07,7.3334E-01
5.81200E-07,7.3432E-01
5.81600E-07,7.3725E-01
5.82000E-07,7.3627E-01
5.82400E-07,7.3334E-01
5.82800E-07,7.3236E-01
5.83200E-07,7.3627E-01
5.83600E-07,7.3432E-01
5.84000E-07,7.3139E-01
5.84400E-07,7.3041E-01
5.84800E-07,7.3139E-01
5.85200E-07,7.3432E-01
5.85600E-07,7.3236E-01
5.86000E-07,7.3627E-01
5.86400E-07,7.3236E-01
5.86800E-07,7.3236E-01
5.87200E-07,7.3236E-01
5.87600E-07,7.3334E-01
5.88000E-07,7.3139E-01
5.88400E-07,7.3334E-01
5.88800E-07,7.3236E-01
5.89200E-07,7.3139E-01
5.89600E-07,7.3041E-01
5.90000E-07,7.3432E-01
5.90400E-07,7.2846E-01
5.90800E-07,7.2943E-01
5.91200E-07,7.3041E-01
5.91600E-07,7.3334E-01
5.92000E-07,7.3139E-01
5.92400E-07,7.2846E-01
5.92800E-07,7.3041E-01
5.93200E-07,7.2846E-01
5.93600E-07,7.2943E-01
5.94000E-07,7.2943E-01
5.94400E-07,7.2943E-01
5.94800E-07,7.2846E-01
5.95200E-07,7.2943E-01
5.95600E-07,7.2748E-01
5.96000E-07,7.3041E-01
5.96400E-07,7.2748E-01
5.96800E-07,7.2748E-01
5.97200E-07,7.2846E-01
5.97600E-07,7.2650E-01
5.98000E-07,7.2650E-01
5.98400E-07,7.2650E-01
5.98800E-07,7.2748E-01
5.99200E-07,7.2455E-01
5.99600E-07,7.2553E-01
6.00000E-07,7.2357E-01
6.00400E-07,7.2162E-01
6.00800E-07,7.2650E-01
6.01200E-07,7.2455E-01
6.01600E-07,7.2553E-01
6.02000E-07,7.2260E-01
6.02400E-07,7.2162E-01
6.02800E-07,7.2553E-01
6.03200E-07,7.2748E-01
6.03600E-07,7.2455E-01
6.04000E-07,7.2553E-01
6.04400E-07,7.2455E-01
6.04800E-07,7.2650E-01
6.05200E-07,7.2455E-01
6.05600E-07,7.2553E-01
6.06000E-07,7.2357E-01
6.06400E-07,7.2260E-01
6.06800E-07,7.2357E-01
6.07200E-07,7.2260E-01
6.07600E-07,7.2357E-01
6.08000E-07,7.2357E-01
6.08400E-07,7.2357E-01
6.08800E-07,7.2162E-01
6.09200E-07,7.2357E-01
6.09600E-07,7.2357E-01
6.10000E-07,7.2064E-01
6.10400E-07,7.2064E-01
6.10800E-07,7.1869E-01
6.11200E-07,7.2162E-01
6.11600E-07,7.2357E-01
6.12000E-07,7.1869E-01
6.12400E-07,7.2260E-01
6.12800E-07,7.1771E-01
6.13200E-07,7.1771E-01
6.13600E-07,7.2064E-01
6.14000E-07,7.1967E-01
6.14400E-07,7.1967E-01
6.14800E-07,7.1771E-01
6.15200E-07,7.1479E-01
6.15600E-07,7.1967E-01
6.16000E-07,7.2064E-01
6.16400E-07,7.1674E-01
6.16800E-07,7.1967E-01
6.17200E-07,7.1674E-01
6.17600E-07,7.1771E-01
6.18000E-07,7.1869E-01
6.18400E-07,7.2064E-01
6.18800E-07,7.1869E-01
6.19200E-07,7.1674E-01
6.19600E-07,7.1869E-01
6.20000E-07,7.1771E-01
6.20400E-07,7.1771E-01
6.20800E-07,7.1479E-01
6.21200E-07,7.1283E-01
6.21600E-07,7.1674E-01
6.22000E-07,7.1576E-01
6.22400E-07,7.1381E-01
6.22800E-07,7.1771E-01
6.23200E-07,7.1674E-01
6.23600E-07,7.1479E-01
6.24000E-07,7.1381E-01
6.24400E-07,7.1186E-01
6.24800E-07,7.1381E-01
6.25200E-07,7.1576E-01
6.25600E-07,7.1479E-01
6.26000E-07,7.1381E-01
6.26400E-07,7.1381E-01
6.26800E-07,7.1381E-01
6.27200E-07,7.0990E-01
6.27600E-07,7.1381E-01
6.28000E-07,7.1186E-01
6.28400E-07,7.1088E-01
6.28800E-07,7.1088E-01
6.29200E-07,7.0990E-01
6.29600E-07,7.0795E-01
6.30000E-07,7.0990E-01
6.30400E-07,7.1186E-01
6.30800E-07,7.0990E-01
6.31200E-07,7.0893E-01
6.31600E-07,7.0990E-01
6.32000E-07,7.1088E-01
6.32400E-07,7.0893E-01
6.32800E-07,7.0795E-01
6.33200E-07,7.1088E-01
6.33600E-07,7.1088E-01
6.34000E-07,7.1088E-01
6.34400E-07,7.0795E-01
6.34800E-07,7.0697E-01
6.35200E-07,7.0893E-01
6.35600E-07,7.0893E-01
6.36000E-07,7.0697E-01
6.36400E-07,7.0697E-01
6.36800E-07,7.0600E-01
6.37200E-07,7.0600E-01
6.37600E-07,7.0697E-01
6.38000E-07,7.0502E-01
6.38400E-07,7.0795E-01
6.38800E-07,7.0697E-01
6.39200E-07,7.0795E-01
6.39600E-07,7.0600E-01
6.40000E-07,7.0404E-01
6.40400E-07,7.0502E-01
6.40800E-07,7.0697E-01
6.41200E-07,7.0697E-01
6.41600E-07,7.0697E-01
6.42000E-07,7.0600E-01
6.42400E-07,7.0600E-01
6.42800E-07,7.0307E-01
6.43200E-07,7.0600E-01
6.43600E-07,7.0209E-01
6.44000E-07,7.0502E-01
6.44400E-07,7.0307E-01
6.44800E-07,7.0404E-01
6.45200E-07,7.0307E-01
6.45600E-07,7.0404E-01
6.46000E-07,7.0502E-01
6.46400E-07,7.0307E-01
6.46800E-07,7.0502E-01
6.47200E-07,7.0209E-01
6.47600E-07,7.0404E-01
6.48000E-07,7.0014E-01
6.48400E-07,7.0111E-01
6.48800E-07,7.0209E-01
6.49200E-07,7.0111E-01
6.49600E-07,6.9916E-01
6.50000E-07,6.9818E-01
6.50400E-07,7.0111E-01
6.50800E-07,7.0111E-01
6.51200E-07,6.9916E-01
6.51600E-07,6.9916E-01
6.52000E-07,6.9916E-01
6.52400E-07,7.0209E-01
6.52800E-07,6.9818E-01
6.53200E-07,6.9818E-01
6.53600E-07,6.9818E-01
6.54000E-07,6.9721E-01
6.54400E-07,6.9818E-01
6.54800E-07,6.9916E-01
6.55200E-07,6.9721E-01
6.55600E-07,6.9623E-01
6.56000E-07,6.9623E-01
6.56400E-07,6.9330E-01
6.56800E-07,6.9623E-01
6.57200E-07,6.9721E-01
6.57600E-07,6.9818E-01
6.58000E-07,7.0111E-01
6.58400E-07,6.9623E-01
6.58800E-07,6.9428E-01
6.59200E-07,6.9623E-01
6.59600E-07,6.9623E-01
6.60000E-07,6.9525E-01
6.60400E-07,6.9525E-01
6.60800E-07,6.9330E-01
6.61200E-07,6.9135E-01
6.61600E-07,6.9525E-01
6.62000E-07,6.9525E-01
6.62400E-07,6.9232E-01
6.62800E-07,6.9623E-01
6.63200E-07,6.9232E-01
6.63600E-07,6.9232E-01
6.64000E-07,6.9330E-01
6.64400E-07,6.9428E-01
6.64800E-07,6.9623E-01
6.65200E-07,6.9428E-01
6.65600E-07,6.9232E-01
6.66000E-07,6.9037E-01
6.66400E-07,6.9232E-01
6.66800E-07,6.9330E-01
6.67200E-07,6.8939E-01
6.67600E-07,6.9232E-01
6.68000E-07,6.8939E-01
6.68400E-07,6.9037E-01
6.68800E-07,6.9037E-01
6.69200E-07,6.9135E-01
6.69600E-07,6.8939E-01
6.70000E-07,6.9232E-01
6.70400E-07,6.9037E-01
6.70800E-07,6.9135E-01
6.71200E-07,6.8744E-01
6.71600E-07,6.8842E-01
6.72000E-07,6.8646E-01
6.72400E-07,6.8842E-01
6.72800E-07,6.8842E-01
6.73200E-07,6.9135E-01
6.73600E-07,6.8354E-01
6.74000E-07,6.9037E-01
6.74400E-07,6.8744E-01
6.74800E-07,6.8744E-01
6.75200E-07,6.8842E-01
6.75600E-07,6.8549E-01
6.76000E-07,6.8451E-01
6.76400E-07,6.8646E-01
6.76800E-07,6.8549E-01
6.77200E-07,6.8451E-01
6.77600E-07,6.8646E-01
6.78000E-07,6.8451E-01
6.78400E-07,6.8744E-01
6.78800E-07,6.8354E-01
6.79200E-07,6.8256E-01
6.79600E-07,6.8646E-01
6.80000E-07,6.8646E-01
6.80400E-07,6.8354E-01
6.80800E-07,6.8549E-01
6.81200E-07,6.8646E-01
6.81600E-07,6.8256E-01
6.82000E-07,6.8256E-01
6.82400E-07,6.8158E-01
6.82800E-07,6.8256E-01
6.83200E-07,6.8158E-01
6.83600E-07,6.8256E-01
6.84000E-07,6.8158E-01
6.84400E-07,6.8354E-01
6.84800E-07,6.8158E-01
6.85200E-07,6.8061E-01
6.85600E-07,6.7963E-01
6.86000E-07,6.8061E-01
6.86400E-07,6.7963E-01
6.86800E-07,6.8158E-01
6.87200E-07,6.7963E-01
6.87600E-07,6.8061E-01
6.88000E-07,6.7865E-01
6.88400E-07,6.7768E-01
6.88800E-07,6.7572E-01
6.89200E-07,6.8061E-01
6.89600E-07,6.7768E-01
6.90000E-07,6.8061E-01
6.90400E-07,6.7865E-01
6.90800E-07,6.7963E-01
6.91200E-07,6.7768E-01
6.91600E-07,6.7768E-01
6.92000E-07,6.7670E-01
6.92400E-07,6.7768E-01
6.92800E-07,6.7670E-01
6.93200E-07,6.7670E-01
6.93600E-07,6.7475E-01
6.94000E-07,6.7475E-01
6.94400E-07,6.7377E-01
6.94800E-07,6.7670E-01
6.95200E-07,6.7670E-01
6.95600E-07,6.7572E-01
6.96000E-07,6.7377E-01
6.96400E-07,6.7475E-01
6.96800E-07,6.7182E-01
6.97200E-07,6.7475E-01
6.97600E-07,6.7475E-01
6.98000E-07,6.7279E-01
6.98400E-07,6.7572E-01
6.98800E-07,6.6986E-01
6.99200E-07,6.7572E-01
6.99600E-07,6.7475E-01
7.00000E-07,6.7377E-01
7.00400E-07,6.7084E-01
7.00800E-07,6.7279E-01
7.01200E-07,6.7475E-01
7.01600E-07,6.7377E-01
7.02000E-07,6.7279E-01
7.02400E-07,6.7377E-01
7.02800E-07,6.7279E-01
7.03200E-07,6.7279E-01
7.03600E-07,6.7377E-01
7.04000E-07,6.7279E-01
7.04400E-07,6.6986E-01
7.04800E-07,6.7475E-01
7.05200E-07,6.7377E-01
7.05600E-07,6.6986E-01
7.06000E-07,6.7084E-01
7.06400E-07,6.6889E-01
7.06800E-07,6.6889E-01
7.07200E-07,6.6889E-01
7.07600E-07,6.6693E-01
7.08000E-07,6.6693E-01
7.08400E-07,6.6791E-01
7.08800E-07,6.6693E-01
7.09200E-07,6.6596E-01
7.09600E-07,6.6889E-01
7.10000E-07,6.6693E-01
7.10400E-07,6.6791E-01
7.10800E-07,6.6693E-01
7.11200E-07,6.6693E-01
7.11600E-07,6.6986E-01
7.12000E-07,6.6889E-01
7.12400E-07,6.6596E-01
7.12800E-07,6.6498E-01
7.13200E-07,6.6400E-01
7.13600E-07,6.6400E-01
7.14000E-07,6.6400E-01
7.14400E-07,6.6889E-01
7.14800E-07,6.6693E-01
7.15200E-07,6.6400E-01
7.15600E-07,6.6205E-01
7.16000E-07,6.6596E-01
7.16400E-07,6.6498E-01
7.16800E-07,6.6400E-01
7.17200E-07,6.6205E-01
7.17600E-07,6.6596E-01
7.18000E-07,6.6498E-01
7.18400E-07,6.6400E-01
7.18800E-07,6.6400E-01
7.19200E-07,6.6400E-01
7.19600E-07,6.6303E-01
7.20000E-07,6.6205E-01
7.20400E-07,6.6303E-01
7.20800E-07,6.6107E-01
7.21200E-07,6.6303E-01
7.21600E-07,6.6107E-01
7.22000E-07,6.6010E-01
7.22400E-07,6.6107E-01
7.22800E-07,6.6303E-01
7.23200E-07,6.6107E-01
7.23600E-07,6.6205E-01
7.24000E-07,6.6205E-01
7.24400E-07,6.6107E-01
7.24800E-07,6.5717E-01
7.25200E-07,6.6205E-01
7.25600E-07,6.6010E-01
7.26000E-07,6.5717E-01
7.26400E-07,6.5717E-01
7.26800E-07,6.5814E-01
7.27200E-07,6.5912E-01
7.27600E-07,6.5619E-01
7.28000E-07,6.5912E-01
7.28400E-07,6.5619E-01
7.28800E-07,6.5424E-01
7.29200E-07,6.5814E-01
7.29600E-07,6.5717E-01
7.30000E-07,6.5717E-01
7.30400E-07,6.5814E-01
7.30800E-07,6.5717E-01
7.31200E-07,6.5326E-01
7.31600E-07,6.5521E-01
7.32000E-07,6.5521E-01
7.32400E-07,6.5424E-01
7.32800E-07,6.5717E-01
7.33200E-07,6.5619E-01
7.33600E-07,6.5521E-01
7.34000E-07,6.5424E-01
7.34400E-07,6.5326E-01
7.34800E-07,6.5229E-01
7.35200E-07,6.5326E-01
7.35600E-07,6.5326E-01
7.36000E-07,6.5326E-01
7.36400E-07,6.5229E-01
7.36800E-07,6.5326E-01
7.37200E-07,6.5326E-01
7.37600E-07,6.5326E-01
7.38000E-07,6.5033E-01
7.38400E-07,6.5131E-01
7.38800E-07,6.5229E-01
7.39200E-07,6.5131E-01
7.39600E-07,6.5326E-01
7.40000E-07,6.5229E-01
7.40400E-07,6.5326E-01
7.40800E-07,6.5229E-01
7.41200E-07,6.5033E-01
7.41600E-07,6.5131E-01
7.42000E-07,6.5326E-01
7.42400E-07,6.4838E-01
7.42800E-07,6.5131E-01
7.43200E-07,6.4838E-01
7.43600E-07,6.4936E-01
7.44000E-07,6.5229E-01
7.44400E-07,6.5033E-01
7.44800E-07,6.5033E-01
7.45200E-07,6.5131E-01
7.45600E-07,6.4447E-01
7.46000E-07,6.4838E-01
7.46400E-07,6.5229E-01
7.46800E-07,6.4643E-01
7.47200E-07,6.4936E-01
7.47600E-07,6.4643E-01
7.48000E-07,6.4643E-01
7.48400E-07,6.4838E-01
7.48800E-07,6.4740E-01
7.49200E-07,6.4740E-01
7.49600E-07,6.4740E-01
7.50000E-07,6.4545E-01
7.50400E-07,6.4545E-01
7.50800E-07,6.4936E-01
7.51200E-07,6.4740E-01
7.51600E-07,6.4936E-01
7.52000E-07,6.4350E-01
7.52400E-07,6.4643E-01
7.52800E-07,6.4252E-01
7.53200E-07,6.4252E-01
7.53600E-07,6.4545E-01
7.54000E-07,6.4154E-01
7.54400E-07,6.4154E-01
7.54800E-07,6.4447E-01
7.55200E-07,6.4252E-01
7.55600E-07,6.4447E-01
7.56000E-07,6.3959E-01
7.56400E-07,6.4447E-01
7.56800E-07,6.4252E-01
7.57200E-07,6.4447E-01
7.57600E-07,6.4350E-01
7.58000E-07,6.4252E-01
7.58400E-07,6.4447E-01
7.58800E-07,6.4447E-01
7.59200E-07,6.4057E-01
7.59600E-07,6.4154E-01
7.60000E-07,6.4057E-01
7.60400E-07,6.4154E-01
7.60800E-07,6.4154E-01
7.61200E-07,6.4057E-01
7.61600E-07,6.4154E-01
7.62000E-07,6.4057E-01
7.62400E-07,6.4154E-01
7.62800E-07,6.4252E-01
7.63200E-07,6.4057E-01
7.63600E-07,6.3959E-01
7.64000E-07,6.3959E-01
7.64400E-07,6.3959E-01
7.64800E-07,6.3959E-01
7.65200E-07,6.3666E-01
7.65600E-07,6.3959E-01
7.66000E-07,6.3861E-01
7.66400E-07,6.3764E-01
7.66800E-07,6.3666E-01
7.67200E-07,6.3568E-01
7.67600E-07,6.3568E-01
7.68000E-07,6.3373E-01
7.68400E-07,6.3764E-01
7.68800E-07,6.3764E-01
7.69200E-07,6.3764E-01
7.69600E-07,6.3861E-01
7.70000E-07,6.3764E-01
7.70400E-07,6.3666E-01
7.70800E-07,6.3373E-01
7.71200E-07,6.3275E-01
7.71600E-07,6.3471E-01
7.72000E-07,6.3568E-01
7.72400E-07,6.3568E-01
7.72800E-07,6.3373E-01
7.73200E-07,6.3080E-01
7.73600E-07,6.3275E-01
7.74000E-07,6.3275E-01
7.74400E-07,6.3178E-01
7.74800E-07,6.3178E-01
7.75200E-07,6.3178E-01
7.75600E-07,6.3568E-01
7.76000E-07,6.3178E-01
7.76400E-07,6.3080E-01
7.76800E-07,6.3178E-01
7.77200E-07,6.3178E-01
7.77600E-07,6.3471E-01
7.78000E-07,6.3275E-01
7.78400E-07,6.3080E-01
7.78800E-07,6.2787E-01
7.79200E-07,6.3275E-01
7.79600E-07,6.2885E-01
7.80000E-07,6.3373E-01
7.80400E-07,6.3178E-01
7.80800E-07,6.2787E-01
7.81200E-07,6.2885E-01
7.81600E-07,6.2885E-01
7.82000E-07,6.3080E-01
7.82400E-07,6.2787E-01
7.82800E-07,6.2592E-01
7.83200E-07,6.2787E-01
7.83600E-07,6.2982E-01
7.84000E-07,6.2885E-01
7.84400E-07,6.2689E-01
7.84800E-07,6.2494E-01
7.85200E-07,6.2787E-01
7.85600E-07,6.2494E-01
7.86000E-07,6.2689E-01
7.86400E-07,6.2592E-01
7.86800E-07,6.2592E-01
7.87200E-07,6.2396E-01
7.87600E-07,6.2885E-01
7.88000E-07,6.2787E-01
7.88400E-07,6.2494E-01
7.88800E-07,6.2592E-01
7.89200E-07,6.2787E-01
7.89600E-07,6.2787E-01
7.90000E-07,6.2396E-01
7.90400E-07,6.2396E-01
7.90800E-07,6.2396E-01
7.91200E-07,6.2299E-01
7.91600E-07,6.2396E-01
7.92000E-07,6.2689E-01
7.92400E-07,6.2494E-01
7.92800E-07,6.2396E-01
7.93200E-07,6.2299E-01
7.93600E-07,6.2201E-01
7.94000E-07,6.2104E-01
7.94400E-07,6.2299E-01
7.94800E-07,6.2299E-01
7.95200E-07,6.2201E-01
7.95600E-07,6.2299E-01
7.96000E-07,6.2494E-01
7.96400E-07,6.2299E-01
7.96800E-07,6.2396E-01
7.97200E-07,6.2104E-01
7.97600E-07,6.2299E-01
7.98000E-07,6.2104E-01
7.98400E-07,6.2006E-01
7.98800E-07,6.2201E-01
7.99200E-07,6.1908E-01
7.99600E-07,6.2104E-01
8.00000E-07,6.1615E-01
8.00400E-07,6.2006E-01
8.00800E-07,6.2006E-01
8.01200E-07,6.2104E-01
8.01600E-07,6.2104E-01
8.02000E-07,6.1908E-01
8.02400E-07,6.1518E-01
8.02800E-07,6.1811E-01
8.03200E-07,6.1811E-01
8.03600E-07,6.1811E-01
8.04000E-07,6.1518E-01
8.04400E-07,6.1811E-01
8.04800E-07,6.1811E-01
8.05200E-07,6.1713E-01
8.05600E-07,6.1518E-01
8.06000E-07,6.1713E-01
8.06400E-07,6.1713E-01
8.06800E-07,6.1811E-01
8.07200E-07,6.1713E-01
8.07600E-07,6.1713E-01
8.08000E-07,6.1615E-01
8.08400E-07,6.1420E-01
8.08800E-07,6.1908E-01
8.09200E-07,6.1322E-01
8.09600E-07,6.1518E-01
8.10000E-07,6.1322E-01
8.10400E-07,6.0834E-01
8.10800E-07,6.1420E-01
8.11200E-07,6.1615E-01
8.11600E-07,6.1322E-01
8.12000E-07,6.1518E-01
8.12400E-07,6.1615E-01
8.12800E-07,6.1127E-01
8.13200E-07,6.1225E-01
8.13600E-07,6.1322E-01
8.14000E-07,6.1322E-01
8.14400E-07,6.1127E-01
8.14800E-07,6.0932E-01
8.15200E-07,6.1029E-01
8.15600E-07,6.1322E-01
8.16000E-07,6.1225E-01
8.16400E-07,6.1322E-01
8.16800E-07,6.0932E-01
8.17200E-07,6.1029E-01
8.17600E-07,6.1127E-01
8.18000E-07,6.0736E-01
8.18400E-07,6.1029E-01
8.18800E-07,6.1029E-01
8.19200E-07,6.0932E-01
8.19600E-07,6.0834E-01
8.20000E-07,6.0932E-01
8.20400E-07,6.1225E-01
8.20800E-07,6.1225E-01
8.21200E-07,6.0932E-01
8.21600E-07,6.0736E-01
8.22000E-07,6.0834E-01
8.22400E-07,6.0932E-01
8.22800E-07,6.0932E-01
8.23200E-07,6.0541E-01
8.23600E-07,6.0541E-01
8.24000E-07,6.0639E-01
8.24400E-07,6.0736E-01
8.24800E-07,6.0639E-01
8.25200E-07,6.0736E-01
8.25600E-07,6.0346E-01
8.26000E-07,6.0346E-01
8.26400E-07,6.0639E-01
8.26800E-07,6.0639E-01
8.27200E-07,6.0346E-01
8.27600E-07,6.0346E-01
8.28000E-07,6.0639E-01
8.28400E-07,6.0346E-01
8.28800E-07,6.0346E-01
8.29200E-07,6.0443E-01
8.29600E-07,6.0346E-01
8.30000E-07,6.0443E-01
8.30400E-07,6.0346E-01
8.30800E-07,6.0053E-01
8.31200E-07,6.0541E-01
8.31600E-07,6.0248E-01
8.32000E-07,6.0248E-01
8.32400E-07,6.0248E-01
8.32800E-07,6.0150E-01
8.33200E-07,6.0346E-01
8.33600E-07,6.0150E-01
8.34000E-07,6.0150E-01
8.34400E-07,6.0248E-01
8.34800E-07,5.9955E-01
8.35200E-07,6.0248E-01
8.35600E-07,6.0053E-01
8.36000E-07,5.9760E-01
8.36400E-07,6.0248E-01
8.36800E-07,6.0248E-01
8.37200E-07,5.9955E-01
8.37600E-07,6.0150E-01
8.38000E-07,6.0150E-01
8.38400E-07,6.0150E-01
8.38800E-07,6.0150E-01
8.39200E-07,5.9955E-01
8.39600E-07,5.9955E-01
8.40000E-07,6.0053E-01
8.40400E-07,5.9857E-01
8.40800E-07,5.9955E-01
8.41200E-07,5.9955E-01
8.41600E-07,5.9760E-01
8.42000E-07,5.9564E-01
8.42400E-07,5.9662E-01
8.42800E-07,5.9564E-01
8.43200E-07,5.9662E-01
8.43600E-07,5.9662E-01
8.44000E-07,6.0150E-01
8.44400E-07,5.9857E-01
8.44800E-07,5.9564E-01
8.45200E-07,5.9369E-01
8.45600E-07,5.9467E-01
8.46000E-07,5.9662E-01
8.46400E-07,5.9271E-01
8.46800E-07,5.9564E-01
8.47200E-07,5.9467E-01
8.47600E-07,5.9467E-01
8.48000E-07,5.9857E-01
8.48400E-07,5.9662E-01
8.48800E-07,5.9174E-01
8.49200E-07,5.9271E-01
8.49600E-07,5.9271E-01
8.50000E-07,5.9271E-01
8.50400E-07,5.9369E-01
8.50800E-07,5.9271E-01
8.51200E-07,5.9174E-01
8.51600E-07,5.9369E-01
8.52000E-07,5.9369E-01
8.52400E-07,5.9271E-01
8.52800E-07,5.9174E-01
8.53200E-07,5.8979E-01
8.53600E-07,5.9271E-01
8.54000E-07,5.8881E-01
8.54400E-07,5.9467E-01
8.54800E-07,5.9467E-01
8.55200E-07,5.9174E-01
8.55600E-07,5.9076E-01
8.56000E-07,5.8979E-01
8.56400E-07,5.9174E-01
8.56800E-07,5.9076E-01
8.57200E-07,5.8783E-01
8.57600E-07,5.8881E-01
8.58000E-07,5.9174E-01
8.58400E-07,5.8881E-01
8.58800E-07,5.8881E-01
8.59200E-07,5.8881E-01
8.59600E-07,5.8783E-01
8.60000E-07,5.8588E-01
8.60400E-07,5.9076E-01
8.60800E-07,5.8686E-01
8.61200E-07,5.9076E-01
8.61600E-07,5.8490E-01
8.62000E-07,5.8588E-01
8.62400E-07,5.8588E-01
8.62800E-07,5.8783E-01
8.63200E-07,5.8783E-01
8.63600E-07,5.8686E-01
8.64000E-07,5.8295E-01
8.64400E-07,5.8588E-01
8.64800E-07,5.8295E-01
8.65200E-07,5.8588E-01
8.65600E-07,5.8295E-01
8.66000E-07,5.8197E-01
8.66400E-07,5.8490E-01
8.66800E-07,5.8490E-01
8.67200E-07,5.8686E-01
8.67600E-07,5.8393E-01
8.68000E-07,5.8197E-01
8.68400E-07,5.8197E-01
8.68800E-07,5.8393E-01
8.69200E-07,5.8197E-01
8.69600E-07,5.8295E-01
8.70000E-07,5.8588E-01
8.70400E-07,5.8393E-01
8.70800E-07,5.8197E-01
8.71200E-07,5.8295E-01
8.71600E-07,5.8197E-01
8.72000E-07,5.7904E-01
8.72400E-07,5.7904E-01
8.72800E-07,5.8197E-01
8.73200E-07,5.8295E-01
8.73600E-07,5.8002E-01
8.74000E-07,5.8197E-01
8.74400E-07,5.8002E-01
8.74800E-07,5.7807E-01
8.75200E-07,5.8100E-01
8.75600E-07,5.8100E-01
8.76000E-07,5.8002E-01
8.76400E-07,5.8100E-01
8.76800E-07,5.7807E-01
8.77200E-07,5.7416E-01
8.77600E-07,5.8100E-01
8.78000E-07,5.8197E-01
8.78400E-07,5.8100E-01
8.78800E-07,5.7709E-01
8.79200E-07,5.7709E-01
8.79600E-07,5.7904E-01
8.80000E-07,5.7807E-01
8.80400E-07,5.7807E-01
8.80800E-07,5.7709E-01
8.81200E-07,5.7514E-01
8.81600E-07,5.8002E-01
8.82000E-07,5.7709E-01
8.82400E-07,5.7807E-01
8.82800E-07,5.7611E-01
8.83200E-07,5.7514E-01
8.83600E-07,5.7416E-01
8.84000E-07,5.7709E-01
8.84400E-07,5.7514E-01
8.84800E-07,5.7709E-01
8.85200E-07,5.7807E-01
8.85600E-07,5.7416E-01
8.86000E-07,5.7416E-01
8.86400E-07,5.7416E-01
8.86800E-07,5.7514E-01
8.87200E-07,5.7123E-01
8.87600E-07,5.7416E-01
8.88000E-07,5.7416E-01
8.88400E-07,5.7025E-01
8.88800E-07,5.7416E-01
8.89200E-07,5.7221E-01
8.89600E-07,5.7025E-01
8.90000E-07,5.6830E-01
8.90400E-07,5.7221E-01
8.90800E-07,5.7123E-01
8.91200E-07,5.6928E-01
8.91600E-07,5.7123E-01
8.92000E-07,5.7221E-01
8.92400E-07,5.7123E-01
8.92800E-07,5.7221E-01
8.93200E-07,5.7123E-01
8.93600E-07,5.7221E-01
8.94000E-07,5.7025E-01
8.94400E-07,5.7025E-01
8.94800E-07,5.6830E-01
8.95200E-07,5.7025E-01
8.95600E-07,5.7025E-01
8.96000E-07,5.6830E-01
8.96400E-07,5.6732E-01
8.96800E-07,5.7123E-01
8.97200E-07,5.6732E-01
8.97600E-07,5.6928E-01
8.98000E-07,5.6830E-01
8.98400E-07,5.6830E-01
8.98800E-07,5.6635E-01
8.99200E-07,5.6830E-01
8.99600E-07,5.6830E-01
9.00000E-07,5.6635E-01
9.00400E-07,5.6928E-01
9.00800E-07,5.6635E-01
9.01200E-07,5.6928E-01
9.01600E-07,5.6732E-01
9.02000E-07,5.6732E-01
9.02400E-07,5.6830E-01
9.02800E-07,5.6732E-01
9.03200E-07,5.6732E-01
9.03600E-07,5.6830E-01
9.04000E-07,5.6635E-01
9.04400E-07,5.6146E-01
9.04800E-07,5.6537E-01
9.05200E-07,5.6342E-01
9.05600E-07,5.6635E-01
9.06000E-07,5.6146E-01
9.06400E-07,5.6342E-01
9.06800E-07,5.6537E-01
9.07200E-07,5.6537E-01
9.07600E-07,5.6244E-01
9.08000E-07,5.6244E-01
9.08400E-07,5.6439E-01
9.08800E-07,5.6049E-01
9.09200E-07,5.6146E-01
9.09600E-07,5.6342E-01
9.10000E-07,5.6342E-01
9.10400E-07,5.6244E-01
9.10800E-07,5.5854E-01
9.11200E-07,5.6146E-01
9.11600E-07,5.6049E-01
9.12000E-07,5.6244E-01
9.12400E-07,5.5951E-01
9.12800E-07,5.6049E-01
9.13200E-07,5.6244E-01
9.13600E-07,5.6244E-01
9.14000E-07,5.5756E-01
9.14400E-07,5.6146E-01
9.14800E-07,5.6244E-01
9.15200E-07,5.5756E-01
9.15600E-07,5.5756E-01
9.16000E-07,5.5854E-01
9.16400E-07,5.6146E-01
9.16800E-07,5.5658E-01
9.17200E-07,5.5951E-01
9.17600E-07,5.5854E-01
9.18000E-07,5.5951E-01
9.18400E-07,5.5756E-01
9.18800E-07,5.5561E-01
9.19200E-07,5.5658E-01
9.19600E-07,5.5854E-01
9.20000E-07,5.5463E-01
9.20400E-07,5.5658E-01
9.20800E-07,5.5951E-01
9.21200E-07,5.5268E-01
9.21600E-07,5.5463E-01
9.22000E-07,5.5756E-01
9.22400E-07,5.5268E-01
9.22800E-07,5.5463E-01
9.23200E-07,5.5463E-01
9.23600E-07,5.5561E-01
9.24000E-07,5.5268E-01
9.24400E-07,5.5268E-01
9.24800E-07,5.5365E-01
9.25200E-07,5.5268E-01
9.25600E-07,5.5561E-01
9.26000E-07,5.5658E-01
9.26400E-07,5.5365E-01
9.26800E-07,5.5268E-01
9.27200E-07,5.5561E-01
9.27600E-07,5.5268E-01
9.28000E-07,5.4877E-01
9.28400E-07,5.5365E-01
9.28800E-07,5.5268E-01
9.29200E-07,5.5268E-01
9.29600E-07,5.5268E-01
9.30000E-07,5.5072E-01
9.30400E-07,5.5072E-01
9.30800E-07,5.4877E-01
9.31200E-07,5.5072E-01
9.31600E-07,5.4975E-01
9.32000E-07,5.4975E-01
9.32400E-07,5.5463E-01
9.32800E-07,5.5170E-01
9.33200E-07,5.5072E-01
9.33600E-07,5.5072E-01
9.34000E-07,5.4877E-01
9.34400E-07,5.4779E-01
9.34800E-07,5.5072E-01
9.35200E-07,5.4877E-01
9.35600E-07,5.5365E-01
9.36000E-07,5.4877E-01
9.36400E-07,5.4975E-01
9.36800E-07,5.4779E-01
9.37200E-07,5.4682E-01
9.37600E-07,5.4682E-01
9.38000E-07,5.4877E-01
9.38400E-07,5.4877E-01
9.38800E-07,5.4975E-01
9.39200E-07,5.4877E-01
9.39600E-07,5.4584E-01
9.40000E-07,5.4682E-01
9.40400E-07,5.4877E-01
9.40800E-07,5.4584E-01
9.41200E-07,5.4584E-01
9.41600E-07,5.4584E-01
9.42000E-07,5.4975E-01
9.42400E-07,5.4682E-01
9.42800E-07,5.4389E-01
9.43200E-07,5.4584E-01
9.43600E-07,5.4389E-01
9.44000E-07,5.4584E-01
9.44400E-07,5.4193E-01
9.44800E-07,5.4486E-01
9.45200E-07,5.4682E-01
9.45600E-07,5.4682E-01
9.46000E-07,5.4584E-01
9.46400E-07,5.4389E-01
9.46800E-07,5.4584E-01
9.47200E-07,5.4486E-01
9.47600E-07,5.4193E-01
9.48000E-07,5.4193E-01
9.48400E-07,5.4486E-01
9.48800E-07,5.4486E-01
9.49200E-07,5.4193E-01
9.49600E-07,5.4291E-01
9.50000E-07,5.4096E-01
9.50400E-07,5.4291E-01
9.50800E-07,5.3900E-01
9.51200E-07,5.4096E-01
9.51600E-07,5.4389E-01
9.52000E-07,5.4193E-01
9.52400E-07,5.3998E-01
9.52800E-07,5.3900E-01
9.53200E-07,5.3900E-01
9.53600E-07,5.3607E-01
9.54000E-07,5.3803E-01
9.54400E-07,5.3803E-01
9.54800E-07,5.3998E-01
9.55200E-07,5.3998E-01
9.55600E-07,5.3803E-01
9.56000E-07,5.3998E-01
9.56400E-07,5.4096E-01
9.56800E-07,5.3705E-01
9.57200E-07,5.3998E-01
9.57600E-07,5.3900E-01
9.58000E-07,5.3803E-01
9.58400E-07,5.3900E-01
9.58800E-07,5.3510E-01
9.59200E-07,5.3803E-01
9.59600E-07,5.3900E-01
9.60000E-07,5.3412E-01
9.60400E-07,5.3607E-01
9.60800E-07,5.3607E-01
9.61200E-07,5.3705E-01
9.61600E-07,5.3412E-01
9.62000E-07,5.3510E-01
9.62400E-07,5.3607E-01
9.62800E-07,5.3510E-01
9.63200E-07,5.3803E-01
9.63600E-07,5.3510E-01
9.64000E-07,5.3803E-01
9.64400E-07,5.3607E-01
9.64800E-07,5.3607E-01
9.65200E-07,5.3217E-01
9.65600E-07,5.3510E-01
9.66000E-07,5.3217E-01
9.66400E-07,5.3412E-01
9.66800E-07,5.3314E-01
9.67200E-07,5.3412E-01
9.67600E-07,5.3412E-01
9.68000E-07,5.3314E-01
9.68400E-07,5.3217E-01
9.68800E-07,5.2924E-01
9.69200E-07,5.3119E-01
9.69600E-07,5.3412E-01
9.70000E-07,5.2924E-01
9.70400E-07,5.3314E-01
9.70800E-07,5.3314E-01
9.71200E-07,5.3510E-01
9.71600E-07,5.3217E-01
9.72000E-07,5.3314E-01
9.72400E-07,5.3314E-01
9.72800E-07,5.3119E-01
9.73200E-07,5.3119E-01
9.73600E-07,5.2533E-01
9.74000E-07,5.3412E-01
9.74400E-07,5.3119E-01
9.74800E-07,5.3217E-01
9.75200E-07,5.2631E-01
9.75600E-07,5.3119E-01
9.76000E-07,5.2729E-01
9.76400E-07,5.3021E-01
9.76800E-07,5.3119E-01
9.77200E-07,5.3119E-01
9.77600E-07,5.3021E-01
9.78000E-07,5.3021E-01
9.78400E-07,5.3119E-01
9.78800E-07,5.2631E-01
9.79200E-07,5.2729E-01
9.79600E-07,5.2533E-01
9.80000E-07,5.2533E-01
9.80400E-07,5.2729E-01
9.80800E-07,5.2924E-01
9.81200E-07,5.2631E-01
9.81600E-07,5.2631E-01
9.82000E-07,5.2436E-01
9.82400E-07,5.2924E-01
9.82800E-07,5.2631E-01
9.83200E-07,5.2436E-01
9.83600E-07,5.2533E-01
9.84000E-07,5.2436E-01
9.84400E-07,5.2436E-01
9.84800E-07,5.2338E-01
9.85200E-07,5.2729E-01
9.85600E-07,5.2338E-01
9.86000E-07,5.2631E-01
9.86400E-07,5.2240E-01
9.86800E-07,5.2729E-01
9.87200E-07,5.2436E-01
9.87600E-07,5.2143E-01
9.88000E-07,5.2338E-01
9.88400E-07,5.2143E-01
9.88800E-07,5.2143E-01
9.89200E-07,5.2240E-01
9.89600E-07,5.2338E-01
9.90000E-07,5.2436E-01
9.90400E-07,5.2240E-01
9.90800E-07,5.2143E-01
9.91200E-07,5.2240E-01
9.91600E-07,5.2338E-01
9.92000E-07,5.2045E-01
9.92400E-07,5.2338E-01
9.92800E-07,5.2338E-01
9.93200E-07,5.2338E-01
9.93600E-07,5.2240E-01
9.94000E-07,5.2045E-01
9.94400E-07,5.2240E-01
9.94800E-07,5.2240E-01
9.95200E-07,5.2045E-01
9.95600E-07,5.1947E-01
9.96000E-07,5.2338E-01
9.96400E-07,5.2143E-01
9.96800E-07,5.1557E-01
9.97200E-07,5.1850E-01
9.97600E-07,5.1752E-01
9.98000E-07,5.1752E-01
9.98400E-07,5.2338E-01
9.98800E-07,5.1752E-01
9.99200E-07,5.1850E-01
9.99600E-07,5.1850E-01
1.00000E-06,5.1947E-01
1.00040E-06,5.1654E-01
1.00080E-06,5.1654E-01
1.00120E-06,5.1654E-01
1.00160E-06,5.1850E-01
1.00200E-06,5.1947E-01
1.00240E-06,5.2045E-01
1.00280E-06,5.2045E-01
1.00320E-06,5.1654E-01
1.00360E-06,5.1752E-01
1.00400E-06,5.1557E-01
1.00440E-06,5.1361E-01
1.00480E-06,5.1654E-01
1.00520E-06,5.1264E-01
1.00560E-06,5.1068E-01
1.00600E-06,5.1166E-01
1.00640E-06,5.1361E-01
1.00680E-06,5.1361E-01
1.00720E-06,5.1654E-01
1.00760E-06,5.1361E-01
1.00800E-06,5.1557E-01
1.00840E-06,5.1264E-01
1.00880E-06,5.1557E-01
1.00920E-06,5.1654E-01
1.00960E-06,5.1654E-01
1.01000E-06,5.1361E-01
1.01040E-06,5.1361E-01
1.01080E-06,5.1166E-01
1.01120E-06,5.1264E-01
1.01160E-06,5.1361E-01
1.01200E-06,5.1361E-01
1.01240E-06,5.1361E-01
1.01280E-06,5.1264E-01
1.01320E-06,5.1166E-01
1.01360E-06,5.0971E-01
1.01400E-06,5.1068E-01
1.01440E-06,5.1068E-01
1.01480E-06,5.0971E-01
1.01520E-06,5.1264E-01
1.01560E-06,5.1264E-01
1.01600E-06,5.1361E-01
1.01640E-06,5.0971E-01
1.01680E-06,5.1361E-01
1.01720E-06,5.1264E-01
1.01760E-06,5.0971E-01
1.01800E-06,5.0873E-01
1.01840E-06,5.1264E-01
1.01880E-06,5.1166E-01
1.01920E-06,5.0971E-01
1.01960E-06,5.0873E-01
1.02000E-06,5.0873E-01
1.02040E-06,5.0873E-01
1.02080E-06,5.0873E-01
1.02120E-06,5.1068E-01
1.02160E-06,5.0971E-01
1.02200E-06,5.1068E-01
1.02240E-06,5.1068E-01
1.02280E-06,5.0873E-01
1.02320E-06,5.1166E-01
1.02360E-06,5.0873E-01
1.02400E-06,5.0775E-01
1.02440E-06,5.0971E-01
1.02480E-06,5.0678E-01
1.02520E-06,5.0678E-01
1.02560E-06,5.0971E-01
1.02600E-06,5.0580E-01
1.02640E-06,5.0678E-01
1.02680E-06,5.0287E-01
1.02720E-06,5.0678E-01
1.02760E-06,5.0385E-01
1.02800E-06,5.0580E-01
1.02840E-06,5.0482E-01
1.02880E-06,5.0580E-01
1.02920E-06,5.0482E-01
1.02960E-06,5.0287E-01
1.03000E-06,5.0678E-01
1.03040E-06,5.0482E-01
1.03080E-06,5.0287E-01
1.03120E-06,5.0287E-01
1.03160E-06,5.0482E-01
1.03200E-06,5.0482E-01
1.03240E-06,5.0385E-01
1.03280E-06,5.0287E-01
1.03320E-06,5.0482E-01
1.03360E-06,5.0678E-01
1.03400E-06,5.0189E-01
1.03440E-06,5.0678E-01
1.03480E-06,5.0385E-01
1.03520E-06,5.0287E-01
1.03560E-06,5.0385E-01
1.03600E-06,5.0287E-01
1.03640E-06,5.0287E-01
1.03680E-06,5.0482E-01
1.03720E-06,5.0092E-01
1.03760E-06,5.0287E-01
1.03800E-06,5.0287E-01
1.03840E-06,5.0287E-01
1.03880E-06,4.9896E-01
1.03920E-06,5.0189E-01
1.03960E-06,5.0189E-01
1.04000E-06,5.0092E-01
1.04040E-06,5.0287E-01
1.04080E-06,5.0092E-01
1.04120E-06,5.0189E-01
1.04160E-06,4.9994E-01
1.04200E-06,5.0092E-01
1.04240E-06,4.9994E-01
1.04280E-06,4.9994E-01
1.04320E-06,4.9896E-01
1.04360E-06,4.9994E-01
1.04400E-06,4.9896E-01
1.04440E-06,4.9896E-01
1.04480E-06,5.0092E-01
1.04520E-06,4.9701E-01
1.04560E-06,4.9896E-01
1.04600E-06,4.9506E-01
1.04640E-06,5.0092E-01
1.04680E-06,5.0385E-01
1.04720E-06,4.9506E-01
1.04760E-06,4.9701E-01
1.04800E-06,4.9701E-01
1.04840E-06,4.9604E-01
1.04880E-06,4.9701E-01
1.04920E-06,4.9701E-01
1.04960E-06,4.9604E-01
1.05000E-06,4.9506E-01
1.05040E-06,4.9604E-01
1.05080E-06,4.9604E-01
1.05120E-06,4.9506E-01
1.05160E-06,4.9799E-01
1.05200E-06,4.9408E-01
1.05240E-06,4.9799E-01
1.05280E-06,4.9213E-01
1.05320E-06,4.9799E-01
1.05360E-06,4.9604E-01
1.05400E-06,4.9701E-01
1.05440E-06,4.9604E-01
1.05480E-06,4.9311E-01
1.05520E-06,4.9604E-01
1.05560E-06,4.9213E-01
1.05600E-06,4.9408E-01
1.05640E-06,4.9506E-01
1.05680E-06,4.9311E-01
1.05720E-06,4.9408E-01
1.05760E-06,4.9604E-01
1.05800E-06,4.9018E-01
1.05840E-06,4.9213E-01
1.05880E-06,4.9115E-01
1.05920E-06,4.9213E-01
1.05960E-06,4.9408E-01
1.06000E-06,4.9115E-01
1.06040E-06,4.9018E-01
1.06080E-06,4.9311E-01
1.06120E-06,4.8822E-01
1.06160E-06,4.9213E-01
1.06200E-06,4.9213E-01
1.06240E-06,4.8822E-01
1.06280E-06,4.9018E-01
1.06320E-06,4.8822E-01
1.06360E-06,4.8822E-01
1.06400E-06,4.9018E-01
1.06440E-06,4.8529E-01
1.06480E-06,4.8920E-01
1.06520E-06,4.8822E-01
1.06560E-06,4.8920E-01
1.06600E-06,4.8822E-01
1.06640E-06,4.8920E-01
1.06680E-06,4.8822E-01
1.06720E-06,4.8627E-01
1.06760E-06,4.8920E-01
1.06800E-06,4.8920E-01
1.06840E-06,4.8822E-01
1.06880E-06,4.8627E-01
1.06920E-06,4.8725E-01
1.06960E-06,4.8529E-01
1.07000E-06,4.8920E-01
1.07040E-06,4.8725E-01
1.07080E-06,4.8529E-01
1.07120E-06,4.8627E-01
1.07160E-06,4.8627E-01
1.07200E-06,4.8822E-01
1.07240E-06,4.8822E-01
1.07280E-06,4.8529E-01
1.07320E-06,4.8627E-01
1.07360E-06,4.8627E-01
1.07400E-06,4.8236E-01
1.07440E-06,4.8627E-01
1.07480E-06,4.8822E-01
1.07520E-06,4.8432E-01
1.07560E-06,4.8725E-01
1.07600E-06,4.8627E-01
1.07640E-06,4.8725E-01
1.07680E-06,4.8529E-01
1.07720E-06,4.8334E-01
1.07760E-06,4.8627E-01
1.07800E-06,4.8432E-01
1.07840E-06,4.8822E-01
1.07880E-06,4.8334E-01
1.07920E-06,4.8432E-01
1.07960E-06,4.8432E-01
1.08000E-06,4.8627E-01
1.08040E-06,4.8432E-01
1.08080E-06,4.8432E-01
1.08120E-06,4.8236E-01
1.08160E-06,4.8139E-01
1.08200E-06,4.8236E-01
1.08240E-06,4.8334E-01
1.08280E-06,4.8139E-01
1.08320E-06,4.8432E-01
1.08360E-06,4.7846E-01
1.08400E-06,4.7943E-01
1.08440E-06,4.8236E-01
1.08480E-06,4.7846E-01
1.08520E-06,4.8139E-01
1.08560E-06,4.8139E-01
1.08600E-06,4.7943E-01
1.08640E-06,4.7943E-01
1.08680E-06,4.7846E-01
1.08720E-06,4.8139E-01
1.08760E-06,4.8236E-01
1.08800E-06,4.7748E-01
1.08840E-06,4.7748E-01
1.08880E-06,4.7846E-01
1.08920E-06,4.8041E-01
1.08960E-06,4.7846E-01
1.09000E-06,4.7943E-01
1.09040E-06,4.8041E-01
1.09080E-06,4.8041E-01
1.09120E-06,4.7650E-01
1.09160E-06,4.7846E-01
1.09200E-06,4.7553E-01
1.09240E-06,4.8139E-01
1.09280E-06,4.7748E-01
1.09320E-06,4.7943E-01
1.09360E-06,4.8041E-01
1.09400E-06,4.7748E-01
1.09440E-06,4.7260E-01
1.09480E-06,4.7455E-01
1.09520E-06,4.7455E-01
1.09560E-06,4.8139E-01
1.09600E-06,4.7748E-01
1.09640E-06,4.7455E-01
1.09680E-06,4.7748E-01
1.09720E-06,4.7650E-01
1.09760E-06,4.7650E-01
1.09800E-06,4.7455E-01
1.09840E-06,4.7846E-01
1.09880E-06,4.7650E-01
1.09920E-06,4.7357E-01
1.09960E-06,4.7260E-01
1.10000E-06,4.7748E-01
1.10040E-06,4.7455E-01
1.10080E-06,4.7357E-01
1.10120E-06,4.7357E-01
1.10160E-06,4.7260E-01
1.10200E-06,4.7455E-01
1.10240E-06,4.7553E-01
1.10280E-06,4.7260E-01
1.10320E-06,4.7455E-01
1.10360E-06,4.7455E-01
1.10400E-06,4.7455E-01
1.10440E-06,4.7260E-01
1.10480E-06,4.7260E-01
1.10520E-06,4.7162E-01
1.10560E-06,4.7455E-01
1.10600E-06,4.7162E-01
1.10640E-06,4.7650E-01
1.10680E-06,4.7260E-01
1.10720E-06,4.7064E-01
1.10760E-06,4.7064E-01
1.10800E-06,4.7357E-01
1.10840E-06,4.7064E-01
1.10880E-06,4.7455E-01
1.10920E-06,4.7162E-01
1.10960E-06,4.7064E-01
1.11000E-06,4.7162E-01
1.11040E-06,4.7064E-01
1.11080E-06,4.7260E-01
1.11120E-06,4.6967E-01
1.11160E-06,4.6771E-01
1.11200E-06,4.6674E-01
1.11240E-06,4.6869E-01
1.11280E-06,4.7260E-01
1.11320E-06,4.6771E-01
1.11360E-06,4.6869E-01
1.11400E-06,4.6674E-01
1.11440E-06,4.6869E-01
1.11480E-06,4.6771E-01
1.11520E-06,4.6771E-01
1.11560E-06,4.6576E-01
1.11600E-06,4.6869E-01
1.11640E-06,4.6869E-01
1.11680E-06,4.6674E-01
1.11720E-06,4.6479E-01
1.11760E-06,4.6674E-01
1.11800E-06,4.6771E-01
1.11840E-06,4.6674E-01
1.11880E-06,4.6479E-01
1.11920E-06,4.6674E-01
1.11960E-06,4.6674E-01
1.12000E-06,4.6381E-01
1.12040E-06,4.6674E-01
1.12080E-06,4.6283E-01
1.12120E-06,4.6674E-01
1.12160E-06,4.6576E-01
1.12200E-06,4.6479E-01
1.12240E-06,4.6967E-01
1.12280E-06,4.6674E-01
1.12320E-06,4.6479E-01
1.12360E-06,4.6381E-01
1.12400E-06,4.6576E-01
1.12440E-06,4.6674E-01
1.12480E-06,4.6771E-01
1.12520E-06,4.6088E-01
1.12560E-06,4.6479E-01
1.12600E-06,4.6381E-01
1.12640E-06,4.6186E-01
1.12680E-06,4.6479E-01
1.12720E-06,4.6088E-01
1.12760E-06,4.6576E-01
1.12800E-06,4.6674E-01
1.12840E-06,4.6186E-01
1.12880E-06,4.6381E-01
1.12920E-06,4.6283E-01
1.12960E-06,4.5990E-01
1.13000E-06,4.6283E-01
1.13040E-06,4.6283E-01
1.13080E-06,4.6088E-01
1.13120E-06,4.6283E-01
1.13160E-06,4.6381E-01
1.13200E-06,4.6576E-01
1.13240E-06,4.6283E-01
1.13280E-06,4.5893E-01
1.13320E-06,4.6088E-01
1.13360E-06,4.5893E-01
1.13400E-06,4.5990E-01
1.13440E-06,4.6283E-01
1.13480E-06,4.5893E-01
1.13520E-06,4.6283E-01
1.13560E-06,4.5990E-01
1.13600E-06,4.5893E-01
1.13640E-06,4.5990E-01
1.13680E-06,4.5697E-01
1.13720E-06,4.5990E-01
1.13760E-06,4.5990E-01
1.13800E-06,4.6381E-01
1.13840E-06,4.5990E-01
1.13880E-06,4.5795E-01
1.13920E-06,4.5795E-01
1.13960E-06,4.5795E-01
1.14000E-06,4.5795E-01
1.14040E-06,4.5990E-01
1.14080E-06,4.5990E-01
1.14120E-06,4.5697E-01
1.14160E-06,4.5893E-01
1.14200E-06,4.5502E-01
1.14240E-06,4.5893E-01
1.14280E-06,4.5697E-01
1.14320E-06,4.5893E-01
1.14360E-06,4.5600E-01
1.14400E-06,4.5502E-01
1.14440E-06,4.5600E-01
1.14480E-06,4.5893E-01
1.14520E-06,4.5209E-01
1.14560E-06,4.5600E-01
1.14600E-06,4.5893E-01
1.14640E-06,4.5697E-01
1.14680E-06,4.5697E-01
1.14720E-06,4.5502E-01
1.14760E-06,4.5307E-01
1.14800E-06,4.5404E-01
1.14840E-06,4.5502E-01
1.14880E-06,4.5697E-01
1.14920E-06,4.5502E-01
1.14960E-06,4.5307E-01
1.15000E-06,4.5307E-01
1.15040E-06,4.5697E-01
1.15080E-06,4.5600E-01
1.15120E-06,4.5697E-01
1.15160E-06,4.5209E-01
1.15200E-06,4.5307E-01
1.15240E-06,4.5502E-01
1.15280E-06,4.5404E-01
1.15320E-06,4.5307E-01
1.15360E-06,4.5307E-01
1.15400E-06,4.5502E-01
1.15440E-06,4.5209E-01
1.15480E-06,4.5014E-01
1.15520E-06,4.5502E-01
1.15560E-06,4.5307E-01
1.15600E-06,4.5502E-01
1.15640E-06,4.5111E-01
1.15680E-06,4.5111E-01
1.15720E-06,4.5209E-01
1.15760E-06,4.5404E-01
1.15800E-06,4.5014E-01
1.15840E-06,4.5111E-01
1.15880E-06,4.5014E-01
1.15920E-06,4.5111E-01
1.15960E-06,4.5404E-01
1.16000E-06,4.5307E-01
1.16040E-06,4.4916E-01
1.16080E-06,4.5111E-01
1.16120E-06,4.5111E-01
1.16160E-06,4.5014E-01
1.16200E-06,4.4916E-01
1.16240E-06,4.5014E-01
1.16280E-06,4.5209E-01
1.16320E-06,4.5014E-01
1.16360E-06,4.5014E-01
1.16400E-06,4.4916E-01
1.16440E-06,4.4916E-01
1.16480E-06,4.4916E-01
1.16520E-06,4.4721E-01
1.16560E-06,4.5014E-01
1.16600E-06,4.4721E-01
1.16640E-06,4.4916E-01
1.16680E-06,4.4623E-01
1.16720E-06,4.4525E-01
1.16760E-06,4.4525E-01
1.16800E-06,4.4916E-01
1.16840E-06,4.4916E-01
1.16880E-06,4.4525E-01
1.16920E-06,4.4623E-01
1.16960E-06,4.4721E-01
1.17000E-06,4.4525E-01
1.17040E-06,4.4623E-01
1.17080E-06,4.5111E-01
1.17120E-06,4.4525E-01
1.17160E-06,4.4525E-01
1.17200E-06,4.5014E-01
1.17240E-06,4.4623E-01
1.17280E-06,4.4818E-01
1.17320E-06,4.4721E-01
1.17360E-06,4.4623E-01
1.17400E-06,4.4525E-01
1.17440E-06,4.4525E-01
1.17480E-06,4.4428E-01
1.17520E-06,4.4525E-01
1.17560E-06,4.4818E-01
1.17600E-06,4.4232E-01
1.17640E-06,4.4525E-01
1.17680E-06,4.4525E-01
1.17720E-06,4.4330E-01
1.17760E-06,4.4525E-01
1.17800E-06,4.4428E-01
1.17840E-06,4.4525E-01
1.17880E-06,4.4623E-01
1.17920E-06,4.4330E-01
1.17960E-06,4.4232E-01
1.18000E-06,4.4135E-01
1.18040E-06,4.4428E-01
1.18080E-06,4.4428E-01
1.18120E-06,4.4232E-01
1.18160E-06,4.4232E-01
1.18200E-06,4.4330E-01
1.18240E-06,4.4330E-01
1.18280E-06,4.4135E-01
1.18320E-06,4.4525E-01
1.18360E-06,4.4330E-01
1.18400E-06,4.4037E-01
1.18440E-06,4.4232E-01
1.18480E-06,4.4135E-01
1.18520E-06,4.4428E-01
1.18560E-06,4.4135E-01
1.18600E-06,4.4135E-01
1.18640E-06,4.4135E-01
1.18680E-06,4.3939E-01
1.18720E-06,4.4428E-01
1.18760E-06,4.4135E-01
1.18800E-06,4.4232E-01
1.18840E-06,4.4135E-01
1.18880E-06,4.4135E-01
1.18920E-06,4.3939E-01
1.18960E-06,4.3939E-01
1.19000E-06,4.3842E-01
1.19040E-06,4.4135E-01
1.19080E-06,4.3744E-01
1.19120E-06,4.3939E-01
1.19160E-06,4.4135E-01
1.19200E-06,4.3939E-01
1.19240E-06,4.3744E-01
1.19280E-06,4.3744E-01
1.19320E-06,4.3646E-01
1.19360E-06,4.3744E-01
1.19400E-06,4.3646E-01
1.19440E-06,4.3549E-01
1.19480E-06,4.3939E-01
1.19520E-06,4.3646E-01
1.19560E-06,4.3451E-01
1.19600E-06,4.4037E-01
1.19640E-06,4.3744E-01
1.19680E-06,4.3842E-01
1.19720E-06,4.3549E-01
1.19760E-06,4.3842E-01
1.19800E-06,4.3939E-01
1.19840E-06,4.3744E-01
1.19880E-06,4.3549E-01
1.19920E-06,4.3842E-01
1.19960E-06,4.3939E-01
1.20000E-06,4.3744E-01
1.20040E-06,4.3451E-01
1.20080E-06,4.3451E-01
1.20120E-06,4.3646E-01
1.20160E-06,4.3451E-01
1.20200E-06,4.3256E-01
1.20240E-06,4.3842E-01
1.20280E-06,4.3451E-01
1.20320E-06,4.3256E-01
1.20360E-06,4.3354E-01
1.20400E-06,4.3744E-01
1.20440E-06,4.3646E-01
1.20480E-06,4.3158E-01
1.20520E-06,4.3451E-01
1.20560E-06,4.3646E-01
1.20600E-06,4.2865E-01
1.20640E-06,4.3354E-01
1.20680E-06,4.3354E-01
1.20720E-06,4.3354E-01
1.20760E-06,4.3354E-01
1.20800E-06,4.3158E-01
1.20840E-06,4.3158E-01
1.20880E-06,4.3646E-01
1.20920E-06,4.3158E-01
1.20960E-06,4.3061E-01
1.21000E-06,4.3061E-01
1.21040E-06,4.3256E-01
1.21080E-06,4.3354E-01
1.21120E-06,4.2963E-01
1.21160E-06,4.3354E-01
1.21200E-06,4.3158E-01
1.21240E-06,4.3256E-01
1.21280E-06,4.3061E-01
1.21320E-06,4.3061E-01
1.21360E-06,4.2768E-01
1.21400E-06,4.3158E-01
1.21440E-06,4.2865E-01
1.21480E-06,4.3158E-01
1.21520E-06,4.3354E-01
1.21560E-06,4.2768E-01
1.21600E-06,4.2572E-01
1.21640E-06,4.2475E-01
1.21680E-06,4.2963E-01
1.21720E-06,4.2670E-01
1.21760E-06,4.2963E-01
1.21800E-06,4.2865E-01
1.21840E-06,4.2963E-01
1.21880E-06,4.3354E-01
1.21920E-06,4.2963E-01
1.21960E-06,4.3158E-01
1.22000E-06,4.3158E-01
1.22040E-06,4.2865E-01
1.22080E-06,4.2572E-01
1.22120E-06,4.2768E-01
1.22160E-06,4.3256E-01
1.22200E-06,4.2768E-01
1.22240E-06,4.2963E-01
1.22280E-06,4.3061E-01
1.22320E-06,4.2670E-01
1.22360E-06,4.2768E-01
1.22400E-06,4.2377E-01
1.22440E-06,4.2572E-01
1.22480E-06,4.2768E-01
1.22520E-06,4.2475E-01
1.22560E-06,4.2670E-01
1.22600E-06,4.2475E-01
1.22640E-06,4.2670E-01
1.22680E-06,4.2670E-01
1.22720E-06,4.2865E-01
1.22760E-06,4.2475E-01
1.22800E-06,4.2670E-01
1.22840E-06,4.2084E-01
1.22880E-06,4.2572E-01
1.22920E-06,4.2279E-01
1.22960E-06,4.2377E-01
1.23000E-06,4.2768E-01
1.23040E-06,4.2377E-01
1.23080E-06,4.2475E-01
1.23120E-06,4.2768E-01
1.23160E-06,4.2475E-01
1.23200E-06,4.2377E-01
1.23240E-06,4.2377E-01
1.23280E-06,4.2572E-01
1.23320E-06,4.2670E-01
1.23360E-06,4.2377E-01
1.23400E-06,4.2377E-01
1.23440E-06,4.2670E-01
1.23480E-06,4.2084E-01
1.23520E-06,4.2279E-01
1.23560E-06,4.1889E-01
1.23600E-06,4.2182E-01
1.23640E-06,4.1986E-01
1.23680E-06,4.2279E-01
1.23720E-06,4.1986E-01
1.23760E-06,4.2279E-01
1.23800E-06,4.2182E-01
1.23840E-06,4.1791E-01
1.23880E-06,4.2182E-01
1.23920E-06,4.2084E-01
1.23960E-06,4.2377E-01
1.24000E-06,4.1986E-01
1.24040E-06,4.2182E-01
1.24080E-06,4.2279E-01
1.24120E-06,4.2182E-01
1.24160E-06,4.2084E-01
1.24200E-06,4.1986E-01
1.24240E-06,4.1693E-01
1.24280E-06,4.1986E-01
1.24320E-06,4.1986E-01
1.24360E-06,4.1693E-01
1.24400E-06,4.2084E-01
1.24440E-06,4.2084E-01
1.24480E-06,4.1693E-01
1.24520E-06,4.1986E-01
1.24560E-06,4.1693E-01
1.24600E-06,4.2084E-01
1.24640E-06,4.1596E-01
1.24680E-06,4.1693E-01
1.24720E-06,4.2084E-01
1.24760E-06,4.1889E-01
1.24800E-06,4.2084E-01
1.24840E-06,4.1889E-01
1.24880E-06,4.1693E-01
1.24920E-06,4.1889E-01
1.24960E-06,4.1791E-01
1.25000E-06,4.1693E-01
1.25040E-06,4.1986E-01
1.25080E-06,4.1693E-01
1.25120E-06,4.1986E-01
1.25160E-06,4.1596E-01
1.25200E-06,4.1693E-01
1.25240E-06,4.1693E-01
1.25280E-06,4.2084E-01
1.25320E-06,4.1400E-01
1.25360E-06,4.1791E-01
1.25400E-06,4.1400E-01
1.25440E-06,4.1303E-01
1.25480E-06,4.1498E-01
1.25520E-06,4.1596E-01
1.25560E-06,4.1596E-01
1.25600E-06,4.1400E-01
1.25640E-06,4.1693E-01
1.25680E-06,4.1400E-01
1.25720E-06,4.1596E-01
1.25760E-06,4.1791E-01
1.25800E-06,4.1498E-01
1.25840E-06,4.1400E-01
1.25880E-06,4.1693E-01
1.25920E-06,4.1596E-01
1.25960E-06,4.1400E-01
1.26000E-06,4.1693E-01
1.26040E-06,4.1693E-01
1.26080E-06,4.1205E-01
1.26120E-06,4.1303E-01
1.26160E-06,4.1400E-01
1.26200E-06,4.1791E-01
1.26240E-06,4.1596E-01
1.26280E-06,4.1303E-01
1.26320E-06,4.1889E-01
1.26360E-06,4.1400E-01
1.26400E-06,4.1303E-01
1.26440E-06,4.1010E-01
1.26480E-06,4.1303E-01
1.26520E-06,4.0912E-01
1.26560E-06,4.1303E-01
1.26600E-06,4.1107E-01
1.26640E-06,4.1303E-01
1.26680E-06,4.1400E-01
1.26720E-06,4.1205E-01
1.26760E-06,4.1303E-01
1.26800E-06,4.1303E-01
1.26840E-06,4.1303E-01
1.26880E-06,4.1010E-01
1.26920E-06,4.1205E-01
1.26960E-06,4.1010E-01
1.27000E-06,4.1010E-01
1.27040E-06,4.1010E-01
1.27080E-06,4.1010E-01
1.27120E-06,4.1107E-01
1.27160E-06,4.1303E-01
1.27200E-06,4.0912E-01
1.27240E-06,4.0814E-01
1.27280E-06,4.1107E-01
1.27320E-06,4.0912E-01
1.27360E-06,4.0814E-01
1.27400E-06,4.0912E-01
1.27440E-06,4.0619E-01
1.27480E-06,4.1010E-01
1.27520E-06,4.0912E-01
1.27560E-06,4.1010E-01
1.27600E-06,4.0814E-01
1.27640E-06,4.1010E-01
1.27680E-06,4.0912E-01
1.27720E-06,4.0717E-01
1.27760E-06,4.0424E-01
1.27800E-06,4.1107E-01
1.27840E-06,4.0717E-01
1.27880E-06,4.0619E-01
1.27920E-06,4.0814E-01
1.27960E-06,4.0619E-01
1.28000E-06,4.0619E-01
1.28040E-06,4.0912E-01
1.28080E-06,4.0619E-01
1.28120E-06,4.1107E-01
1.28160E-06,4.0717E-01
1.28200E-06,4.0521E-01
1.28240E-06,4.0521E-01
1.28280E-06,4.0912E-01
1.28320E-06,4.0424E-01
1.28360E-06,4.0424E-01
1.28400E-06,4.0521E-01
1.28440E-06,4.0424E-01
1.28480E-06,4.0619E-01
1.28520E-06,4.0424E-01
1.28560E-06,4.0521E-01
1.28600E-06,4.0717E-01
1.28640E-06,4.0229E-01
1.28680E-06,4.0521E-01
1.28720E-06,4.0619E-01
1.28760E-06,4.0619E-01
1.28800E-06,4.0424E-01
1.28840E-06,4.0619E-01
1.28880E-06,4.0424E-01
1.28920E-06,4.0619E-01
1.28960E-06,4.0229E-01
1.29000E-06,4.0326E-01
1.29040E-06,3.9936E-01
1.29080E-06,4.0033E-01
1.29120E-06,4.0326E-01
1.29160E-06,4.0033E-01
1.29200E-06,4.0424E-01
1.29240E-06,4.0131E-01
1.29280E-06,4.0326E-01
1.29320E-06,4.0033E-01
1.29360E-06,3.9936E-01
1.29400E-06,4.0033E-01
1.29440E-06,4.0131E-01
1.29480E-06,4.0131E-01
1.29520E-06,4.0326E-01
1.29560E-06,4.0424E-01
1.29600E-06,4.0033E-01
1.29640E-06,3.9936E-01
1.29680E-06,4.0521E-01
1.29720E-06,4.0131E-01
1.29760E-06,4.0033E-01
1.29800E-06,3.9936E-01
1.29840E-06,4.0229E-01
1.29880E-06,4.0229E-01
1.29920E-06,3.9936E-01
1.29960E-06,4.0229E-01
1.30000E-06,4.0131E-01
1.30040E-06,4.0033E-01
1.30080E-06,3.9740E-01
1.30120E-06,4.0033E-01
1.30160E-06,4.0229E-01
1.30200E-06,4.0033E-01
1.30240E-06,3.9936E-01
1.30280E-06,3.9740E-01
1.30320E-06,4.0131E-01
1.30360E-06,3.9936E-01
1.30400E-06,3.9838E-01
1.30440E-06,3.9740E-01
1.30480E-06,3.9838E-01
1.30520E-06,4.0326E-01
1.30560E-06,3.9740E-01
1.30600E-06,3.9740E-01
1.30640E-06,3.9838E-01
1.30680E-06,3.9936E-01
1.30720E-06,3.9936E-01
1.30760E-06,3.9545E-01
1.30800E-06,3.9545E-01
1.30840E-06,3.9838E-01
1.30880E-06,3.9447E-01
1.30920E-06,3.9838E-01
1.30960E-06,3.9838E-01
1.31000E-06,3.9740E-01
1.31040E-06,3.9740E-01
1.31080E-06,3.9838E-01
1.31120E-06,3.9838E-01
1.31160E-06,3.9643E-01
1.31200E-06,3.9545E-01
1.31240E-06,4.0033E-01
1.31280E-06,3.9447E-01
1.31320E-06,3.9643E-01
1.31360E-06,3.9545E-01
1.31400E-06,3.9447E-01
1.31440E-06,3.9545E-01
1.31480E-06,3.8959E-01
1.31520E-06,3.9447E-01
1.31560E-06,3.9252E-01
1.31600E-06,3.9740E-01
1.31640E-06,3.9740E-01
1.31680E-06,3.9447E-01
1.31720E-06,3.9252E-01
1.31760E-06,3.9350E-01
1.31800E-06,3.9252E-01
1.31840E-06,3.9447E-01
1.31880E-06,3.9057E-01
1.31920E-06,3.9154E-01
1.31960E-06,3.9447E-01
1.32000E-06,3.9154E-01
1.32040E-06,3.9154E-01
1.32080E-06,3.9545E-01
1.32120E-06,3.8764E-01
1.32160E-06,3.9350E-01
1.32200E-06,3.9252E-01
1.32240E-06,3.9350E-01
1.32280E-06,3.9154E-01
1.32320E-06,3.9154E-01
1.32360E-06,3.9252E-01
1.32400E-06,3.9252E-01
1.32440E-06,3.9154E-01
1.32480E-06,3.8959E-01
1.32520E-06,3.9447E-01
1.32560E-06,3.8861E-01
1.32600E-06,3.9154E-01
1.32640E-06,3.9154E-01
1.32680E-06,3.9057E-01
1.32720E-06,3.9154E-01
1.32760E-06,3.9057E-01
1.32800E-06,3.9252E-01
1.32840E-06,3.8764E-01
1.32880E-06,3.9057E-01
1.32920E-06,3.9252E-01
1.32960E-06,3.8861E-01
1.33000E-06,3.8959E-01
1.33040E-06,3.8959E-01
1.33080E-06,3.9350E-01
1.33120E-06,3.8666E-01
1.33160E-06,3.8959E-01
1.33200E-06,3.8959E-01
1.33240E-06,3.8959E-01
1.33280E-06,3.8861E-01
1.33320E-06,3.8861E-01
1.33360E-06,3.8861E-01
1.33400E-06,3.8861E-01
1.33440E-06,3.8764E-01
1.33480E-06,3.8764E-01
1.33520E-06,3.8861E-01
1.33560E-06,3.8764E-01
1.33600E-06,3.8568E-01
1.33640E-06,3.8861E-01
1.33680E-06,3.8568E-01
1.33720E-06,3.8959E-01
1.33760E-06,3.8568E-01
1.33800E-06,3.9057E-01
1.33840E-06,3.8861E-01
1.33880E-06,3.8666E-01
1.33920E-06,3.8861E-01
1.33960E-06,3.8666E-01
1.34000E-06,3.8764E-01
1.34040E-06,3.8666E-01
1.34080E-06,3.8764E-01
1.34120E-06,3.8471E-01
1.34160E-06,3.8861E-01
1.34200E-06,3.8373E-01
1.34240E-06,3.8666E-01
1.34280E-06,3.8471E-01
1.34320E-06,3.8666E-01
1.34360E-06,3.8568E-01
1.34400E-06,3.8373E-01
1.34440E-06,3.8178E-01
1.34480E-06,3.8764E-01
1.34520E-06,3.8471E-01
1.34560E-06,3.8666E-01
1.34600E-06,3.8080E-01
1.34640E-06,3.8666E-01
1.34680E-06,3.8471E-01
1.34720E-06,3.8373E-01
1.34760E-06,3.8275E-01
1.34800E-06,3.8373E-01
1.34840E-06,3.8471E-01
1.34880E-06,3.8178E-01
1.34920E-06,3.8568E-01
1.34960E-06,3.8568E-01
1.35000E-06,3.8471E-01
1.35040E-06,3.8471E-01
1.35080E-06,3.8373E-01
1.35120E-06,3.8275E-01
1.35160E-06,3.8178E-01
1.35200E-06,3.8080E-01
1.35240E-06,3.8178E-01
1.35280E-06,3.8275E-01
1.35320E-06,3.8373E-01
1.35360E-06,3.8373E-01
1.35400E-06,3.8373E-01
1.35440E-06,3.8373E-01
1.35480E-06,3.7982E-01
1.35520E-06,3.8666E-01
1.35560E-06,3.7787E-01
1.35600E-06,3.8275E-01
1.35640E-06,3.8275E-01
1.35680E-06,3.7982E-01
1.35720E-06,3.8178E-01
1.35760E-06,3.8275E-01
1.35800E-06,3.7982E-01
1.35840E-06,3.8471E-01
1.35880E-06,3.7982E-01
1.35920E-06,3.7982E-01
1.35960E-06,3.7885E-01
1.36000E-06,3.8178E-01
1.36040E-06,3.8275E-01
1.36080E-06,3.7885E-01
1.36120E-06,3.7982E-01
1.36160E-06,3.8178E-01
1.36200E-06,3.8178E-01
1.36240E-06,3.7982E-01
1.36280E-06,3.7689E-01
1.36320E-06,3.8080E-01
1.36360E-06,3.7689E-01
1.36400E-06,3.7689E-01
1.36440E-06,3.7982E-01
1.36480E-06,3.7689E-01
1.36520E-06,3.7689E-01
1.36560E-06,3.7885E-01
1.36600E-06,3.7689E-01
1.36640E-06,3.7787E-01
1.36680E-06,3.7689E-01
1.36720E-06,3.7787E-01
1.36760E-06,3.7787E-01
1.36800E-06,3.7689E-01
1.36840E-06,3.7494E-01
1.36880E-06,3.7982E-01
1.36920E-06,3.7396E-01
1.36960E-06,3.7689E-01
1.37000E-06,3.7689E-01
1.37040E-06,3.7689E-01
1.37080E-06,3.7689E-01
1.37120E-06,3.7787E-01
1.37160E-06,3.7396E-01
1.37200E-06,3.7396E-01
1.37240E-06,3.7494E-01
1.37280E-06,3.7592E-01
1.37320E-06,3.7494E-01
1.37360E-06,3.7592E-01
1.37400E-06,3.7592E-01
1.37440E-06,3.8080E-01
1.37480E-06,3.7006E-01
1.37520E-06,3.7104E-01
1.37560E-06,3.7396E-01
1.37600E-06,3.7592E-01
1.37640E-06,3.7299E-01
1.37680E-06,3.7201E-01
1.37720E-06,3.7396E-01
1.37760E-06,3.7592E-01
1.37800E-06,3.7689E-01
1.37840E-06,3.7494E-01
1.37880E-06,3.7396E-01
1.37920E-06,3.7396E-01
1.37960E-06,3.7494E-01
1.38000E-06,3.7494E-01
1.38040E-06,3.7396E-01
1.38080E-06,3.7396E-01
1.38120E-06,3.7299E-01
1.38160E-06,3.7396E-01
1.38200E-06,3.7201E-01
1.38240E-06,3.7201E-01
1.38280E-06,3.7201E-01
1.38320E-06,3.7104E-01
1.38360E-06,3.7494E-01
1.38400E-06,3.7201E-01
1.38440E-06,3.7006E-01
1.38480E-06,3.7006E-01
1.38520E-06,3.7104E-01
1.38560E-06,3.7104E-01
1.38600E-06,3.7299E-01
1.38640E-06,3.7006E-01
1.38680E-06,3.7299E-01
1.38720E-06,3.7299E-01
1.38760E-06,3.6713E-01
1.38800E-06,3.7104E-01
1.38840E-06,3.7104E-01
1.38880E-06,3.7494E-01
1.38920E-06,3.7104E-01
1.38960E-06,3.7299E-01
1.39000E-06,3.7104E-01
1.39040E-06,3.6908E-01
1.39080E-06,3.6908E-01
1.39120E-06,3.6713E-01
1.39160E-06,3.6811E-01
1.39200E-06,3.6908E-01
1.39240E-06,3.6811E-01
1.39280E-06,3.6713E-01
1.39320E-06,3.6811E-01
1.39360E-06,3.7299E-01
1.39400E-06,3.7006E-01
1.39440E-06,3.6811E-01
1.39480E-06,3.7104E-01
1.39520E-06,3.7006E-01
1.39560E-06,3.6713E-01
1.39600E-06,3.6908E-01
1.39640E-06,3.6908E-01
1.39680E-06,3.7104E-01
1.39720E-06,3.6713E-01
1.39760E-06,3.6713E-01
1.39800E-06,3.6713E-01
1.39840E-06,3.6518E-01
1.39880E-06,3.6908E-01
1.39920E-06,3.6615E-01
1.39960E-06,3.7006E-01
1.40000E-06,3.7006E-01
1.40040E-06,3.6518E-01
1.40080E-06,3.6908E-01
1.40120E-06,3.6713E-01
1.40160E-06,3.6811E-01
1.40200E-06,3.6518E-01
1.40240E-06,3.6713E-01
1.40280E-06,3.7006E-01
1.40320E-06,3.6615E-01
1.40360E-06,3.6908E-01
1.40400E-06,3.6713E-01
1.40440E-06,3.6713E-01
1.40480E-06,3.6908E-01
1.40520E-06,3.6615E-01
1.40560E-06,3.6615E-01
1.40600E-06,3.6518E-01
1.40640E-06,3.6713E-01
1.40680E-06,3.6518E-01
1.40720E-06,3.6908E-01
1.40760E-06,3.6518E-01
1.40800E-06,3.6322E-01
1.40840E-06,3.6420E-01
1.40880E-06,3.6518E-01
1.40920E-06,3.6713E-01
1.40960E-06,3.6420E-01
1.41000E-06,3.6615E-01
1.41040E-06,3.6518E-01
1.41080E-06,3.6420E-01
1.41120E-06,3.6322E-01
1.41160E-06,3.6615E-01
1.41200E-06,3.6420E-01
1.41240E-06,3.6420E-01
1.41280E-06,3.6322E-01
1.41320E-06,3.6420E-01
1.41360E-06,3.6615E-01
1.41400E-06,3.6322E-01
1.41440E-06,3.6029E-01
1.41480E-06,3.6322E-01
1.41520E-06,3.6322E-01
1.41560E-06,3.6322E-01
1.41600E-06,3.6322E-01
1.41640E-06,3.6615E-01
1.41680E-06,3.6127E-01
1.41720E-06,3.6225E-01
1.41760E-06,3.6225E-01
1.41800E-06,3.6225E-01
1.41840E-06,3.6322E-01
1.41880E-06,3.6322E-01
1.41920E-06,3.6127E-01
1.41960E-06,3.5834E-01
1.42000E-06,3.6322E-01
1.42040E-06,3.6322E-01
1.42080E-06,3.6127E-01
1.42120E-06,3.6225E-01
1.42160E-06,3.6127E-01
1.42200E-06,3.5932E-01
1.42240E-06,3.6029E-01
1.42280E-06,3.6029E-01
1.42320E-06,3.5932E-01
1.42360E-06,3.6127E-01
1.42400E-06,3.5932E-01
1.42440E-06,3.5932E-01
1.42480E-06,3.5932E-01
1.42520E-06,3.6225E-01
1.42560E-06,3.6127E-01
1.42600E-06,3.5932E-01
1.42640E-06,3.6322E-01
1.42680E-06,3.6127E-01
1.42720E-06,3.5932E-01
1.42760E-06,3.5736E-01
1.42800E-06,3.6029E-01
1.42840E-06,3.6029E-01
1.42880E-06,3.5834E-01
1.42920E-06,3.5932E-01
1.42960E-06,3.5834E-01
1.43000E-06,3.5541E-01
1.43040E-06,3.5834E-01
1.43080E-06,3.5736E-01
1.43120E-06,3.5639E-01
1.43160E-06,3.5932E-01
1.43200E-06,3.5932E-01
1.43240E-06,3.5443E-01
1.43280E-06,3.6225E-01
1.43320E-06,3.5639E-01
1.43360E-06,3.5736E-01
1.43400E-06,3.5932E-01
1.43440E-06,3.5736E-01
1.43480E-06,3.5932E-01
1.43520E-06,3.5834E-01
1.43560E-06,3.5932E-01
1.43600E-06,3.5736E-01
1.43640E-06,3.5541E-01
1.43680E-06,3.5639E-01
1.43720E-06,3.5346E-01
1.43760E-06,3.5639E-01
1.43800E-06,3.5932E-01
1.43840E-06,3.5639E-01
1.43880E-06,3.5541E-01
1.43920E-06,3.5346E-01
1.43960E-06,3.5346E-01
1.44000E-06,3.5639E-01
1.44040E-06,3.5248E-01
1.44080E-06,3.5346E-01
1.44120E-06,3.5639E-01
1.44160E-06,3.5346E-01
1.44200E-06,3.5541E-01
1.44240E-06,3.5639E-01
1.44280E-06,3.5443E-01
1.44320E-06,3.5541E-01
1.44360E-06,3.5248E-01
1.44400E-06,3.5443E-01
1.44440E-06,3.5346E-01
1.44480E-06,3.5053E-01
1.44520E-06,3.5248E-01
1.44560E-06,3.5346E-01
1.44600E-06,3.5346E-01
1.44640E-06,3.5346E-01
1.44680E-06,3.5443E-01
1.44720E-06,3.5443E-01
1.44760E-06,3.5443E-01
1.44800E-06,3.5443E-01
1.44840E-06,3.5150E-01
1.44880E-06,3.5248E-01
1.44920E-06,3.5443E-01
1.44960E-06,3.5248E-01
1.45000E-06,3.5053E-01
1.45040E-06,3.5346E-01
1.45080E-06,3.5346E-01
1.45120E-06,3.5443E-01
1.45160E-06,3.5248E-01
1.45200E-06,3.5736E-01
1.45240E-06,3.5346E-01
1.45280E-06,3.5053E-01
1.45320E-06,3.4955E-01
1.45360E-06,3.5248E-01
1.45400E-06,3.5053E-01
1.45440E-06,3.5150E-01
1.45480E-06,3.5248E-01
1.45520E-06,3.5248E-01
1.45560E-06,3.5150E-01
1.45600E-06,3.4857E-01
1.45640E-06,3.5150E-01
1.45680E-06,3.4955E-01
1.45720E-06,3.5248E-01
1.45760E-06,3.4857E-01
1.45800E-06,3.5248E-01
1.45840E-06,3.4955E-01
1.45880E-06,3.5053E-01
1.45920E-06,3.5150E-01
1.45960E-06,3.4955E-01
1.46000E-06,3.4564E-01
1.46040E-06,3.4760E-01
1.46080E-06,3.5053E-01
1.46120E-06,3.4955E-01
1.46160E-06,3.4857E-01
1.46200E-06,3.5053E-01
1.46240E-06,3.4662E-01
1.46280E-06,3.4857E-01
1.46320E-06,3.4760E-01
1.46360E-06,3.4662E-01
1.46400E-06,3.4955E-01
1.46440E-06,3.4955E-01
1.46480E-06,3.4760E-01
1.46520E-06,3.4857E-01
1.46560E-06,3.4760E-01
1.46600E-06,3.4857E-01
1.46640E-06,3.4662E-01
1.46680E-06,3.4760E-01
1.46720E-06,3.4760E-01
1.46760E-06,3.4369E-01
1.46800E-06,3.5053E-01
1.46840E-06,3.4760E-01
1.46880E-06,3.4662E-01
1.46920E-06,3.4564E-01
1.46960E-06,3.4760E-01
1.47000E-06,3.4564E-01
1.47040E-06,3.4662E-01
1.47080E-06,3.4467E-01
1.47120E-06,3.4564E-01
1.47160E-06,3.4857E-01
1.47200E-06,3.4467E-01
1.47240E-06,3.4662E-01
1.47280E-06,3.4467E-01
1.47320E-06,3.4564E-01
1.47360E-06,3.4662E-01
1.47400E-06,3.4174E-01
1.47440E-06,3.4564E-01
1.47480E-06,3.4467E-01
1.47520E-06,3.4467E-01
1.47560E-06,3.4467E-01
1.47600E-06,3.4662E-01
1.47640E-06,3.4564E-01
1.47680E-06,3.4662E-01
1.47720E-06,3.4467E-01
1.47760E-06,3.4271E-01
1.47800E-06,3.4564E-01
1.47840E-06,3.4564E-01
1.47880E-06,3.4467E-01
1.47920E-06,3.4271E-01
1.47960E-06,3.4174E-01
1.48000E-06,3.4174E-01
1.48040E-06,3.4369E-01
1.48080E-06,3.4564E-01
1.48120E-06,3.4271E-01
1.48160E-06,3.4271E-01
1.48200E-06,3.4271E-01
1.48240E-06,3.4467E-01
1.48280E-06,3.4467E-01
1.48320E-06,3.4174E-01
1.48360E-06,3.4271E-01
1.48400E-06,3.4467E-01
1.48440E-06,3.3979E-01
1.48480E-06,3.4467E-01
1.48520E-06,3.3881E-01
1.48560E-06,3.3881E-01
1.48600E-06,3.4174E-01
1.48640E-06,3.4369E-01
1.48680E-06,3.4467E-01
1.48720E-06,3.3979E-01
1.48760E-06,3.3783E-01
1.48800E-06,3.4174E-01
1.48840E-06,3.4564E-01
1.48880E-06,3.4271E-01
1.48920E-06,3.4369E-01
1.48960E-06,3.4271E-01
1.49000E-06,3.4076E-01
1.49040E-06,3.4174E-01
1.49080E-06,3.3979E-01
1.49120E-06,3.4174E-01
1.49160E-06,3.3881E-01
1.49200E-06,3.3881E-01
1.49240E-06,3.3979E-01
1.49280E-06,3.3979E-01
1.49320E-06,3.4076E-01
1.49360E-06,3.4369E-01
1.49400E-06,3.3783E-01
1.49440E-06,3.4174E-01
1.49480E-06,3.3979E-01
1.49520E-06,3.4076E-01
1.49560E-06,3.3979E-01
1.49600E-06,3.4174E-01
1.49640E-06,3.3979E-01
1.49680E-06,3.4076E-01
1.49720E-06,3.3979E-01
1.49760E-06,3.4174E-01
1.49800E-06,3.3686E-01
1.49840E-06,3.3783E-01
1.49880E-06,3.3881E-01
1.49920E-06,3.4076E-01
1.49960E-06,3.3686E-01
1.50000E-06,3.3686E-01
1.50040E-06,3.3783E-01
1.50080E-06,3.3881E-01
1.50120E-06,3.3686E-01
1.50160E-06,3.3686E-01
1.50200E-06,3.3783E-01
1.50240E-06,3.3588E-01
1.50280E-06,3.3686E-01
1.50320E-06,3.3881E-01
1.50360E-06,3.3588E-01
1.50400E-06,3.3783E-01
1.50440E-06,3.3686E-01
1.50480E-06,3.3295E-01
1.50520E-06,3.3588E-01
1.50560E-06,3.3979E-01
1.50600E-06,3.3490E-01
1.50640E-06,3.3783E-01
1.50680E-06,3.3686E-01
1.50720E-06,3.3686E-01
1.50760E-06,3.3588E-01
1.50800E-06,3.3490E-01
1.50840E-06,3.3979E-01
1.50880E-06,3.3588E-01
1.50920E-06,3.3783E-01
1.50960E-06,3.3490E-01
1.51000E-06,3.3490E-01
1.51040E-06,3.3295E-01
1.51080E-06,3.3393E-01
1.51120E-06,3.3588E-01
1.51160E-06,3.3588E-01
1.51200E-06,3.3783E-01
1.51240E-06,3.3393E-01
1.51280E-06,3.3783E-01
1.51320E-06,3.3393E-01
1.51360E-06,3.3393E-01
1.51400E-06,3.3197E-01
1.51440E-06,3.3490E-01
1.51480E-06,3.3295E-01
1.51520E-06,3.3490E-01
1.51560E-06,3.3393E-01
1.51600E-06,3.3295E-01
1.51640E-06,3.3393E-01
1.51680E-06,3.3100E-01
1.51720E-06,3.3100E-01
1.51760E-06,3.3100E-01
1.51800E-06,3.3197E-01
1.51840E-06,3.3588E-01
1.51880E-06,3.3002E-01
1.51920E-06,3.3197E-01
1.51960E-06,3.3393E-01
1.52000E-06,3.3295E-01
1.52040E-06,3.3393E-01
1.52080E-06,3.3393E-01
1.52120E-06,3.2807E-01
1.52160E-06,3.3393E-01
1.52200E-06,3.3295E-01
1.52240E-06,3.3295E-01
1.52280E-06,3.3197E-01
1.52320E-06,3.3002E-01
1.52360E-06,3.3295E-01
1.52400E-06,3.3295E-01
1.52440E-06,3.3393E-01
1.52480E-06,3.3393E-01
1.52520E-06,3.3100E-01
1.52560E-06,3.3393E-01
1.52600E-06,3.3393E-01
1.52640E-06,3.2807E-01
1.52680E-06,3.3002E-01
1.52720E-06,3.2904E-01
1.52760E-06,3.3393E-01
1.52800E-06,3.3100E-01
1.52840E-06,3.3002E-01
1.52880E-06,3.3100E-01
1.52920E-06,3.3002E-01
1.52960E-06,3.2904E-01
1.53000E-06,3.3100E-01
1.53040E-06,3.3100E-01
1.53080E-06,3.3100E-01
1.53120E-06,3.3100E-01
1.53160E-06,3.3100E-01
1.53200E-06,3.3100E-01
1.53240E-06,3.2904E-01
1.53280E-06,3.3002E-01
1.53320E-06,3.3002E-01
1.53360E-06,3.2709E-01
1.53400E-06,3.3002E-01
1.53440E-06,3.3002E-01
1.53480E-06,3.2807E-01
1.53520E-06,3.3100E-01
1.53560E-06,3.2904E-01
1.53600E-06,3.2611E-01
1.53640E-06,3.3002E-01
1.53680E-06,3.2904E-01
1.53720E-06,3.2807E-01
1.53760E-06,3.3002E-01
1.53800E-06,3.2904E-01
1.53840E-06,3.2807E-01
1.53880E-06,3.2709E-01
1.53920E-06,3.2514E-01
1.53960E-06,3.2416E-01
1.54000E-06,3.2709E-01
1.54040E-06,3.2709E-01
1.54080E-06,3.2514E-01
1.54120E-06,3.2709E-01
1.54160E-06,3.2709E-01
1.54200E-06,3.2807E-01
1.54240E-06,3.2709E-01
1.54280E-06,3.2807E-01
1.54320E-06,3.2318E-01
1.54360E-06,3.2514E-01
1.54400E-06,3.2709E-01
1.54440E-06,3.2318E-01
1.54480E-06,3.2807E-01
1.54520E-06,3.2318E-01
1.54560E-06,3.2318E-01
1.54600E-06,3.2611E-01
1.54640E-06,3.2318E-01
1.54680E-06,3.2807E-01
1.54720E-06,3.2318E-01
1.54760E-06,3.2709E-01
1.54800E-06,3.2416E-01
1.54840E-06,3.2709E-01
1.54880E-06,3.2709E-01
1.54920E-06,3.2611E-01
1.54960E-06,3.2709E-01
1.55000E-06,3.2514E-01
1.55040E-06,3.2416E-01
1.55080E-06,3.2221E-01
1.55120E-06,3.2709E-01
1.55160E-06,3.2318E-01
1.55200E-06,3.2416E-01
1.55240E-06,3.2318E-01
1.55280E-06,3.2123E-01
1.55320E-06,3.2709E-01
1.55360E-06,3.2318E-01
1.55400E-06,3.2221E-01
1.55440E-06,3.2514E-01
1.55480E-06,3.2221E-01
1.55520E-06,3.2514E-01
1.55560E-06,3.2416E-01
1.55600E-06,3.2416E-01
1.55640E-06,3.2416E-01
1.55680E-06,3.2025E-01
1.55720E-06,3.2123E-01
1.55760E-06,3.2123E-01
1.55800E-06,3.2318E-01
1.55840E-06,3.2123E-01
1.55880E-06,3.2221E-01
1.55920E-06,3.2025E-01
1.55960E-06,3.2318E-01
1.56000E-06,3.2123E-01
1.56040E-06,3.2318E-01
1.56080E-06,3.2025E-01
1.56120E-06,3.2221E-01
1.56160E-06,3.2514E-01
1.56200E-06,3.2221E-01
1.56240E-06,3.1830E-01
1.56280E-06,3.1830E-01
1.56320E-06,3.2318E-01
1.56360E-06,3.2416E-01
1.56400E-06,3.2025E-01
1.56440E-06,3.1928E-01
1.56480E-06,3.2221E-01
1.56520E-06,3.2123E-01
1.56560E-06,3.2318E-01
1.56600E-06,3.2025E-01
1.56640E-06,3.1928E-01
1.56680E-06,3.2318E-01
1.56720E-06,3.2025E-01
1.56760E-06,3.1635E-01
1.56800E-06,3.2025E-01
1.56840E-06,3.1928E-01
1.56880E-06,3.1732E-01
1.56920E-06,3.1928E-01
1.56960E-06,3.1928E-01
1.57000E-06,3.1537E-01
1.57040E-06,3.1732E-01
1.57080E-06,3.1830E-01
1.57120E-06,3.2025E-01
1.57160E-06,3.1732E-01
1.57200E-06,3.2025E-01
1.57240E-06,3.1830E-01
1.57280E-06,3.1732E-01
1.57320E-06,3.2025E-01
1.57360E-06,3.1928E-01
1.57400E-06,3.1928E-01
1.57440E-06,3.1635E-01
1.57480E-06,3.1732E-01
1.57520E-06,3.1732E-01
1.57560E-06,3.1732E-01
1.57600E-06,3.1732E-01
1.57640E-06,3.1732E-01
1.57680E-06,3.1830E-01
1.57720E-06,3.1635E-01
1.57760E-06,3.1830E-01
1.57800E-06,3.1635E-01
1.57840E-06,3.1928E-01
1.57880E-06,3.1635E-01
1.57920E-06,3.1439E-01
1.57960E-06,3.1537E-01
1.58000E-06,3.1830E-01
1.58040E-06,3.1537E-01
1.58080E-06,3.1537E-01
1.58120E-06,3.1439E-01
1.58160E-06,3.1635E-01
1.58200E-06,3.1830E-01
1.58240E-06,3.1732E-01
1.58280E-06,3.1635E-01
1.58320E-06,3.1635E-01
1.58360E-06,3.1635E-01
1.58400E-06,3.1732E-01
1.58440E-06,3.1830E-01
1.58480E-06,3.2025E-01
1.58520E-06,3.1732E-01
1.58560E-06,3.1635E-01
1.58600E-06,3.1537E-01
1.58640E-06,3.1537E-01
1.58680E-06,3.1537E-01
1.58720E-06,3.1342E-01
1.58760E-06,3.1244E-01
1.58800E-06,3.1439E-01
1.58840E-06,3.1439E-01
1.58880E-06,3.1635E-01
1.58920E-06,3.1342E-01
1.58960E-06,3.1732E-01
1.59000E-06,3.1439E-01
1.59040E-06,3.1439E-01
1.59080E-06,3.1635E-01
1.59120E-06,3.1342E-01
1.59160E-06,3.1635E-01
1.59200E-06,3.1342E-01
1.59240E-06,3.1635E-01
1.59280E-06,3.1439E-01
1.59320E-06,3.1830E-01
1.59360E-06,3.1342E-01
1.59400E-06,3.1146E-01
1.59440E-06,3.1439E-01
1.59480E-06,3.1439E-01
1.59520E-06,3.1049E-01
1.59560E-06,3.1244E-01
1.59600E-06,3.1635E-01
1.59640E-06,3.1635E-01
1.59680E-06,3.1342E-01
1.59720E-06,3.1342E-01
1.59760E-06,3.1049E-01
1.59800E-06,3.1244E-01
1.59840E-06,3.1049E-01
1.59880E-06,3.1342E-01
1.59920E-06,3.0951E-01
1.59960E-06,3.1146E-01
1.60000E-06,3.1049E-01
1.60040E-06,3.0951E-01
1.60080E-06,3.1342E-01
1.60120E-06,3.1342E-01
1.60160E-06,3.0756E-01
1.60200E-06,3.1342E-01
1.60240E-06,3.1146E-01
1.60280E-06,3.1244E-01
1.60320E-06,3.1342E-01
1.60360E-06,3.1049E-01
1.60400E-06,3.1244E-01
1.60440E-06,3.1244E-01
1.60480E-06,3.1049E-01
1.60520E-06,3.1244E-01
1.60560E-06,3.1146E-01
1.60600E-06,3.0854E-01
1.60640E-06,3.1342E-01
1.60680E-06,3.0951E-01
1.60720E-06,3.1146E-01
1.60760E-06,3.0854E-01
1.60800E-06,3.0951E-01
1.60840E-06,3.0658E-01
1.60880E-06,3.0951E-01
1.60920E-06,3.0951E-01
1.60960E-06,3.1049E-01
1.61000E-06,3.1244E-01
1.61040E-06,3.0756E-01
1.61080E-06,3.0854E-01
1.61120E-06,3.0854E-01
1.61160E-06,3.0854E-01
1.61200E-06,3.1244E-01
1.61240E-06,3.0951E-01
1.61280E-06,3.1049E-01
1.61320E-06,3.0756E-01
1.61360E-06,3.0854E-01
1.61400E-06,3.0463E-01
1.61440E-06,3.0854E-01
1.61480E-06,3.0561E-01
1.61520E-06,3.0951E-01
1.61560E-06,3.0951E-01
1.61600E-06,3.0756E-01
1.61640E-06,3.0658E-01
1.61680E-06,3.0561E-01
1.61720E-06,3.1244E-01
1.61760E-06,3.0951E-01
1.61800E-06,3.0658E-01
1.61840E-06,3.0854E-01
1.61880E-06,3.0854E-01
1.61920E-06,3.0365E-01
1.61960E-06,3.0854E-01
1.62000E-06,3.0463E-01
1.62040E-06,3.0365E-01
1.62080E-06,3.0854E-01
1.62120E-06,3.0756E-01
1.62160E-06,3.0756E-01
1.62200E-06,3.0561E-01
1.62240E-06,3.0756E-01
1.62280E-06,3.0854E-01
1.62320E-06,3.0756E-01
1.62360E-06,3.0658E-01
1.62400E-06,3.0365E-01
1.62440E-06,3.0365E-01
1.62480E-06,3.0756E-01
1.62520E-06,3.0561E-01
1.62560E-06,3.0658E-01
1.62600E-06,3.0854E-01
1.62640E-06,3.0658E-01
1.62680E-06,3.0854E-01
1.62720E-06,3.0463E-01
1.62760E-06,3.0365E-01
1.62800E-06,3.0658E-01
1.62840E-06,3.0365E-01
1.62880E-06,3.0561E-01
1.62920E-06,3.0463E-01
1.62960E-06,3.0658E-01
1.63000E-06,3.0365E-01
1.63040E-06,3.0658E-01
1.63080E-06,3.0561E-01
1.63120E-06,3.0365E-01
1.63160E-06,3.0170E-01
1.63200E-06,3.0561E-01
1.63240E-06,3.0170E-01
1.63280E-06,3.0561E-01
1.63320E-06,3.0463E-01
1.63360E-06,3.0561E-01
1.63400E-06,3.0756E-01
1.63440E-06,3.0268E-01
1.63480E-06,3.0561E-01
1.63520E-06,3.0463E-01
1.63560E-06,3.0268E-01
1.63600E-06,3.0072E-01
1.63640E-06,3.0170E-01
1.63680E-06,2.9877E-01
1.63720E-06,2.9975E-01
1.63760E-06,3.0170E-01
1.63800E-06,3.0365E-01
1.63840E-06,3.0365E-01
1.63880E-06,3.0268E-01
1.63920E-06,3.0365E-01
1.63960E-06,3.0170E-01
1.64000E-06,2.9877E-01
1.64040E-06,3.0170E-01
1.64080E-06,3.0463E-01
1.64120E-06,3.0072E-01
1.64160E-06,2.9975E-01
1.64200E-06,3.0170E-01
1.64240E-06,2.9877E-01
1.64280E-06,3.0072E-01
1.64320E-06,3.0170E-01
1.64360E-06,3.0170E-01
1.64400E-06,2.9877E-01
1.64440E-06,2.9877E-01
1.64480E-06,3.0268E-01
1.64520E-06,2.9877E-01
1.64560E-06,2.9877E-01
1.64600E-06,2.9877E-01
1.64640E-06,3.0072E-01
1.64680E-06,2.9877E-01
1.64720E-06,3.0268E-01
1.64760E-06,2.9877E-01
1.64800E-06,2.9975E-01
1.64840E-06,2.9975E-01
1.64880E-06,3.0072E-01
1.64920E-06,2.9975E-01
1.64960E-06,2.9877E-01
1.65000E-06,3.0170E-01
1.65040E-06,2.9975E-01
1.65080E-06,2.9779E-01
1.65120E-06,3.0072E-01
1.65160E-06,2.9877E-01
1.65200E-06,3.0072E-01
1.65240E-06,2.9877E-01
1.65280E-06,3.0170E-01
1.65320E-06,3.0170E-01
1.65360E-06,2.9877E-01
1.65400E-06,3.0072E-01
1.65440E-06,2.9975E-01
1.65480E-06,2.9975E-01
1.65520E-06,2.9975E-01
1.65560E-06,2.9877E-01
1.65600E-06,2.9877E-01
1.65640E-06,3.0072E-01
1.65680E-06,2.9877E-01
1.65720E-06,3.0170E-01
1.65760E-06,3.0072E-01
1.65800E-06,2.9682E-01
1.65840E-06,2.9584E-01
1.65880E-06,2.9779E-01
1.65920E-06,3.0268E-01
1.65960E-06,2.9682E-01
1.66000E-06,2.9877E-01
1.66040E-06,2.9682E-01
1.66080E-06,2.9877E-01
1.66120E-06,2.9779E-01
1.66160E-06,2.9584E-01
1.66200E-06,2.9779E-01
1.66240E-06,2.9486E-01
1.66280E-06,2.9584E-01
1.66320E-06,2.9682E-01
1.66360E-06,2.9779E-01
1.66400E-06,2.9779E-01
1.66440E-06,2.9779E-01
1.66480E-06,2.9877E-01
1.66520E-06,2.9877E-01
1.66560E-06,2.9291E-01
1.66600E-06,2.9291E-01
1.66640E-06,2.9584E-01
1.66680E-06,2.9486E-01
1.66720E-06,2.9779E-01
1.66760E-06,2.9389E-01
1.66800E-06,2.9389E-01
1.66840E-06,2.9682E-01
1.66880E-06,2.9486E-01
1.66920E-06,2.9877E-01
1.66960E-06,2.9779E-01
1.67000E-06,2.9486E-01
1.67040E-06,2.9486E-01
1.67080E-06,2.9486E-01
1.67120E-06,2.9389E-01
1.67160E-06,2.9486E-01
1.67200E-06,2.9584E-01
1.67240E-06,2.9389E-01
1.67280E-06,2.9584E-01
1.67320E-06,2.9486E-01
1.67360E-06,2.9584E-01
1.67400E-06,2.9486E-01
1.67440E-06,2.9291E-01
1.67480E-06,2.9389E-01
1.67520E-06,2.9389E-01
1.67560E-06,2.9486E-01
1.67600E-06,2.9486E-01
1.67640E-06,2.9193E-01
1.67680E-06,2.9486E-01
1.67720E-06,2.9193E-01
1.67760E-06,2.9389E-01
1.67800E-06,2.9389E-01
1.67840E-06,2.9096E-01
1.67880E-06,2.9096E-01
1.67920E-06,2.9193E-01
1.67960E-06,2.9193E-01
1.68000E-06,2.8900E-01
1.68040E-06,2.9486E-01
1.68080E-06,2.9389E-01
1.68120E-06,2.9193E-01
1.68160E-06,2.9389E-01
1.68200E-06,2.9389E-01
1.68240E-06,2.9193E-01
1.68280E-06,2.8998E-01
1.68320E-06,2.9193E-01
1.68360E-06,2.9193E-01
1.68400E-06,2.9193E-01
1.68440E-06,2.9096E-01
1.68480E-06,2.9193E-01
1.68520E-06,2.9096E-01
1.68560E-06,2.9193E-01
1.68600E-06,2.9389E-01
1.68640E-06,2.9193E-01
1.68680E-06,2.8900E-01
1.68720E-06,2.9486E-01
1.68760E-06,2.9291E-01
1.68800E-06,2.9096E-01
1.68840E-06,2.9096E-01
1.68880E-06,2.9291E-01
1.68920E-06,2.9291E-01
1.68960E-06,2.9193E-01
1.69000E-06,2.8998E-01
1.69040E-06,2.8998E-01
1.69080E-06,2.8900E-01
1.69120E-06,2.8607E-01
1.69160E-06,2.9096E-01
1.69200E-06,2.8900E-01
1.69240E-06,2.9096E-01
1.69280E-06,2.8900E-01
1.69320E-06,2.9193E-01
1.69360E-06,2.8900E-01
1.69400E-06,2.8998E-01
1.69440E-06,2.8607E-01
1.69480E-06,2.8998E-01
1.69520E-06,2.9389E-01
1.69560E-06,2.9291E-01
1.69600E-06,2.9291E-01
1.69640E-06,2.9193E-01
1.69680E-06,2.9193E-01
1.69720E-06,2.8607E-01
1.69760E-06,2.8803E-01
1.69800E-06,2.9096E-01
1.69840E-06,2.8803E-01
1.69880E-06,2.8803E-01
1.69920E-06,2.8803E-01
1.69960E-06,2.9096E-01
1.70000E-06,2.8998E-01
1.70040E-06,2.8705E-01
1.70080E-06,2.8900E-01
1.70120E-06,2.8900E-01
1.70160E-06,2.9096E-01
1.70200E-06,2.9389E-01
1.70240E-06,2.9193E-01
1.70280E-06,2.9193E-01
1.70320E-06,2.8900E-01
1.70360E-06,2.8998E-01
1.70400E-06,2.8900E-01
1.70440E-06,2.9193E-01
1.70480E-06,2.8998E-01
1.70520E-06,2.8803E-01
1.70560E-06,2.8412E-01
1.70600E-06,2.8998E-01
1.70640E-06,2.8705E-01
1.70680E-06,2.8998E-01
1.70720E-06,2.8803E-01
1.70760E-06,2.8705E-01
1.70800E-06,2.8803E-01
1.70840E-06,2.8900E-01
1.70880E-06,2.8803E-01
1.70920E-06,2.8510E-01
1.70960E-06,2.8998E-01
1.71000E-06,2.8705E-01
1.71040E-06,2.9096E-01
1.71080E-06,2.8607E-01
1.71120E-06,2.8900E-01
1.71160E-06,2.8998E-01
1.71200E-06,2.9291E-01
1.71240E-06,2.9096E-01
1.71280E-06,2.8705E-01
1.71320E-06,2.8998E-01
1.71360E-06,2.8998E-01
1.71400E-06,2.8705E-01
1.71440E-06,2.8705E-01
1.71480E-06,2.8803E-01
1.71520E-06,2.9096E-01
1.71560E-06,2.8607E-01
1.71600E-06,2.8998E-01
1.71640E-06,2.8803E-01
1.71680E-06,2.8705E-01
1.71720E-06,2.8412E-01
1.71760E-06,2.8900E-01
1.71800E-06,2.8510E-01
1.71840E-06,2.8607E-01
1.71880E-06,2.9096E-01
1.71920E-06,2.8510E-01
1.71960E-06,2.8607E-01
1.72000E-06,2.8510E-01
1.72040E-06,2.8412E-01
1.72080E-06,2.8607E-01
1.72120E-06,2.8314E-01
1.72160E-06,2.8900E-01
1.72200E-06,2.8412E-01
1.72240E-06,2.8412E-01
1.72280E-06,2.8803E-01
1.72320E-06,2.8607E-01
1.72360E-06,2.8705E-01
1.72400E-06,2.8705E-01
1.72440E-06,2.8607E-01
1.72480E-06,2.8510E-01
1.72520E-06,2.8705E-01
1.72560E-06,2.8412E-01
1.72600E-06,2.8607E-01
1.72640E-06,2.8510E-01
1.72680E-06,2.8803E-01
1.72720E-06,2.8510E-01
1.72760E-06,2.8607E-01
1.72800E-06,2.8412E-01
1.72840E-06,2.8607E-01
1.72880E-06,2.8607E-01
1.72920E-06,2.8412E-01
1.72960E-06,2.8412E-01
1.73000E-06,2.8607E-01
1.73040E-06,2.8510E-01
1.73080E-06,2.8510E-01
1.73120E-06,2.8510E-01
1.73160E-06,2.8803E-01
1.73200E-06,2.8412E-01
1.73240E-06,2.8412E-01
1.73280E-06,2.8217E-01
1.73320E-06,2.8412E-01
1.73360E-06,2.8314E-01
1.73400E-06,2.8217E-01
1.73440E-06,2.8217E-01
1.73480E-06,2.8314E-01
1.73520E-06,2.8217E-01
1.73560E-06,2.8607E-01
1.73600E-06,2.8412E-01
1.73640E-06,2.8412E-01
1.73680E-06,2.8607E-01
1.73720E-06,2.8314E-01
1.73760E-06,2.8119E-01
1.73800E-06,2.8412E-01
1.73840E-06,2.8119E-01
1.73880E-06,2.8217E-01
1.73920E-06,2.8314E-01
1.73960E-06,2.8705E-01
1.74000E-06,2.8510E-01
1.74040E-06,2.8510E-01
1.74080E-06,2.8314E-01
1.74120E-06,2.8021E-01
1.74160E-06,2.8314E-01
1.74200E-06,2.8607E-01
1.74240E-06,2.8217E-01
1.74280E-06,2.8314E-01
1.74320E-06,2.8412E-01
1.74360E-06,2.8510E-01
1.74400E-06,2.8217E-01
1.74440E-06,2.8412E-01
1.74480E-06,2.8217E-01
1.74520E-06,2.8119E-01
1.74560E-06,2.8119E-01
1.74600E-06,2.8021E-01
1.74640E-06,2.8119E-01
1.74680E-06,2.8412E-01
1.74720E-06,2.8412E-01
1.74760E-06,2.8021E-01
1.74800E-06,2.8314E-01
1.74840E-06,2.8119E-01
1.74880E-06,2.8119E-01
1.74920E-06,2.8217E-01
1.74960E-06,2.8021E-01
1.75000E-06,2.8119E-01
1.75040E-06,2.8217E-01
1.75080E-06,2.8217E-01
1.75120E-06,2.8021E-01
1.75160E-06,2.8119E-01
1.75200E-06,2.8119E-01
1.75240E-06,2.8119E-01
1.75280E-06,2.8412E-01
1.75320E-06,2.8217E-01
1.75360E-06,2.8314E-01
1.75400E-06,2.8021E-01
1.75440E-06,2.8217E-01
1.75480E-06,2.7826E-01
1.75520E-06,2.7826E-01
1.75560E-06,2.8021E-01
1.75600E-06,2.8021E-01
1.75640E-06,2.8119E-01
1.75680E-06,2.8119E-01
1.75720E-06,2.8021E-01
1.75760E-06,2.7729E-01
1.75800E-06,2.8314E-01
1.75840E-06,2.7826E-01
1.75880E-06,2.7729E-01
1.75920E-06,2.8021E-01
1.75960E-06,2.7729E-01
1.76000E-06,2.7826E-01
1.76040E-06,2.7826E-01
1.76080E-06,2.7826E-01
1.76120E-06,2.8412E-01
1.76160E-06,2.7826E-01
1.76200E-06,2.7924E-01
1.76240E-06,2.7631E-01
1.76280E-06,2.7924E-01
1.76320E-06,2.7729E-01
1.76360E-06,2.7729E-01
1.76400E-06,2.7729E-01
1.76440E-06,2.8119E-01
1.76480E-06,2.7729E-01
1.76520E-06,2.7729E-01
1.76560E-06,2.8119E-01
1.76600E-06,2.7729E-01
1.76640E-06,2.8021E-01
1.76680E-06,2.7729E-01
1.76720E-06,2.7826E-01
1.76760E-06,2.7826E-01
1.76800E-06,2.7924E-01
1.76840E-06,2.7924E-01
1.76880E-06,2.7924E-01
1.76920E-06,2.8021E-01
1.76960E-06,2.7729E-01
1.77000E-06,2.7826E-01
1.77040E-06,2.7631E-01
1.77080E-06,2.7729E-01
1.77120E-06,2.7826E-01
1.77160E-06,2.7533E-01
1.77200E-06,2.8217E-01
1.77240E-06,2.7729E-01
1.77280E-06,2.8021E-01
1.77320E-06,2.7729E-01
1.77360E-06,2.7240E-01
1.77400E-06,2.7826E-01
1.77440E-06,2.7729E-01
1.77480E-06,2.7631E-01
1.77520E-06,2.7826E-01
1.77560E-06,2.7631E-01
1.77600E-06,2.7924E-01
1.77640E-06,2.7729E-01
1.77680E-06,2.7631E-01
1.77720E-06,2.7436E-01
1.77760E-06,2.7533E-01
1.77800E-06,2.7729E-01
1.77840E-06,2.7924E-01
1.77880E-06,2.7338E-01
1.77920E-06,2.7631E-01
1.77960E-06,2.7143E-01
1.78000E-06,2.7533E-01
1.78040E-06,2.7533E-01
1.78080E-06,2.7729E-01
1.78120E-06,2.7631E-01
1.78160E-06,2.7729E-01
1.78200E-06,2.7533E-01
1.78240E-06,2.7533E-01
1.78280E-06,2.7631E-01
1.78320E-06,2.7338E-01
1.78360E-06,2.7533E-01
1.78400E-06,2.7533E-01
1.78440E-06,2.7533E-01
1.78480E-06,2.7631E-01
1.78520E-06,2.7729E-01
1.78560E-06,2.7631E-01
1.78600E-06,2.7631E-01
1.78640E-06,2.7436E-01
1.78680E-06,2.7338E-01
1.78720E-06,2.7533E-01
1.78760E-06,2.7533E-01
1.78800E-06,2.7436E-01
1.78840E-06,2.7338E-01
1.78880E-06,2.7240E-01
1.78920E-06,2.7533E-01
1.78960E-06,2.7436E-01
1.79000E-06,2.7338E-01
1.79040E-06,2.7631E-01
1.79080E-06,2.7338E-01
1.79120E-06,2.7436E-01
1.79160E-06,2.7240E-01
1.79200E-06,2.7338E-01
1.79240E-06,2.7436E-01
1.79280E-06,2.7240E-01
1.79320E-06,2.7338E-01
1.79360E-06,2.7436E-01
1.79400E-06,2.7436E-01
1.79440E-06,2.7436E-01
1.79480E-06,2.7631E-01
1.79520E-06,2.7338E-01
1.79560E-06,2.7045E-01
1.79600E-06,2.7045E-01
1.79640E-06,2.7240E-01
1.79680E-06,2.7143E-01
1.79720E-06,2.7338E-01
1.79760E-06,2.7338E-01
1.79800E-06,2.7338E-01
1.79840E-06,2.7143E-01
1.79880E-06,2.7045E-01
1.79920E-06,2.7143E-01
1.79960E-06,2.7240E-01
1.80000E-06,2.7045E-01
1.80040E-06,2.7436E-01
1.80080E-06,2.7338E-01
1.80120E-06,2.7338E-01
1.80160E-06,2.7240E-01
1.80200E-06,2.7143E-01
1.80240E-06,2.7338E-01
1.80280E-06,2.7143E-01
1.80320E-06,2.7143E-01
1.80360E-06,2.7338E-01
1.80400E-06,2.7240E-01
1.80440E-06,2.7338E-01
1.80480E-06,2.7240E-01
1.80520E-06,2.7045E-01
1.80560E-06,2.7240E-01
1.80600E-06,2.7338E-01
1.80640E-06,2.7338E-01
1.80680E-06,2.6850E-01
1.80720E-06,2.7338E-01
1.80760E-06,2.6947E-01
1.80800E-06,2.7045E-01
1.80840E-06,2.6947E-01
1.80880E-06,2.6947E-01
1.80920E-06,2.6752E-01
1.80960E-06,2.6850E-01
1.81000E-06,2.7045E-01
1.81040E-06,2.7143E-01
1.81080E-06,2.6752E-01
1.81120E-06,2.7045E-01
1.81160E-06,2.7240E-01
1.81200E-06,2.7045E-01
1.81240E-06,2.7338E-01
1.81280E-06,2.7045E-01
1.81320E-06,2.6947E-01
1.81360E-06,2.7045E-01
1.81400E-06,2.6947E-01
1.81440E-06,2.6850E-01
1.81480E-06,2.6752E-01
1.81520E-06,2.7338E-01
1.81560E-06,2.6850E-01
1.81600E-06,2.7143E-01
1.81640E-06,2.6654E-01
1.81680E-06,2.6850E-01
1.81720E-06,2.6654E-01
1.81760E-06,2.6947E-01
1.81800E-06,2.6947E-01
1.81840E-06,2.6654E-01
1.81880E-06,2.7143E-01
1.81920E-06,2.6557E-01
1.81960E-06,2.6752E-01
1.82000E-06,2.7143E-01
1.82040E-06,2.6850E-01
1.82080E-06,2.6654E-01
1.82120E-06,2.6850E-01
1.82160E-06,2.6850E-01
1.82200E-06,2.7143E-01
1.82240E-06,2.6654E-01
1.82280E-06,2.6654E-01
1.82320E-06,2.6947E-01
1.82360E-06,2.6654E-01
1.82400E-06,2.6654E-01
1.82440E-06,2.6557E-01
1.82480E-06,2.6947E-01
1.82520E-06,2.6557E-01
1.82560E-06,2.7143E-01
1.82600E-06,2.6947E-01
1.82640E-06,2.6752E-01
1.82680E-06,2.6654E-01
1.82720E-06,2.6850E-01
1.82760E-06,2.6752E-01
1.82800E-06,2.6459E-01
1.82840E-06,2.6654E-01
1.82880E-06,2.6654E-01
1.82920E-06,2.6654E-01
1.82960E-06,2.6850E-01
1.83000E-06,2.7143E-01
1.83040E-06,2.6654E-01
1.83080E-06,2.6654E-01
1.83120E-06,2.6654E-01
1.83160E-06,2.6947E-01
1.83200E-06,2.6654E-01
1.83240E-06,2.6459E-01
1.83280E-06,2.6459E-01
1.83320E-06,2.6850E-01
1.83360E-06,2.6654E-01
1.83400E-06,2.6752E-01
1.83440E-06,2.6557E-01
1.83480E-06,2.6654E-01
1.83520E-06,2.6557E-01
1.83560E-06,2.6752E-01
1.83600E-06,2.6752E-01
1.83640E-06,2.6850E-01
1.83680E-06,2.6557E-01
1.83720E-06,2.6654E-01
1.83760E-06,2.6557E-01
1.83800E-06,2.6752E-01
1.83840E-06,2.6947E-01
1.83880E-06,2.6654E-01
1.83920E-06,2.6557E-01
1.83960E-06,2.6752E-01
1.84000E-06,2.6459E-01
1.84040E-06,2.6459E-01
1.84080E-06,2.6654E-01
1.84120E-06,2.6654E-01
1.84160E-06,2.6459E-01
1.84200E-06,2.6166E-01
1.84240E-06,2.6557E-01
1.84280E-06,2.6068E-01
1.84320E-06,2.6752E-01
1.84360E-06,2.6361E-01
1.84400E-06,2.6557E-01
1.84440E-06,2.6459E-01
1.84480E-06,2.6557E-01
1.84520E-06,2.6264E-01
1.84560E-06,2.6459E-01
1.84600E-06,2.6654E-01
1.84640E-06,2.6557E-01
1.84680E-06,2.6459E-01
1.84720E-06,2.6166E-01
1.84760E-06,2.6654E-01
1.84800E-06,2.6264E-01
1.84840E-06,2.6264E-01
1.84880E-06,2.6361E-01
1.84920E-06,2.6264E-01
1.84960E-06,2.6068E-01
1.85000E-06,2.6557E-01
1.85040E-06,2.6557E-01
1.85080E-06,2.6557E-01
1.85120E-06,2.6264E-01
1.85160E-06,2.6459E-01
1.85200E-06,2.6166E-01
1.85240E-06,2.6264E-01
1.85280E-06,2.6264E-01
1.85320E-06,2.5971E-01
1.85360E-06,2.6068E-01
1.85400E-06,2.6264E-01
1.85440E-06,2.6459E-01
1.85480E-06,2.6361E-01
1.85520E-06,2.6654E-01
1.85560E-06,2.6459E-01
1.85600E-06,2.5971E-01
1.85640E-06,2.5873E-01
1.85680E-06,2.5971E-01
1.85720E-06,2.6068E-01
1.85760E-06,2.6068E-01
1.85800E-06,2.6264E-01
1.85840E-06,2.6068E-01
1.85880E-06,2.6264E-01
1.85920E-06,2.6264E-01
1.85960E-06,2.6264E-01
1.86000E-06,2.6068E-01
1.86040E-06,2.6166E-01
1.86080E-06,2.6557E-01
1.86120E-06,2.6361E-01
1.86160E-06,2.6459E-01
1.86200E-06,2.6361E-01
1.86240E-06,2.5971E-01
1.86280E-06,2.6166E-01
1.86320E-06,2.5971E-01
1.86360E-06,2.6068E-01
1.86400E-06,2.5775E-01
1.86440E-06,2.6264E-01
1.86480E-06,2.5873E-01
1.86520E-06,2.6361E-01
1.86560E-06,2.5971E-01
1.86600E-06,2.5678E-01
1.86640E-06,2.5971E-01
1.86680E-06,2.6166E-01
1.86720E-06,2.6166E-01
1.86760E-06,2.5971E-01
1.86800E-06,2.6264E-01
1.86840E-06,2.6166E-01
1.86880E-06,2.5873E-01
1.86920E-06,2.5873E-01
1.86960E-06,2.5580E-01
1.87000E-06,2.6264E-01
1.87040E-06,2.6068E-01
1.87080E-06,2.5775E-01
1.87120E-06,2.5678E-01
1.87160E-06,2.6068E-01
1.87200E-06,2.5971E-01
1.87240E-06,2.5775E-01
1.87280E-06,2.5873E-01
1.87320E-06,2.5678E-01
1.87360E-06,2.5873E-01
1.87400E-06,2.5873E-01
1.87440E-06,2.6264E-01
1.87480E-06,2.6166E-01
1.87520E-06,2.6166E-01
1.87560E-06,2.5971E-01
1.87600E-06,2.5873E-01
1.87640E-06,2.6068E-01
1.87680E-06,2.6166E-01
1.87720E-06,2.5971E-01
1.87760E-06,2.5971E-01
1.87800E-06,2.5775E-01
1.87840E-06,2.5678E-01
1.87880E-06,2.5971E-01
1.87920E-06,2.6166E-01
1.87960E-06,2.5873E-01
1.88000E-06,2.5678E-01
1.88040E-06,2.5873E-01
1.88080E-06,2.5678E-01
1.88120E-06,2.5775E-01
1.88160E-06,2.5775E-01
1.88200E-06,2.5775E-01
1.88240E-06,2.5385E-01
1.88280E-06,2.5775E-01
1.88320E-06,2.5678E-01
1.88360E-06,2.5580E-01
1.88400E-06,2.5775E-01
1.88440E-06,2.5775E-01
1.88480E-06,2.5678E-01
1.88520E-06,2.5873E-01
1.88560E-06,2.6068E-01
1.88600E-06,2.5873E-01
1.88640E-06,2.6068E-01
1.88680E-06,2.5580E-01
1.88720E-06,2.5873E-01
1.88760E-06,2.5580E-01
1.88800E-06,2.5775E-01
1.88840E-06,2.5775E-01
1.88880E-06,2.5482E-01
1.88920E-06,2.5678E-01
1.88960E-06,2.5775E-01
1.89000E-06,2.5580E-01
1.89040E-06,2.5971E-01
1.89080E-06,2.6166E-01
1.89120E-06,2.5775E-01
1.89160E-06,2.5580E-01
1.89200E-06,2.5580E-01
1.89240E-06,2.5580E-01
1.89280E-06,2.5678E-01
1.89320E-06,2.5580E-01
1.89360E-06,2.5971E-01
1.89400E-06,2.5775E-01
1.89440E-06,2.5775E-01
1.89480E-06,2.5775E-01
1.89520E-06,2.5775E-01
1.89560E-06,2.5580E-01
1.89600E-06,2.5775E-01
1.89640E-06,2.5385E-01
1.89680E-06,2.5482E-01
1.89720E-06,2.5580E-01
1.89760E-06,2.5385E-01
1.89800E-06,2.5482E-01
1.89840E-06,2.5482E-01
1.89880E-06,2.5385E-01
1.89920E-06,2.5580E-01
1.89960E-06,2.5385E-01
1.90000E-06,2.5385E-01
1.90040E-06,2.5580E-01
1.90080E-06,2.5873E-01
1.90120E-06,2.5580E-01
1.90160E-06,2.5580E-01
1.90200E-06,2.5775E-01
1.90240E-06,2.5678E-01
1.90280E-06,2.5873E-01
1.90320E-06,2.5873E-01
1.90360E-06,2.5580E-01
1.90400E-06,2.5580E-01
1.90440E-06,2.5385E-01
1.90480E-06,2.5482E-01
1.90520E-06,2.5678E-01
1.90560E-06,2.5678E-01
1.90600E-06,2.5287E-01
1.90640E-06,2.5580E-01
1.90680E-06,2.5385E-01
1.90720E-06,2.5678E-01
1.90760E-06,2.5287E-01
1.90800E-06,2.5287E-01
1.90840E-06,2.5580E-01
1.90880E-06,2.5580E-01
1.90920E-06,2.5580E-01
1.90960E-06,2.5482E-01
1.91000E-06,2.5287E-01
1.91040E-06,2.5580E-01
1.91080E-06,2.5482E-01
1.91120E-06,2.5287E-01
1.91160E-06,2.5580E-01
1.91200E-06,2.5287E-01
1.91240E-06,2.5580E-01
1.91280E-06,2.5385E-01
1.91320E-06,2.5873E-01
1.91360E-06,2.5482E-01
1.91400E-06,2.5287E-01
1.91440E-06,2.5482E-01
1.91480E-06,2.5482E-01
1.91520E-06,2.5678E-01
1.91560E-06,2.5385E-01
1.91600E-06,2.5580E-01
1.91640E-06,2.5189E-01
1.91680E-06,2.5189E-01
1.91720E-06,2.4994E-01
1.91760E-06,2.5678E-01
1.91800E-06,2.5287E-01
1.91840E-06,2.5189E-01
1.91880E-06,2.5287E-01
1.91920E-06,2.5385E-01
1.91960E-06,2.5482E-01
1.92000E-06,2.5482E-01
1.92040E-06,2.5580E-01
1.92080E-06,2.5189E-01
1.92120E-06,2.5678E-01
1.92160E-06,2.5482E-01
1.92200E-06,2.5189E-01
1.92240E-06,2.5287E-01
1.92280E-06,2.4896E-01
1.92320E-06,2.4994E-01
1.92360E-06,2.5287E-01
1.92400E-06,2.5092E-01
1.92440E-06,2.4604E-01
1.92480E-06,2.5092E-01
1.92520E-06,2.5092E-01
1.92560E-06,2.4896E-01
1.92600E-06,2.5092E-01
1.92640E-06,2.5092E-01
1.92680E-06,2.5287E-01
1.92720E-06,2.5189E-01
1.92760E-06,2.5385E-01
1.92800E-06,2.5092E-01
1.92840E-06,2.5189E-01
1.92880E-06,2.5482E-01
1.92920E-06,2.5287E-01
1.92960E-06,2.5189E-01
1.93000E-06,2.4896E-01
1.93040E-06,2.5189E-01
1.93080E-06,2.5189E-01
1.93120E-06,2.5092E-01
1.93160E-06,2.4896E-01
1.93200E-06,2.4799E-01
1.93240E-06,2.5482E-01
1.93280E-06,2.5189E-01
1.93320E-06,2.5189E-01
1.93360E-06,2.5189E-01
1.93400E-06,2.5092E-01
1.93440E-06,2.5189E-01
1.93480E-06,2.5287E-01
1.93520E-06,2.5385E-01
1.93560E-06,2.5189E-01
1.93600E-06,2.5482E-01
1.93640E-06,2.5189E-01
1.93680E-06,2.4701E-01
1.93720E-06,2.4994E-01
1.93760E-06,2.4506E-01
1.93800E-06,2.5189E-01
1.93840E-06,2.4896E-01
1.93880E-06,2.4994E-01
1.93920E-06,2.4896E-01
1.93960E-06,2.4799E-01
1.94000E-06,2.4994E-01
1.94040E-06,2.4701E-01
1.94080E-06,2.4994E-01
1.94120E-06,2.4896E-01
1.94160E-06,2.4896E-01
1.94200E-06,2.4896E-01
1.94240E-06,2.4994E-01
1.94280E-06,2.4994E-01
1.94320E-06,2.5092E-01
1.94360E-06,2.4896E-01
1.94400E-06,2.4506E-01
1.94440E-06,2.4799E-01
1.94480E-06,2.4896E-01
1.94520E-06,2.4896E-01
1.94560E-06,2.4799E-01
1.94600E-06,2.5092E-01
1.94640E-06,2.4896E-01
1.94680E-06,2.4994E-01
1.94720E-06,2.4799E-01
1.94760E-06,2.4799E-01
1.94800E-06,2.4896E-01
1.94840E-06,2.4994E-01
1.94880E-06,2.4604E-01
1.94920E-06,2.4799E-01
1.94960E-06,2.4604E-01
1.95000E-06,2.5092E-01
1.95040E-06,2.4701E-01
1.95080E-06,2.4896E-01
1.95120E-06,2.4701E-01
1.95160E-06,2.4994E-01
1.95200E-06,2.4604E-01
1.95240E-06,2.4799E-01
1.95280E-06,2.4799E-01
1.95320E-06,2.4701E-01
1.95360E-06,2.4896E-01
1.95400E-06,2.4799E-01
1.95440E-06,2.4896E-01
1.95480E-06,2.4799E-01
1.95520E-06,2.4506E-01
1.95560E-06,2.4799E-01
1.95600E-06,2.4701E-01
1.95640E-06,2.4896E-01
1.95680E-06,2.4506E-01
1.95720E-06,2.4604E-01
1.95760E-06,2.4604E-01
1.95800E-06,2.4604E-01
1.95840E-06,2.4799E-01
1.95880E-06,2.4896E-01
1.95920E-06,2.4799E-01
1.95960E-06,2.4701E-01
1.96000E-06,2.4799E-01
1.96040E-06,2.4604E-01
1.96080E-06,2.4994E-01
1.96120E-06,2.4896E-01
1.96160E-06,2.4701E-01
1.96200E-06,2.4506E-01
1.96240E-06,2.4506E-01
1.96280E-06,2.4799E-01
1.96320E-06,2.4799E-01
1.96360E-06,2.4604E-01
1.96400E-06,2.4896E-01
1.96440E-06,2.4799E-01
1.96480E-06,2.4604E-01
1.96520E-06,2.4408E-01
1.96560E-06,2.4896E-01
1.96600E-06,2.4506E-01
1.96640E-06,2.4506E-01
1.96680E-06,2.4604E-01
1.96720E-06,2.4506E-01
1.96760E-06,2.4506E-01
1.96800E-06,2.4604E-01
1.96840E-06,2.4506E-01
1.96880E-06,2.4799E-01
1.96920E-06,2.4408E-01
1.96960E-06,2.4506E-01
1.97000E-06,2.4311E-01
1.97040E-06,2.4408E-01
1.97080E-06,2.4408E-01
1.97120E-06,2.4408E-01
1.97160E-06,2.4213E-01
1.97200E-06,2.4311E-01
1.97240E-06,2.4604E-01
1.97280E-06,2.4408E-01
1.97320E-06,2.4311E-01
1.97360E-06,2.4506E-01
1.97400E-06,2.4701E-01
1.97440E-06,2.4311E-01
1.97480E-06,2.4408E-01
1.97520E-06,2.4701E-01
1.97560E-06,2.4506E-01
1.97600E-06,2.4506E-01
1.97640E-06,2.4506E-01
1.97680E-06,2.4506E-01
1.97720E-06,2.4701E-01
1.97760E-06,2.4701E-01
1.97800E-06,2.4506E-01
1.97840E-06,2.4115E-01
1.97880E-06,2.4408E-01
1.97920E-06,2.4408E-01
1.97960E-06,2.4311E-01
1.98000E-06,2.4213E-01
1.98040E-06,2.4115E-01
1.98080E-06,2.4213E-01
1.98120E-06,2.4408E-01
1.98160E-06,2.4018E-01
1.98200E-06,2.4604E-01
1.98240E-06,2.4018E-01
1.98280E-06,2.4408E-01
1.98320E-06,2.4408E-01
1.98360E-06,2.4018E-01
1.98400E-06,2.4408E-01
1.98440E-06,2.4311E-01
1.98480E-06,2.4408E-01
1.98520E-06,2.4311E-01
1.98560E-06,2.4311E-01
1.98600E-06,2.4115E-01
1.98640E-06,2.4311E-01
1.98680E-06,2.4506E-01
1.98720E-06,2.4115E-01
1.98760E-06,2.4311E-01
1.98800E-06,2.4213E-01
1.98840E-06,2.4506E-01
1.98880E-06,2.4408E-01
1.98920E-06,2.4213E-01
1.98960E-06,2.4311E-01
1.99000E-06,2.4213E-01
1.99040E-06,2.4408E-01
1.99080E-06,2.4213E-01
1.99120E-06,2.4311E-01
1.99160E-06,2.4018E-01
1.99200E-06,2.4311E-01
1.99240E-06,2.4311E-01
1.99280E-06,2.4213E-01
1.99320E-06,2.4213E-01
1.99360E-06,2.3725E-01
1.99400E-06,2.4506E-01
1.99440E-06,2.4115E-01
1.99480E-06,2.4115E-01
1.99520E-06,2.4408E-01
1.99560E-06,2.3920E-01
1.99600E-06,2.4115E-01
1.99640E-06,2.4115E-01
1.99680E-06,2.3822E-01
1.99720E-06,2.4213E-01
1.99760E-06,2.4115E-01
1.99800E-06,2.3920E-01
1.99840E-06,2.4018E-01
1.99880E-06,2.3822E-01
1.99920E-06,2.4018E-01
1.99960E-06,2.4115E-01
2.00000E-06,2.4408E-01
2.00040E-06,2.4213E-01
2.00080E-06,2.4018E-01
2.00120E-06,2.4311E-01
2.00160E-06,2.4018E-01
2.00200E-06,2.4115E-01
2.00240E-06,2.3920E-01
2.00280E-06,2.4115E-01
2.00320E-06,2.3725E-01
2.00360E-06,2.4018E-01
2.00400E-06,2.4311E-01
2.00440E-06,2.4115E-01
2.00480E-06,2.4213E-01
2.00520E-06,2.4115E-01
2.00560E-06,2.3920E-01
2.00600E-06,2.4018E-01
2.00640E-06,2.3822E-01
2.00680E-06,2.4115E-01
2.00720E-06,2.3822E-01
2.00760E-06,2.3822E-01
2.00800E-06,2.3822E-01
2.00840E-06,2.3920E-01
2.00880E-06,2.3822E-01
2.00920E-06,2.4115E-01
2.00960E-06,2.4018E-01
2.01000E-06,2.3725E-01
2.01040E-06,2.3920E-01
2.01080E-06,2.4018E-01
2.01120E-06,2.4115E-01
2.01160E-06,2.3822E-01
2.01200E-06,2.3822E-01
2.01240E-06,2.3725E-01
2.01280E-06,2.3822E-01
2.01320E-06,2.3822E-01
2.01360E-06,2.3725E-01
2.01400E-06,2.3920E-01
2.01440E-06,2.3822E-01
2.01480E-06,2.4115E-01
2.01520E-06,2.3627E-01
2.01560E-06,2.3725E-01
2.01600E-06,2.4018E-01
2.01640E-06,2.3822E-01
2.01680E-06,2.3822E-01
2.01720E-06,2.3725E-01
2.01760E-06,2.3822E-01
2.01800E-06,2.3725E-01
2.01840E-06,2.3627E-01
2.01880E-06,2.3432E-01
2.01920E-06,2.3432E-01
2.01960E-06,2.3920E-01
2.02000E-06,2.3822E-01
2.02040E-06,2.3725E-01
2.02080E-06,2.3725E-01
2.02120E-06,2.3725E-01
2.02160E-06,2.3432E-01
2.02200E-06,2.3725E-01
2.02240E-06,2.3725E-01
2.02280E-06,2.3627E-01
2.02320E-06,2.3334E-01
2.02360E-06,2.3432E-01
2.02400E-06,2.3432E-01
2.02440E-06,2.3920E-01
2.02480E-06,2.3627E-01
2.02520E-06,2.3432E-01
2.02560E-06,2.3529E-01
2.02600E-06,2.3725E-01
2.02640E-06,2.3725E-01
2.02680E-06,2.3529E-01
2.02720E-06,2.3529E-01
2.02760E-06,2.3627E-01
2.02800E-06,2.3529E-01
2.02840E-06,2.3725E-01
2.02880E-06,2.3432E-01
2.02920E-06,2.3529E-01
2.02960E-06,2.3529E-01
2.03000E-06,2.3725E-01
2.03040E-06,2.3529E-01
2.03080E-06,2.3432E-01
2.03120E-06,2.3627E-01
2.03160E-06,2.3725E-01
2.03200E-06,2.3529E-01
2.03240E-06,2.3627E-01
2.03280E-06,2.3725E-01
2.03320E-06,2.3529E-01
2.03360E-06,2.3432E-01
2.03400E-06,2.3627E-01
2.03440E-06,2.3725E-01
2.03480E-06,2.3529E-01
2.03520E-06,2.3529E-01
2.03560E-06,2.3725E-01
2.03600E-06,2.3627E-01
2.03640E-06,2.3529E-01
2.03680E-06,2.3725E-01
2.03720E-06,2.3334E-01
2.03760E-06,2.3529E-01
2.03800E-06,2.3432E-01
2.03840E-06,2.3725E-01
2.03880E-06,2.3432E-01
2.03920E-06,2.3529E-01
2.03960E-06,2.3432E-01
2.04000E-06,2.3432E-01
2.04040E-06,2.3432E-01
2.04080E-06,2.3627E-01
2.04120E-06,2.3432E-01
2.04160E-06,2.3432E-01
2.04200E-06,2.3432E-01
2.04240E-06,2.3334E-01
2.04280E-06,2.3432E-01
2.04320E-06,2.3236E-01
2.04360E-06,2.3627E-01
2.04400E-06,2.3236E-01
2.04440E-06,2.3822E-01
2.04480E-06,2.3432E-01
2.04520E-06,2.3041E-01
2.04560E-06,2.3236E-01
2.04600E-06,2.3432E-01
2.04640E-06,2.3041E-01
2.04680E-06,2.3139E-01
2.04720E-06,2.3334E-01
2.04760E-06,2.3432E-01
2.04800E-06,2.3041E-01
2.04840E-06,2.3041E-01
2.04880E-06,2.3139E-01
2.04920E-06,2.3432E-01
2.04960E-06,2.3334E-01
2.05000E-06,2.3334E-01
2.05040E-06,2.3139E-01
2.05080E-06,2.3139E-01
2.05120E-06,2.3334E-01
2.05160E-06,2.3139E-01
2.05200E-06,2.3432E-01
2.05240E-06,2.3432E-01
2.05280E-06,2.3432E-01
2.05320E-06,2.3041E-01
2.05360E-06,2.3432E-01
2.05400E-06,2.3334E-01
2.05440E-06,2.3139E-01
2.05480E-06,2.3041E-01
2.05520E-06,2.3041E-01
2.05560E-06,2.3236E-01
2.05600E-06,2.3041E-01
2.05640E-06,2.3236E-01
2.05680E-06,2.3236E-01
2.05720E-06,2.3334E-01
2.05760E-06,2.3432E-01
2.05800E-06,2.3432E-01
2.05840E-06,2.3236E-01
2.05880E-06,2.3432E-01
2.05920E-06,2.3139E-01
2.05960E-06,2.2846E-01
2.06000E-06,2.3236E-01
2.06040E-06,2.3236E-01
2.06080E-06,2.3041E-01
2.06120E-06,2.3139E-01
2.06160E-06,2.2650E-01
2.06200E-06,2.2943E-01
2.06240E-06,2.3236E-01
2.06280E-06,2.3041E-01
2.06320E-06,2.3432E-01
2.06360E-06,2.3041E-01
2.06400E-06,2.3334E-01
2.06440E-06,2.3432E-01
2.06480E-06,2.3041E-01
2.06520E-06,2.3041E-01
2.06560E-06,2.2943E-01
2.06600E-06,2.2846E-01
2.06640E-06,2.3139E-01
2.06680E-06,2.2748E-01
2.06720E-06,2.2943E-01
2.06760E-06,2.3334E-01
2.06800E-06,2.3041E-01
2.06840E-06,2.2748E-01
2.06880E-06,2.3041E-01
2.06920E-06,2.3139E-01
2.06960E-06,2.2943E-01
2.07000E-06,2.3236E-01
2.07040E-06,2.2748E-01
2.07080E-06,2.2943E-01
2.07120E-06,2.2846E-01
2.07160E-06,2.2748E-01
2.07200E-06,2.3041E-01
2.07240E-06,2.2943E-01
2.07280E-06,2.2650E-01
2.07320E-06,2.2748E-01
2.07360E-06,2.3041E-01
2.07400E-06,2.3041E-01
2.07440E-06,2.2748E-01
2.07480E-06,2.3236E-01
2.07520E-06,2.3236E-01
2.07560E-06,2.3139E-01
2.07600E-06,2.2943E-01
2.07640E-06,2.2846E-01
2.07680E-06,2.3041E-01
2.07720E-06,2.2846E-01
2.07760E-06,2.2943E-01
2.07800E-06,2.3041E-01
2.07840E-06,2.3041E-01
2.07880E-06,2.3041E-01
2.07920E-06,2.2846E-01
2.07960E-06,2.3041E-01
2.08000E-06,2.3041E-01
2.08040E-06,2.2943E-01
2.08080E-06,2.2748E-01
2.08120E-06,2.3334E-01
2.08160E-06,2.3041E-01
2.08200E-06,2.2553E-01
2.08240E-06,2.2943E-01
2.08280E-06,2.2650E-01
2.08320E-06,2.2943E-01
2.08360E-06,2.2846E-01
2.08400E-06,2.2846E-01
2.08440E-06,2.2455E-01
2.08480E-06,2.2748E-01
2.08520E-06,2.2748E-01
2.08560E-06,2.2650E-01
2.08600E-06,2.2943E-01
2.08640E-06,2.2846E-01
2.08680E-06,2.2846E-01
2.08720E-06,2.2650E-01
2.08760E-06,2.3041E-01
2.08800E-06,2.2455E-01
2.08840E-06,2.2650E-01
2.08880E-06,2.2748E-01
2.08920E-06,2.2846E-01
2.08960E-06,2.3236E-01
2.09000E-06,2.2748E-01
2.09040E-06,2.2357E-01
2.09080E-06,2.3041E-01
2.09120E-06,2.2748E-01
2.09160E-06,2.2846E-01
2.09200E-06,2.2650E-01
2.09240E-06,2.2357E-01
2.09280E-06,2.2748E-01
2.09320E-06,2.2650E-01
2.09360E-06,2.2748E-01
2.09400E-06,2.2650E-01
2.09440E-06,2.2650E-01
2.09480E-06,2.2846E-01
2.09520E-06,2.3236E-01
2.09560E-06,2.2553E-01
2.09600E-06,2.2650E-01
2.09640E-06,2.2748E-01
2.09680E-06,2.2650E-01
2.09720E-06,2.2846E-01
2.09760E-06,2.2650E-01
2.09800E-06,2.2650E-01
2.09840E-06,2.2357E-01
2.09880E-06,2.2650E-01
2.09920E-06,2.2553E-01
2.09960E-06,2.2650E-01
2.10000E-06,2.2455E-01
2.10040E-06,2.2553E-01
2.10080E-06,2.2650E-01
2.10120E-06,2.2650E-01
2.10160E-06,2.2455E-01
2.10200E-06,2.2357E-01
2.10240E-06,2.2553E-01
2.10280E-06,2.2650E-01
2.10320E-06,2.2260E-01
2.10360E-06,2.2455E-01
2.10400E-06,2.2846E-01
2.10440E-06,2.2455E-01
2.10480E-06,2.2455E-01
2.10520E-06,2.2455E-01
2.10560E-06,2.2357E-01
2.10600E-06,2.2357E-01
2.10640E-06,2.2553E-01
2.10680E-06,2.2650E-01
2.10720E-06,2.2748E-01
2.10760E-06,2.2748E-01
2.10800E-06,2.2846E-01
2.10840E-06,2.2455E-01
2.10880E-06,2.2650E-01
2.10920E-06,2.2650E-01
2.10960E-06,2.2455E-01
2.11000E-06,2.2553E-01
2.11040E-06,2.2553E-01
2.11080E-06,2.2357E-01
2.11120E-06,2.2357E-01
2.11160E-06,2.2553E-01
2.11200E-06,2.2650E-01
2.11240E-06,2.2455E-01
2.11280E-06,2.2357E-01
2.11320E-06,2.2553E-01
2.11360E-06,2.2357E-01
2.11400E-06,2.2553E-01
2.11440E-06,2.2162E-01
2.11480E-06,2.2357E-01
2.11520E-06,2.2162E-01
2.11560E-06,2.2357E-01
2.11600E-06,2.2260E-01
2.11640E-06,2.2260E-01
2.11680E-06,2.2357E-01
2.11720E-06,2.2162E-01
2.11760E-06,2.2260E-01
2.11800E-06,2.2162E-01
2.11840E-06,2.2357E-01
2.11880E-06,2.2357E-01
2.11920E-06,2.1869E-01
2.11960E-06,2.2650E-01
2.12000E-06,2.2357E-01
2.12040E-06,2.2162E-01
2.12080E-06,2.2553E-01
2.12120E-06,2.2357E-01
2.12160E-06,2.2162E-01
2.12200E-06,2.2357E-01
2.12240E-06,2.2260E-01
2.12280E-06,2.2455E-01
2.12320E-06,2.2162E-01
2.12360E-06,2.2357E-01
2.12400E-06,2.2357E-01
2.12440E-06,2.2162E-01
2.12480E-06,2.2357E-01
2.12520E-06,2.2650E-01
2.12560E-06,2.2455E-01
2.12600E-06,2.2357E-01
2.12640E-06,2.2064E-01
2.12680E-06,2.2260E-01
2.12720E-06,2.2357E-01
2.12760E-06,2.2162E-01
2.12800E-06,2.2064E-01
2.12840E-06,2.2064E-01
2.12880E-06,2.2162E-01
2.12920E-06,2.2357E-01
2.12960E-06,2.2162E-01
2.13000E-06,2.2260E-01
2.13040E-06,2.2260E-01
2.13080E-06,2.1967E-01
2.13120E-06,2.2357E-01
2.13160E-06,2.2162E-01
2.13200E-06,2.2260E-01
2.13240E-06,2.2064E-01
2.13280E-06,2.2064E-01
2.13320E-06,2.2162E-01
2.13360E-06,2.2357E-01
2.13400E-06,2.2064E-01
2.13440E-06,2.2357E-01
2.13480E-06,2.2357E-01
2.13520E-06,2.2064E-01
2.13560E-06,2.2260E-01
2.13600E-06,2.2162E-01
2.13640E-06,2.2260E-01
2.13680E-06,2.1967E-01
2.13720E-06,2.2064E-01
2.13760E-06,2.2357E-01
2.13800E-06,2.2064E-01
2.13840E-06,2.2064E-01
2.13880E-06,2.2064E-01
2.13920E-06,2.2162E-01
2.13960E-06,2.2162E-01
2.14000E-06,2.2260E-01
2.14040E-06,2.1967E-01
2.14080E-06,2.1869E-01
2.14120E-06,2.1967E-01
2.14160E-06,2.2064E-01
2.14200E-06,2.1967E-01
2.14240E-06,2.1869E-01
2.14280E-06,2.1967E-01
2.14320E-06,2.2162E-01
2.14360E-06,2.2260E-01
2.14400E-06,2.1967E-01
2.14440E-06,2.2260E-01
2.14480E-06,2.2260E-01
2.14520E-06,2.2064E-01
2.14560E-06,2.2064E-01
2.14600E-06,2.2064E-01
2.14640E-06,2.2260E-01
2.14680E-06,2.2162E-01
2.14720E-06,2.1967E-01
2.14760E-06,2.1967E-01
2.14800E-06,2.2260E-01
2.14840E-06,2.2064E-01
2.14880E-06,2.2260E-01
2.14920E-06,2.2357E-01
2.14960E-06,2.2162E-01
2.15000E-06,2.2357E-01
2.15040E-06,2.2064E-01
2.15080E-06,2.2260E-01
2.15120E-06,2.1967E-01
2.15160E-06,2.2064E-01
2.15200E-06,2.1967E-01
2.15240E-06,2.2260E-01
2.15280E-06,2.1967E-01
2.15320E-06,2.1771E-01
2.15360E-06,2.1771E-01
2.15400E-06,2.1967E-01
2.15440E-06,2.1967E-01
2.15480E-06,2.2162E-01
2.15520E-06,2.1869E-01
2.15560E-06,2.1967E-01
2.15600E-06,2.1967E-01
2.15640E-06,2.1674E-01
2.15680E-06,2.1771E-01
2.15720E-06,2.2162E-01
2.15760E-06,2.1967E-01
2.15800E-06,2.2162E-01
2.15840E-06,2.1967E-01
2.15880E-06,2.1771E-01
2.15920E-06,2.1771E-01
2.15960E-06,2.1967E-01
2.16000E-06,2.1967E-01
2.16040E-06,2.1771E-01
2.16080E-06,2.1869E-01
2.16120E-06,2.1674E-01
2.16160E-06,2.1674E-01
2.16200E-06,2.1771E-01
2.16240E-06,2.1967E-01
2.16280E-06,2.1869E-01
2.16320E-06,2.1869E-01
2.16360E-06,2.2064E-01
2.16400E-06,2.1967E-01
2.16440E-06,2.1869E-01
2.16480E-06,2.1771E-01
2.16520E-06,2.1674E-01
2.16560E-06,2.1674E-01
2.16600E-06,2.1381E-01
2.16640E-06,2.1869E-01
2.16680E-06,2.1771E-01
2.16720E-06,2.1869E-01
2.16760E-06,2.2064E-01
2.16800E-06,2.1674E-01
2.16840E-06,2.1869E-01
2.16880E-06,2.1967E-01
2.16920E-06,2.1869E-01
2.16960E-06,2.1674E-01
2.17000E-06,2.1869E-01
2.17040E-06,2.2064E-01
2.17080E-06,2.1674E-01
2.17120E-06,2.1674E-01
2.17160E-06,2.1869E-01
2.17200E-06,2.1674E-01
2.17240E-06,2.1967E-01
2.17280E-06,2.1967E-01
2.17320E-06,2.1967E-01
2.17360E-06,2.1674E-01
2.17400E-06,2.1674E-01
2.17440E-06,2.1674E-01
2.17480E-06,2.1869E-01
2.17520E-06,2.1674E-01
2.17560E-06,2.1967E-01
2.17600E-06,2.1967E-01
2.17640E-06,2.1869E-01
2.17680E-06,2.1576E-01
2.17720E-06,2.1869E-01
2.17760E-06,2.1967E-01
2.17800E-06,2.1479E-01
2.17840E-06,2.1674E-01
2.17880E-06,2.1869E-01
2.17920E-06,2.1576E-01
2.17960E-06,2.1674E-01
2.18000E-06,2.1869E-01
2.18040E-06,2.1869E-01
2.18080E-06,2.1576E-01
2.18120E-06,2.1576E-01
2.18160E-06,2.1869E-01
2.18200E-06,2.1771E-01
2.18240E-06,2.1771E-01
2.18280E-06,2.1381E-01
2.18320E-06,2.1967E-01
2.18360E-06,2.1576E-01
2.18400E-06,2.1967E-01
2.18440E-06,2.1576E-01
2.18480E-06,2.1771E-01
2.18520E-06,2.1674E-01
2.18560E-06,2.1576E-01
2.18600E-06,2.1771E-01
2.18640E-06,2.1576E-01
2.18680E-06,2.1869E-01
2.18720E-06,2.1576E-01
2.18760E-06,2.1869E-01
2.18800E-06,2.1381E-01
2.18840E-06,2.1381E-01
2.18880E-06,2.1869E-01
2.18920E-06,2.1674E-01
2.18960E-06,2.1576E-01
2.19000E-06,2.1576E-01
2.19040E-06,2.1869E-01
2.19080E-06,2.1869E-01
2.19120E-06,2.1479E-01
2.19160E-06,2.1576E-01
2.19200E-06,2.1967E-01
2.19240E-06,2.1869E-01
2.19280E-06,2.1771E-01
2.19320E-06,2.1576E-01
2.19360E-06,2.1674E-01
2.19400E-06,2.1479E-01
2.19440E-06,2.1381E-01
2.19480E-06,2.1674E-01
2.19520E-06,2.1576E-01
2.19560E-06,2.1479E-01
2.19600E-06,2.1283E-01
2.19640E-06,2.1479E-01
2.19680E-06,2.1576E-01
2.19720E-06,2.1869E-01
2.19760E-06,2.1674E-01
2.19800E-06,2.1674E-01
2.19840E-06,2.1771E-01
2.19880E-06,2.1381E-01
2.19920E-06,2.1869E-01
2.19960E-06,2.1576E-01
2.20000E-06,2.1674E-01
2.20040E-06,2.1869E-01
2.20080E-06,2.1967E-01
2.20120E-06,2.1771E-01
2.20160E-06,2.1674E-01
2.20200E-06,2.1479E-01
2.20240E-06,2.1674E-01
2.20280E-06,2.1674E-01
2.20320E-06,2.1576E-01
2.20360E-06,2.1576E-01
2.20400E-06,2.1576E-01
2.20440E-06,2.1283E-01
2.20480E-06,2.1674E-01
2.20520E-06,2.1576E-01
2.20560E-06,2.1479E-01
2.20600E-06,2.1674E-01
2.20640E-06,2.1381E-01
2.20680E-06,2.1283E-01
2.20720E-06,2.1674E-01
2.20760E-06,2.1479E-01
2.20800E-06,2.1186E-01
2.20840E-06,2.1283E-01
2.20880E-06,2.1674E-01
2.20920E-06,2.1576E-01
2.20960E-06,2.1674E-01
2.21000E-06,2.1479E-01
2.21040E-06,2.1479E-01
2.21080E-06,2.1674E-01
2.21120E-06,2.1576E-01
2.21160E-06,2.1381E-01
2.21200E-06,2.1479E-01
2.21240E-06,2.1674E-01
2.21280E-06,2.1381E-01
2.21320E-06,2.1576E-01
2.21360E-06,2.1674E-01
2.21400E-06,2.1381E-01
2.21440E-06,2.1674E-01
2.21480E-06,2.1381E-01
2.21520E-06,2.1186E-01
2.21560E-06,2.1283E-01
2.21600E-06,2.1576E-01
2.21640E-06,2.1479E-01
2.21680E-06,2.1381E-01
2.21720E-06,2.1088E-01
2.21760E-06,2.1283E-01
2.21800E-06,2.1283E-01
2.21840E-06,2.1381E-01
2.21880E-06,2.1283E-01
2.21920E-06,2.1479E-01
2.21960E-06,2.1283E-01
2.22000E-06,2.1479E-01
2.22040E-06,2.1381E-01
2.22080E-06,2.1088E-01
2.22120E-06,2.1283E-01
2.22160E-06,2.1381E-01
2.22200E-06,2.1381E-01
2.22240E-06,2.1576E-01
2.22280E-06,2.1479E-01
2.22320E-06,2.1088E-01
2.22360E-06,2.1283E-01
2.22400E-06,2.1381E-01
2.22440E-06,2.1283E-01
2.22480E-06,2.1576E-01
2.22520E-06,2.1283E-01
2.22560E-06,2.1283E-01
2.22600E-06,2.0893E-01
2.22640E-06,2.1479E-01
2.22680E-06,2.1381E-01
2.22720E-06,2.1576E-01
2.22760E-06,2.1283E-01
2.22800E-06,2.1576E-01
2.22840E-06,2.1479E-01
2.22880E-06,2.1186E-01
2.22920E-06,2.1381E-01
2.22960E-06,2.1381E-01
2.23000E-06,2.1479E-01
2.23040E-06,2.1576E-01
2.23080E-06,2.1283E-01
2.23120E-06,2.1186E-01
2.23160E-06,2.1381E-01
2.23200E-06,2.1283E-01
2.23240E-06,2.1088E-01
2.23280E-06,2.1381E-01
2.23320E-06,2.1283E-01
2.23360E-06,2.1283E-01
2.23400E-06,2.1283E-01
2.23440E-06,2.1576E-01
2.23480E-06,2.1381E-01
2.23520E-06,2.1576E-01
2.23560E-06,2.1576E-01
2.23600E-06,2.1283E-01
2.23640E-06,2.1771E-01
2.23680E-06,2.1186E-01
2.23720E-06,2.1283E-01
2.23760E-06,2.1381E-01
2.23800E-06,2.1283E-01
2.23840E-06,2.1186E-01
2.23880E-06,2.1381E-01
2.23920E-06,2.1283E-01
2.23960E-06,2.1283E-01
2.24000E-06,2.1479E-01
2.24040E-06,2.1088E-01
2.24080E-06,2.0990E-01
2.24120E-06,2.1283E-01
2.24160E-06,2.1186E-01
2.24200E-06,2.1186E-01
2.24240E-06,2.1186E-01
2.24280E-06,2.1381E-01
2.24320E-06,2.1088E-01
2.24360E-06,2.1283E-01
2.24400E-06,2.1381E-01
2.24440E-06,2.1283E-01
2.24480E-06,2.1088E-01
2.24520E-06,2.1186E-01
2.24560E-06,2.1186E-01
2.24600E-06,2.1186E-01
2.24640E-06,2.1283E-01
2.24680E-06,2.1088E-01
2.24720E-06,2.0990E-01
2.24760E-06,2.1576E-01
2.24800E-06,2.1283E-01
2.24840E-06,2.1381E-01
2.24880E-06,2.1088E-01
2.24920E-06,2.1283E-01
2.24960E-06,2.1088E-01
2.25000E-06,2.1283E-01
2.25040E-06,2.1186E-01
2.25080E-06,2.1381E-01
2.25120E-06,2.0893E-01
2.25160E-06,2.0990E-01
2.25200E-06,2.1283E-01
2.25240E-06,2.1186E-01
2.25280E-06,2.1283E-01
2.25320E-06,2.1088E-01
2.25360E-06,2.1283E-01
2.25400E-06,2.1088E-01
2.25440E-06,2.1088E-01
2.25480E-06,2.0893E-01
2.25520E-06,2.0893E-01
2.25560E-06,2.0990E-01
2.25600E-06,2.0990E-01
2.25640E-06,2.1186E-01
2.25680E-06,2.0893E-01
2.25720E-06,2.1088E-01
2.25760E-06,2.0990E-01
2.25800E-06,2.1088E-01
2.25840E-06,2.1283E-01
2.25880E-06,2.0893E-01
2.25920E-06,2.1283E-01
2.25960E-06,2.0697E-01
2.26000E-06,2.1186E-01
2.26040E-06,2.1186E-01
2.26080E-06,2.1088E-01
2.26120E-06,2.0893E-01
2.26160E-06,2.1088E-01
2.26200E-06,2.0990E-01
2.26240E-06,2.0990E-01
2.26280E-06,2.0990E-01
2.26320E-06,2.1186E-01
2.26360E-06,2.1186E-01
2.26400E-06,2.1283E-01
2.26440E-06,2.1283E-01
2.26480E-06,2.1186E-01
2.26520E-06,2.1186E-01
2.26560E-06,2.1186E-01
2.26600E-06,2.0990E-01
2.26640E-06,2.1088E-01
2.26680E-06,2.1088E-01
2.26720E-06,2.0795E-01
2.26760E-06,2.1381E-01
2.26800E-06,2.0697E-01
2.26840E-06,2.1186E-01
2.26880E-06,2.1186E-01
2.26920E-06,2.1186E-01
2.26960E-06,2.1186E-01
2.27000E-06,2.0893E-01
2.27040E-06,2.0990E-01
2.27080E-06,2.0893E-01
2.27120E-06,2.0697E-01
2.27160E-06,2.0990E-01
2.27200E-06,2.0795E-01
2.27240E-06,2.0697E-01
2.27280E-06,2.0600E-01
2.27320E-06,2.0990E-01
2.27360E-06,2.1088E-01
2.27400E-06,2.0893E-01
2.27440E-06,2.0990E-01
2.27480E-06,2.0893E-01
2.27520E-06,2.0893E-01
2.27560E-06,2.1088E-01
2.27600E-06,2.0990E-01
2.27640E-06,2.1088E-01
2.27680E-06,2.0990E-01
2.27720E-06,2.0990E-01
2.27760E-06,2.1186E-01
2.27800E-06,2.0990E-01
2.27840E-06,2.1283E-01
2.27880E-06,2.0893E-01
2.27920E-06,2.0600E-01
2.27960E-06,2.0795E-01
2.28000E-06,2.1186E-01
2.28040E-06,2.0893E-01
2.28080E-06,2.0990E-01
2.28120E-06,2.1088E-01
2.28160E-06,2.0893E-01
2.28200E-06,2.0893E-01
2.28240E-06,2.0990E-01
2.28280E-06,2.1088E-01
2.28320E-06,2.0697E-01
2.28360E-06,2.0893E-01
2.28400E-06,2.1283E-01
2.28440E-06,2.0990E-01
2.28480E-06,2.0697E-01
2.28520E-06,2.0893E-01
2.28560E-06,2.0893E-01
2.28600E-06,2.0893E-01
2.28640E-06,2.0795E-01
2.28680E-06,2.0893E-01
2.28720E-06,2.0697E-01
2.28760E-06,2.0795E-01
2.28800E-06,2.0893E-01
2.28840E-06,2.0893E-01
2.28880E-06,2.1088E-01
2.28920E-06,2.0990E-01
2.28960E-06,2.0893E-01
2.29000E-06,2.1088E-01
2.29040E-06,2.0893E-01
2.29080E-06,2.0893E-01
2.29120E-06,2.1186E-01
2.29160E-06,2.0990E-01
2.29200E-06,2.0795E-01
2.29240E-06,2.1283E-01
2.29280E-06,2.0990E-01
2.29320E-06,2.0893E-01
2.29360E-06,2.1088E-01
2.29400E-06,2.0893E-01
2.29440E-06,2.0893E-01
2.29480E-06,2.0990E-01
2.29520E-06,2.0795E-01
2.29560E-06,2.0697E-01
2.29600E-06,2.0795E-01
2.29640E-06,2.0893E-01
2.29680E-06,2.1088E-01
2.29720E-06,2.0697E-01
2.29760E-06,2.0893E-01
2.29800E-06,2.0893E-01
2.29840E-06,2.0893E-01
2.29880E-06,2.0893E-01
2.29920E-06,2.0795E-01
2.29960E-06,2.1088E-01
2.30000E-06,2.0502E-01
2.30040E-06,2.1088E-01
2.30080E-06,2.0893E-01
2.30120E-06,2.0697E-01
2.30160E-06,2.0795E-01
2.30200E-06,2.0893E-01
2.30240E-06,2.0600E-01
2.30280E-06,2.0697E-01
2.30320E-06,2.0795E-01
2.30360E-06,2.0600E-01
2.30400E-06,2.0697E-01
2.30440E-06,2.0893E-01
2.30480E-06,2.0990E-01
2.30520E-06,2.0893E-01
2.30560E-06,2.0502E-01
2.30600E-06,2.0893E-01
2.30640E-06,2.0600E-01
2.30680E-06,2.0697E-01
2.30720E-06,2.0697E-01
2.30760E-06,2.0795E-01
2.30800E-06,2.0893E-01
2.30840E-06,2.0893E-01
2.30880E-06,2.1186E-01
2.30920E-06,2.0795E-01
2.30960E-06,2.0893E-01
2.31000E-06,2.0697E-01
2.31040E-06,2.0795E-01
2.31080E-06,2.0893E-01
2.31120E-06,2.0795E-01
2.31160E-06,2.1186E-01
2.31200E-06,2.0600E-01
2.31240E-06,2.0697E-01
2.31280E-06,2.0600E-01
2.31320E-06,2.0893E-01
2.31360E-06,2.0697E-01
2.31400E-06,2.0795E-01
2.31440E-06,2.0893E-01
2.31480E-06,2.0600E-01
2.31520E-06,2.0893E-01
2.31560E-06,2.0795E-01
2.31600E-06,2.0404E-01
2.31640E-06,2.0697E-01
2.31680E-06,2.0697E-01
2.31720E-06,2.0404E-01
2.31760E-06,2.0600E-01
2.31800E-06,2.0893E-01
2.31840E-06,2.0600E-01
2.31880E-06,2.0795E-01
2.31920E-06,2.0893E-01
2.31960E-06,2.0795E-01
2.32000E-06,2.0600E-01
2.32040E-06,2.0893E-01
2.32080E-06,2.0502E-01
2.32120E-06,2.0697E-01
2.32160E-06,2.0600E-01
2.32200E-06,2.0795E-01
2.32240E-06,2.0307E-01
2.32280E-06,2.0893E-01
2.32320E-06,2.0697E-01
2.32360E-06,2.0404E-01
2.32400E-06,2.0795E-01
2.32440E-06,2.0697E-01
2.32480E-06,2.0697E-01
2.32520E-06,2.0600E-01
2.32560E-06,2.0502E-01
2.32600E-06,2.0600E-01
2.32640E-06,2.0893E-01
2.32680E-06,2.0893E-01
2.32720E-06,2.0502E-01
2.32760E-06,2.0600E-01
2.32800E-06,2.0697E-01
2.32840E-06,2.0600E-01
2.32880E-06,2.1088E-01
2.32920E-06,2.1088E-01
2.32960E-06,2.0600E-01
2.33000E-06,2.1088E-01
2.33040E-06,2.0600E-01
2.33080E-06,2.0502E-01
2.33120E-06,2.0795E-01
2.33160E-06,2.0502E-01
2.33200E-06,2.0795E-01
2.33240E-06,2.0600E-01
2.33280E-06,2.0795E-01
2.33320E-06,2.0697E-01
2.33360E-06,2.0307E-01
2.33400E-06,2.0600E-01
2.33440E-06,2.0600E-01
2.33480E-06,2.0502E-01
2.33520E-06,2.0209E-01
2.33560E-06,2.0600E-01
2.33600E-06,2.0600E-01
2.33640E-06,2.0502E-01
2.33680E-06,2.0600E-01
2.33720E-06,2.0502E-01
2.33760E-06,2.0600E-01
2.33800E-06,2.0893E-01
2.33840E-06,2.0697E-01
2.33880E-06,2.0697E-01
2.33920E-06,2.0795E-01
2.33960E-06,2.0893E-01
2.34000E-06,2.0795E-01
2.34040E-06,2.0209E-01
2.34080E-06,2.0697E-01
2.34120E-06,2.0502E-01
2.34160E-06,2.0502E-01
2.34200E-06,2.0502E-01
2.34240E-06,2.0502E-01
2.34280E-06,2.0502E-01
2.34320E-06,2.0600E-01
2.34360E-06,2.0600E-01
2.34400E-06,2.0600E-01
2.34440E-06,2.0697E-01
2.34480E-06,2.0502E-01
2.34520E-06,2.0600E-01
2.34560E-06,2.0600E-01
2.34600E-06,2.0404E-01
2.34640E-06,2.0404E-01
2.34680E-06,2.0209E-01
2.34720E-06,2.0600E-01
2.34760E-06,2.0209E-01
2.34800E-06,2.0307E-01
2.34840E-06,2.0502E-01
2.34880E-06,2.0502E-01
2.34920E-06,2.0600E-01
2.34960E-06,2.0307E-01
2.35000E-06,2.0893E-01
2.35040E-06,2.0697E-01
2.35080E-06,2.0209E-01
2.35120E-06,2.0697E-01
2.35160E-06,2.0404E-01
2.35200E-06,2.0600E-01
2.35240E-06,2.0307E-01
2.35280E-06,2.0600E-01
2.35320E-06,2.0502E-01
2.35360E-06,2.0600E-01
2.35400E-06,2.0307E-01
2.35440E-06,2.0697E-01
2.35480E-06,2.0600E-01
2.35520E-06,2.0697E-01
2.35560E-06,2.0600E-01
2.35600E-06,2.0404E-01
2.35640E-06,2.0502E-01
2.35680E-06,2.0600E-01
2.35720E-06,2.0502E-01
2.35760E-06,2.0209E-01
2.35800E-06,2.0600E-01
2.35840E-06,2.0600E-01
2.35880E-06,2.0404E-01
2.35920E-06,2.0502E-01
2.35960E-06,2.0502E-01
2.36000E-06,2.0600E-01
2.36040E-06,2.0795E-01
2.36080E-06,2.0209E-01
2.36120E-06,2.0502E-01
2.36160E-06,2.0502E-01
2.36200E-06,2.0600E-01
2.36240E-06,2.0307E-01
2.36280E-06,2.0502E-01
2.36320E-06,2.0600E-01
2.36360E-06,2.0600E-01
2.36400E-06,2.0404E-01
2.36440E-06,2.0404E-01
2.36480E-06,2.0502E-01
2.36520E-06,2.0404E-01
2.36560E-06,2.0209E-01
2.36600E-06,2.0502E-01
2.36640E-06,2.0111E-01
2.36680E-06,2.0502E-01
2.36720E-06,2.0307E-01
2.36760E-06,2.0307E-01
2.36800E-06,2.0209E-01
2.36840E-06,2.0600E-01
2.36880E-06,2.0307E-01
2.36920E-06,2.0893E-01
2.36960E-06,2.0600E-01
2.37000E-06,2.0502E-01
2.37040E-06,2.0697E-01
2.37080E-06,2.0600E-01
2.37120E-06,2.0307E-01
2.37160E-06,2.0502E-01
2.37200E-06,2.0600E-01
2.37240E-06,2.0600E-01
2.37280E-06,2.0502E-01
2.37320E-06,2.0502E-01
2.37360E-06,2.0502E-01
2.37400E-06,2.0404E-01
2.37440E-06,2.0307E-01
2.37480E-06,2.0404E-01
2.37520E-06,2.0600E-01
2.37560E-06,2.0209E-01
2.37600E-06,2.0307E-01
2.37640E-06,2.0502E-01
2.37680E-06,2.0502E-01
2.37720E-06,2.0209E-01
2.37760E-06,2.0209E-01
2.37800E-06,2.0600E-01
2.37840E-06,2.0404E-01
2.37880E-06,2.0307E-01
2.37920E-06,2.0111E-01
2.37960E-06,2.0209E-01
2.38000E-06,2.0307E-01
2.38040E-06,2.0600E-01
2.38080E-06,2.0209E-01
2.38120E-06,2.0404E-01
2.38160E-06,2.0307E-01
2.38200E-06,2.0209E-01
2.38240E-06,2.0307E-01
2.38280E-06,2.0209E-01
2.38320E-06,2.0307E-01
2.38360E-06,2.0209E-01
2.38400E-06,2.0209E-01
2.38440E-06,2.0209E-01
2.38480E-06,2.0697E-01
2.38520E-06,2.0209E-01
2.38560E-06,2.0404E-01
2.38600E-06,2.0111E-01
2.38640E-06,2.0307E-01
2.38680E-06,2.0209E-01
2.38720E-06,1.9818E-01
2.38760E-06,1.9916E-01
2.38800E-06,2.0209E-01
2.38840E-06,2.0404E-01
2.38880E-06,2.0404E-01
2.38920E-06,2.0209E-01
2.38960E-06,2.0111E-01
2.39000E-06,2.0404E-01
2.39040E-06,2.0502E-01
2.39080E-06,2.0209E-01
2.39120E-06,2.0209E-01
2.39160E-06,2.0209E-01
2.39200E-06,2.0307E-01
2.39240E-06,2.0209E-01
2.39280E-06,2.0111E-01
2.39320E-06,2.0502E-01
2.39360E-06,2.0209E-01
2.39400E-06,2.0502E-01
2.39440E-06,2.0111E-01
2.39480E-06,2.0307E-01
2.39520E-06,2.0209E-01
2.39560E-06,2.0502E-01
2.39600E-06,2.0404E-01
2.39640E-06,2.0404E-01
2.39680E-06,2.0111E-01
2.39720E-06,2.0404E-01
2.39760E-06,1.9916E-01
2.39800E-06,2.0209E-01
2.39840E-06,2.0209E-01
2.39880E-06,2.0111E-01
2.39920E-06,2.0111E-01
2.39960E-06,2.0209E-01
2.40000E-06,1.9916E-01
2.40040E-06,2.0209E-01
2.40080E-06,2.0209E-01
2.40120E-06,2.0209E-01
2.40160E-06,2.0111E-01
2.40200E-06,2.0209E-01
2.40240E-06,2.0209E-01
2.40280E-06,2.0209E-01
2.40320E-06,2.0307E-01
2.40360E-06,2.0111E-01
2.40400E-06,2.0307E-01
2.40440E-06,2.0014E-01
2.40480E-06,2.0307E-01
2.40520E-06,1.9916E-01
2.40560E-06,2.0209E-01
2.40600E-06,2.0404E-01
2.40640E-06,2.0404E-01
2.40680E-06,2.0600E-01
2.40720E-06,2.0209E-01
2.40760E-06,2.0209E-01
2.40800E-06,2.0404E-01
2.40840E-06,2.0111E-01
2.40880E-06,2.0404E-01
2.40920E-06,2.0209E-01
2.40960E-06,2.0111E-01
2.41000E-06,2.0111E-01
2.41040E-06,2.0111E-01
2.41080E-06,1.9916E-01
2.41120E-06,1.9916E-01
2.41160E-06,1.9916E-01
2.41200E-06,2.0209E-01
2.41240E-06,2.0307E-01
2.41280E-06,2.0014E-01
2.41320E-06,2.0209E-01
2.41360E-06,2.0014E-01
2.41400E-06,2.0209E-01
2.41440E-06,2.0209E-01
2.41480E-06,2.0209E-01
2.41520E-06,2.0307E-01
2.41560E-06,2.0209E-01
2.41600E-06,2.0014E-01
2.41640E-06,1.9818E-01
2.41680E-06,1.9916E-01
2.41720E-06,1.9916E-01
2.41760E-06,2.0404E-01
2.41800E-06,2.0209E-01
2.41840E-06,2.0307E-01
2.41880E-06,2.0111E-01
2.41920E-06,2.0209E-01
2.41960E-06,2.0209E-01
2.42000E-06,2.0209E-01
2.42040E-06,2.0307E-01
2.42080E-06,1.9818E-01
2.42120E-06,2.0209E-01
2.42160E-06,2.0014E-01
2.42200E-06,2.0307E-01
2.42240E-06,2.0014E-01
2.42280E-06,2.0404E-01
2.42320E-06,2.0014E-01
2.42360E-06,1.9818E-01
2.42400E-06,2.0111E-01
2.42440E-06,2.0014E-01
2.42480E-06,2.0209E-01
2.42520E-06,2.0209E-01
2.42560E-06,2.0014E-01
2.42600E-06,2.0111E-01
2.42640E-06,1.9818E-01
2.42680E-06,1.9916E-01
2.42720E-06,1.9916E-01
2.42760E-06,2.0111E-01
2.42800E-06,1.9721E-01
2.42840E-06,2.0111E-01
2.42880E-06,2.0111E-01
2.42920E-06,2.0209E-01
2.42960E-06,2.0209E-01
2.43000E-06,1.9916E-01
2.43040E-06,2.0014E-01
2.43080E-06,2.0111E-01
2.43120E-06,2.0209E-01
2.43160E-06,2.0111E-01
2.43200E-06,1.9916E-01
2.43240E-06,2.0404E-01
2.43280E-06,1.9916E-01
2.43320E-06,2.0209E-01
2.43360E-06,2.0307E-01
2.43400E-06,1.9916E-01
2.43440E-06,2.0014E-01
2.43480E-06,2.0111E-01
2.43520E-06,1.9916E-01
2.43560E-06,1.9916E-01
2.43600E-06,1.9818E-01
2.43640E-06,1.9818E-01
2.43680E-06,2.0209E-01
2.43720E-06,1.9916E-01
2.43760E-06,2.0014E-01
2.43800E-06,2.0111E-01
2.43840E-06,1.9818E-01
2.43880E-06,2.0111E-01
2.43920E-06,2.0014E-01
2.43960E-06,2.0014E-01
2.44000E-06,1.9623E-01
2.44040E-06,1.9525E-01
2.44080E-06,2.0111E-01
2.44120E-06,2.0014E-01
2.44160E-06,2.0111E-01
2.44200E-06,1.9818E-01
2.44240E-06,1.9916E-01
2.44280E-06,2.0014E-01
2.44320E-06,1.9818E-01
2.44360E-06,2.0014E-01
2.44400E-06,2.0014E-01
2.44440E-06,1.9818E-01
2.44480E-06,2.0209E-01
2.44520E-06,1.9818E-01
2.44560E-06,1.9916E-01
2.44600E-06,1.9916E-01
2.44640E-06,1.9721E-01
2.44680E-06,1.9916E-01
2.44720E-06,1.9721E-01
2.44760E-06,1.9916E-01
2.44800E-06,1.9916E-01
2.44840E-06,1.9916E-01
2.44880E-06,2.0014E-01
2.44920E-06,1.9916E-01
2.44960E-06,2.0111E-01
2.45000E-06,1.9818E-01
2.45040E-06,1.9916E-01
2.45080E-06,1.9818E-01
2.45120E-06,2.0111E-01
2.45160E-06,2.0014E-01
2.45200E-06,1.9623E-01
2.45240E-06,1.9916E-01
2.45280E-06,1.9818E-01
2.45320E-06,2.0111E-01
2.45360E-06,1.9623E-01
2.45400E-06,2.0111E-01
2.45440E-06,1.9721E-01
2.45480E-06,2.0111E-01
2.45520E-06,2.0014E-01
2.45560E-06,1.9721E-01
2.45600E-06,1.9818E-01
2.45640E-06,1.9623E-01
2.45680E-06,2.0014E-01
2.45720E-06,1.9818E-01
2.45760E-06,1.9818E-01
2.45800E-06,2.0014E-01
2.45840E-06,1.9818E-01
2.45880E-06,1.9818E-01
2.45920E-06,1.9721E-01
2.45960E-06,1.9721E-01
2.46000E-06,1.9721E-01
2.46040E-06,1.9916E-01
2.46080E-06,2.0014E-01
2.46120E-06,2.0014E-01
2.46160E-06,2.0209E-01
2.46200E-06,1.9916E-01
2.46240E-06,1.9818E-01
2.46280E-06,1.9916E-01
2.46320E-06,1.9721E-01
2.46360E-06,1.9721E-01
2.46400E-06,1.9818E-01
2.46440E-06,1.9721E-01
2.46480E-06,1.9721E-01
2.46520E-06,1.9818E-01
2.46560E-06,1.9916E-01
2.46600E-06,1.9721E-01
2.46640E-06,1.9623E-01
2.46680E-06,1.9818E-01
2.46720E-06,1.9525E-01
2.46760E-06,1.9623E-01
2.46800E-06,1.9721E-01
2.46840E-06,2.0014E-01
2.46880E-06,1.9721E-01
2.46920E-06,2.0014E-01
2.46960E-06,2.0014E-01
2.47000E-06,1.9525E-01
2.47040E-06,1.9916E-01
2.47080E-06,1.9818E-01
2.47120E-06,1.9623E-01
2.47160E-06,2.0014E-01
2.47200E-06,1.9916E-01
2.47240E-06,1.9623E-01
2.47280E-06,1.9721E-01
2.47320E-06,1.9818E-01
2.47360E-06,1.9818E-01
2.47400E-06,1.9818E-01
2.47440E-06,1.9721E-01
2.47480E-06,1.9623E-01
2.47520E-06,2.0014E-01
2.47560E-06,1.9721E-01
2.47600E-06,1.9916E-01
2.47640E-06,2.0014E-01
2.47680E-06,1.9428E-01
2.47720E-06,1.9916E-01
2.47760E-06,1.9428E-01
2.47800E-06,1.9818E-01
2.47840E-06,1.9721E-01
2.47880E-06,1.9525E-01
2.47920E-06,1.9525E-01
2.47960E-06,1.9916E-01
2.48000E-06,1.9721E-01
2.48040E-06,1.9330E-01
2.48080E-06,1.9818E-01
2.48120E-06,1.9721E-01
2.48160E-06,1.9916E-01
2.48200E-06,1.9721E-01
2.48240E-06,1.9916E-01
2.48280E-06,2.0014E-01
2.48320E-06,1.9818E-01
2.48360E-06,1.9818E-01
2.48400E-06,1.9818E-01
2.48440E-06,1.9818E-01
2.48480E-06,2.0111E-01
2.48520E-06,2.0111E-01
2.48560E-06,1.9818E-01
2.48600E-06,1.9818E-01
2.48640E-06,1.9623E-01
2.48680E-06,1.9818E-01
2.48720E-06,2.0014E-01
2.48760E-06,2.0014E-01
2.48800E-06,1.9818E-01
2.48840E-06,1.9623E-01
2.48880E-06,1.9916E-01
2.48920E-06,1.9818E-01
2.48960E-06,1.9818E-01
2.49000E-06,1.9818E-01
2.49040E-06,1.9818E-01
2.49080E-06,1.9623E-01
2.49120E-06,1.9623E-01
2.49160E-06,1.9916E-01
2.49200E-06,1.9818E-01
2.49240E-06,1.9525E-01
2.49280E-06,1.9525E-01
2.49320E-06,1.9623E-01
2.49360E-06,2.0111E-01
2.49400E-06,1.9623E-01
2.49440E-06,1.9818E-01
2.49480E-06,1.9623E-01
2.49520E-06,1.9721E-01
2.49560E-06,1.9916E-01
2.49600E-06,1.9623E-01
2.49640E-06,1.9525E-01
2.49680E-06,2.0014E-01
2.49720E-06,1.9525E-01
2.49760E-06,1.9623E-01
2.49800E-06,1.9721E-01
2.49840E-06,1.9623E-01
2.49880E-06,1.9818E-01
2.49920E-06,1.9721E-01
2.49960E-06,2.0014E-01
2.50000E-06,1.9428E-01
2.50040E-06,1.9721E-01
2.50080E-06,1.9525E-01
2.50120E-06,1.9623E-01
2.50160E-06,1.9916E-01
2.50200E-06,1.9818E-01
2.50240E-06,1.9428E-01
2.50280E-06,1.9525E-01
2.50320E-06,1.9525E-01
2.50360E-06,1.9818E-01
2.50400E-06,1.9525E-01
2.50440E-06,1.9623E-01
2.50480E-06,1.9916E-01
2.50520E-06,1.9916E-01
2.50560E-06,1.9525E-01
2.50600E-06,1.9818E-01
2.50640E-06,1.9525E-01
2.50680E-06,1.9721E-01
2.50720E-06,1.9428E-01
2.50760E-06,1.9623E-01
2.50800E-06,1.9525E-01
2.50840E-06,1.9525E-01
2.50880E-06,1.9525E-01
2.50920E-06,1.9818E-01
2.50960E-06,1.9721E-01
2.51000E-06,1.9623E-01
2.51040E-06,1.9525E-01
2.51080E-06,1.9721E-01
2.51120E-06,1.9428E-01
2.51160E-06,1.9721E-01
2.51200E-06,1.9818E-01
2.51240E-06,1.9818E-01
2.51280E-06,1.9721E-01
2.51320E-06,1.9623E-01
2.51360E-06,1.9818E-01
2.51400E-06,1.9525E-01
2.51440E-06,1.9818E-01
2.51480E-06,1.9916E-01
2.51520E-06,1.9623E-01
2.51560E-06,1.9525E-01
2.51600E-06,1.9525E-01
2.51640E-06,1.9721E-01
2.51680E-06,1.9525E-01
2.51720E-06,1.9916E-01
2.51760E-06,1.9721E-01
2.51800E-06,1.9623E-01
2.51840E-06,1.9818E-01
2.51880E-06,1.9623E-01
2.51920E-06,1.9916E-01
2.51960E-06,1.9525E-01
2.52000E-06,2.0014E-01
2.52040E-06,1.9818E-01
2.52080E-06,1.9623E-01
2.52120E-06,1.9623E-01
2.52160E-06,1.9525E-01
2.52200E-06,1.9525E-01
2.52240E-06,1.9428E-01
2.52280E-06,1.9428E-01
2.52320E-06,1.9623E-01
2.52360E-06,1.9525E-01
2.52400E-06,1.9623E-01
2.52440E-06,1.9525E-01
2.52480E-06,1.9721E-01
2.52520E-06,1.9818E-01
2.52560E-06,1.9721E-01
2.52600E-06,1.9428E-01
2.52640E-06,1.9525E-01
2.52680E-06,1.9428E-01
2.52720E-06,1.9916E-01
2.52760E-06,1.9623E-01
2.52800E-06,1.9721E-01
2.52840E-06,1.9428E-01
2.52880E-06,1.9428E-01
2.52920E-06,1.9623E-01
2.52960E-06,1.9623E-01
2.53000E-06,1.9818E-01
2.53040E-06,1.9330E-01
2.53080E-06,1.9818E-01
2.53120E-06,1.9428E-01
2.53160E-06,1.9623E-01
2.53200E-06,1.9818E-01
2.53240E-06,1.9428E-01
2.53280E-06,1.9525E-01
2.53320E-06,1.9428E-01
2.53360E-06,1.9818E-01
2.53400E-06,1.9525E-01
2.53440E-06,1.9623E-01
2.53480E-06,1.9525E-01
2.53520E-06,1.9721E-01
2.53560E-06,1.9721E-01
2.53600E-06,1.9428E-01
2.53640E-06,1.9818E-01
2.53680E-06,1.9428E-01
2.53720E-06,1.9721E-01
2.53760E-06,1.9721E-01
2.53800E-06,1.9525E-01
2.53840E-06,1.9428E-01
2.53880E-06,1.9330E-01
2.53920E-06,1.9525E-01
2.53960E-06,1.9428E-01
2.54000E-06,1.9525E-01
2.54040E-06,1.9818E-01
2.54080E-06,1.9525E-01
2.54120E-06,1.9721E-01
2.54160E-06,1.9623E-01
2.54200E-06,1.9721E-01
2.54240E-06,1.9721E-01
2.54280E-06,1.9525E-01
2.54320E-06,1.9330E-01
2.54360E-06,1.9818E-01
2.54400E-06,1.9525E-01
2.54440E-06,1.9721E-01
2.54480E-06,1.9623E-01
2.54520E-06,1.9623E-01
2.54560E-06,1.9818E-01
2.54600E-06,1.9330E-01
2.54640E-06,1.9623E-01
2.54680E-06,1.9623E-01
2.54720E-06,1.9721E-01
2.54760E-06,1.9428E-01
2.54800E-06,1.9818E-01
2.54840E-06,1.9721E-01
2.54880E-06,1.9525E-01
2.54920E-06,1.9525E-01
2.54960E-06,1.9330E-01
2.55000E-06,1.9623E-01
2.55040E-06,1.9916E-01
2.55080E-06,1.9818E-01
2.55120E-06,1.9623E-01
2.55160E-06,1.9428E-01
2.55200E-06,1.9330E-01
2.55240E-06,1.9428E-01
2.55280E-06,1.9428E-01
2.55320E-06,1.9428E-01
2.55360E-06,1.9428E-01
2.55400E-06,1.9135E-01
2.55440E-06,1.9232E-01
2.55480E-06,1.9428E-01
2.55520E-06,1.9428E-01
2.55560E-06,1.9428E-01
2.55600E-06,1.9525E-01
2.55640E-06,1.9525E-01
2.55680E-06,1.9428E-01
2.55720E-06,1.9428E-01
2.55760E-06,1.9428E-01
2.55800E-06,1.9232E-01
2.55840E-06,1.9330E-01
2.55880E-06,1.9525E-01
2.55920E-06,1.9232E-01
2.55960E-06,1.9525E-01
2.56000E-06,1.9428E-01
2.56040E-06,1.9330E-01
2.56080E-06,1.9330E-01
2.56120E-06,1.9232E-01
2.56160E-06,1.9330E-01
2.56200E-06,1.9525E-01
2.56240E-06,1.9525E-01
2.56280E-06,1.9721E-01
2.56320E-06,1.9721E-01
2.56360E-06,1.9428E-01
2.56400E-06,1.9525E-01
2.56440E-06,1.9330E-01
2.56480E-06,1.9525E-01
2.56520E-06,1.9232E-01
2.56560E-06,1.9330E-01
2.56600E-06,1.9330E-01
2.56640E-06,1.9525E-01
2.56680E-06,1.9428E-01
2.56720E-06,1.9232E-01
2.56760E-06,1.9525E-01
2.56800E-06,1.9525E-01
2.56840E-06,1.9721E-01
2.56880E-06,1.9232E-01
2.56920E-06,1.9428E-01
2.56960E-06,1.9623E-01
2.57000E-06,1.9721E-01
2.57040E-06,1.9623E-01
2.57080E-06,1.9428E-01
2.57120E-06,1.9525E-01
2.57160E-06,1.9623E-01
2.57200E-06,1.9721E-01
2.57240E-06,1.9428E-01
2.57280E-06,1.9330E-01
2.57320E-06,1.9135E-01
2.57360E-06,1.9232E-01
2.57400E-06,1.9330E-01
2.57440E-06,1.9525E-01
2.57480E-06,1.9330E-01
2.57520E-06,1.9525E-01
2.57560E-06,1.9525E-01
2.57600E-06,1.9330E-01
2.57640E-06,1.9525E-01
2.57680E-06,1.9525E-01
2.57720E-06,1.9428E-01
2.57760E-06,1.9623E-01
2.57800E-06,1.9428E-01
2.57840E-06,1.9721E-01
2.57880E-06,1.9623E-01
2.57920E-06,1.9428E-01
2.57960E-06,1.9330E-01
2.58000E-06,1.9525E-01
2.58040E-06,1.9721E-01
2.58080E-06,1.9525E-01
2.58120E-06,1.9818E-01
2.58160E-06,1.9428E-01
2.58200E-06,1.9525E-01
2.58240E-06,1.9428E-01
2.58280E-06,1.9525E-01
2.58320E-06,1.9232E-01
2.58360E-06,1.9232E-01
2.58400E-06,1.9330E-01
2.58440E-06,1.9428E-01
2.58480E-06,1.9135E-01
2.58520E-06,1.9135E-01
2.58560E-06,1.9428E-01
2.58600E-06,1.9232E-01
2.58640E-06,1.9428E-01
2.58680E-06,1.9525E-01
2.58720E-06,1.9428E-01
2.58760E-06,1.9623E-01
2.58800E-06,1.9428E-01
2.58840E-06,1.9525E-01
2.58880E-06,1.9428E-01
2.58920E-06,1.9623E-01
2.58960E-06,1.9623E-01
2.59000E-06,1.9525E-01
2.59040E-06,1.9330E-01
2.59080E-06,1.9428E-01
2.59120E-06,1.9525E-01
2.59160E-06,1.9428E-01
2.59200E-06,1.9525E-01
2.59240E-06,1.9232E-01
2.59280E-06,1.9232E-01
2.59320E-06,1.9428E-01
2.59360E-06,1.9818E-01
2.59400E-06,1.9721E-01
2.59440E-06,1.9525E-01
2.59480E-06,1.9525E-01
2.59520E-06,1.9623E-01
2.59560E-06,1.9525E-01
2.59600E-06,1.9330E-01
2.59640E-06,1.9330E-01
2.59680E-06,1.9428E-01
2.59720E-06,1.9135E-01
2.59760E-06,1.9428E-01
2.59800E-06,1.9232E-01
2.59840E-06,1.9232E-01
2.59880E-06,1.9330E-01
2.59920E-06,1.9232E-01
2.59960E-06,1.9428E-01
2.60000E-06,1.9525E-01
2.60040E-06,1.9135E-01
2.60080E-06,1.9232E-01
2.60120E-06,1.9232E-01
2.60160E-06,1.9330E-01
2.60200E-06,1.9623E-01
2.60240E-06,1.9232E-01
2.60280E-06,1.9330E-01
2.60320E-06,1.9428E-01
2.60360E-06,1.9135E-01
2.60400E-06,1.9721E-01
2.60440E-06,1.9330E-01
2.60480E-06,1.9135E-01
2.60520E-06,1.9330E-01
2.60560E-06,1.9623E-01
2.60600E-06,1.9428E-01
2.60640E-06,1.9525E-01
2.60680E-06,1.9525E-01
2.60720E-06,1.9623E-01
2.60760E-06,1.9232E-01
2.60800E-06,1.9428E-01
2.60840E-06,1.9428E-01
2.60880E-06,1.9135E-01
2.60920E-06,1.9525E-01
2.60960E-06,1.9135E-01
2.61000E-06,1.9135E-01
2.61040E-06,1.9623E-01
2.61080E-06,1.9037E-01
2.61120E-06,1.9232E-01
2.61160E-06,1.9330E-01
2.61200E-06,1.9525E-01
2.61240E-06,1.9623E-01
2.61280E-06,1.9232E-01
2.61320E-06,1.9525E-01
2.61360E-06,1.9232E-01
2.61400E-06,1.9135E-01
2.61440E-06,1.9330E-01
2.61480E-06,1.8939E-01
2.61520E-06,1.9135E-01
2.61560E-06,1.9428E-01
2.61600E-06,1.9135E-01
2.61640E-06,1.9135E-01
2.61680E-06,1.9330E-01
2.61720E-06,1.9428E-01
2.61760E-06,1.9330E-01
2.61800E-06,1.9232E-01
2.61840E-06,1.9135E-01
2.61880E-06,1.8939E-01
2.61920E-06,1.9232E-01
2.61960E-06,1.9330E-01
2.62000E-06,1.9037E-01
2.62040E-06,1.9721E-01
2.62080E-06,1.9721E-01
2.62120E-06,1.9232E-01
2.62160E-06,1.9232E-01
2.62200E-06,1.9428E-01
2.62240E-06,1.9330E-01
2.62280E-06,1.9135E-01
2.62320E-06,1.9037E-01
2.62360E-06,1.9330E-01
2.62400E-06,1.9330E-01
2.62440E-06,1.9232E-01
2.62480E-06,1.9330E-01
2.62520E-06,1.9135E-01
2.62560E-06,1.9232E-01
2.62600E-06,1.9428E-01
2.62640E-06,1.9232E-01
2.62680E-06,1.9232E-01
2.62720E-06,1.9330E-01
2.62760E-06,1.9135E-01
2.62800E-06,1.9428E-01
2.62840E-06,1.9037E-01
2.62880E-06,1.9428E-01
2.62920E-06,1.9330E-01
2.62960E-06,1.9232E-01
2.63000E-06,1.9428E-01
2.63040E-06,1.9037E-01
2.63080E-06,1.9135E-01
2.63120E-06,1.9232E-01
2.63160E-06,1.9135E-01
2.63200E-06,1.9135E-01
2.63240E-06,1.9232E-01
2.63280E-06,1.9232E-01
2.63320E-06,1.8939E-01
2.63360E-06,1.8842E-01
2.63400E-06,1.9330E-01
2.63440E-06,1.9232E-01
2.63480E-06,1.8842E-01
2.63520E-06,1.9037E-01
2.63560E-06,1.9037E-01
2.63600E-06,1.9135E-01
2.63640E-06,1.9428E-01
2.63680E-06,1.8939E-01
2.63720E-06,1.8744E-01
2.63760E-06,1.8939E-01
2.63800E-06,1.8939E-01
2.63840E-06,1.8939E-01
2.63880E-06,1.9037E-01
2.63920E-06,1.9037E-01
2.63960E-06,1.9135E-01
2.64000E-06,1.8939E-01
2.64040E-06,1.9135E-01
2.64080E-06,1.9525E-01
2.64120E-06,1.8939E-01
2.64160E-06,1.9037E-01
2.64200E-06,1.9037E-01
2.64240E-06,1.9232E-01
2.64280E-06,1.9525E-01
2.64320E-06,1.9428E-01
2.64360E-06,1.9428E-01
2.64400E-06,1.8939E-01
2.64440E-06,1.9135E-01
2.64480E-06,1.9232E-01
2.64520E-06,1.8842E-01
2.64560E-06,1.8842E-01
2.64600E-06,1.9428E-01
2.64640E-06,1.9232E-01
2.64680E-06,1.8842E-01
2.64720E-06,1.9135E-01
2.64760E-06,1.9232E-01
2.64800E-06,1.9135E-01
2.64840E-06,1.9135E-01
2.64880E-06,1.9135E-01
2.64920E-06,1.9232E-01
2.64960E-06,1.9037E-01
2.65000E-06,1.8842E-01
2.65040E-06,1.9135E-01
2.65080E-06,1.9330E-01
2.65120E-06,1.9135E-01
2.65160E-06,1.9232E-01
2.65200E-06,1.9037E-01
2.65240E-06,1.9135E-01
2.65280E-06,1.9135E-01
2.65320E-06,1.9037E-01
2.65360E-06,1.8842E-01
2.65400E-06,1.9135E-01
2.65440E-06,1.9135E-01
2.65480E-06,1.9135E-01
2.65520E-06,1.9232E-01
2.65560E-06,1.9135E-01
2.65600E-06,1.9037E-01
2.65640E-06,1.8939E-01
2.65680E-06,1.8939E-01
2.65720E-06,1.9525E-01
2.65760E-06,1.9232E-01
2.65800E-06,1.9135E-01
2.65840E-06,1.9037E-01
2.65880E-06,1.8939E-01
2.65920E-06,1.9037E-01
2.65960E-06,1.9037E-01
2.66000E-06,1.8842E-01
2.66040E-06,1.9135E-01
2.66080E-06,1.9135E-01
2.66120E-06,1.9037E-01
2.66160E-06,1.9330E-01
2.66200E-06,1.8842E-01
2.66240E-06,1.9330E-01
2.66280E-06,1.8842E-01
2.66320E-06,1.9135E-01
2.66360E-06,1.9037E-01
2.66400E-06,1.8744E-01
2.66440E-06,1.9232E-01
2.66480E-06,1.9037E-01
2.66520E-06,1.8939E-01
2.66560E-06,1.9037E-01
2.66600E-06,1.9037E-01
2.66640E-06,1.8744E-01
2.66680E-06,1.8842E-01
2.66720E-06,1.9037E-01
2.66760E-06,1.8842E-01
2.66800E-06,1.9135E-01
2.66840E-06,1.8939E-01
2.66880E-06,1.8842E-01
2.66920E-06,1.8939E-01
2.66960E-06,1.8842E-01
2.67000E-06,1.8646E-01
2.67040E-06,1.9330E-01
2.67080E-06,1.8744E-01
2.67120E-06,1.9037E-01
2.67160E-06,1.9135E-01
2.67200E-06,1.8744E-01
2.67240E-06,1.8939E-01
2.67280E-06,1.9135E-01
2.67320E-06,1.8939E-01
2.67360E-06,1.8939E-01
2.67400E-06,1.8939E-01
2.67440E-06,1.9135E-01
2.67480E-06,1.8842E-01
2.67520E-06,1.8939E-01
2.67560E-06,1.8744E-01
2.67600E-06,1.8842E-01
2.67640E-06,1.8842E-01
2.67680E-06,1.8744E-01
2.67720E-06,1.9232E-01
2.67760E-06,1.9135E-01
2.67800E-06,1.8939E-01
2.67840E-06,1.8744E-01
2.67880E-06,1.8549E-01
2.67920E-06,1.8646E-01
2.67960E-06,1.8744E-01
2.68000E-06,1.8646E-01
2.68040E-06,1.8744E-01
2.68080E-06,1.9037E-01
2.68120E-06,1.8842E-01
2.68160E-06,1.8646E-01
2.68200E-06,1.8939E-01
2.68240E-06,1.8842E-01
2.68280E-06,1.9135E-01
2.68320E-06,1.8939E-01
2.68360E-06,1.9232E-01
2.68400E-06,1.8744E-01
2.68440E-06,1.8842E-01
2.68480E-06,1.8939E-01
2.68520E-06,1.9330E-01
2.68560E-06,1.8744E-01
2.68600E-06,1.8744E-01
2.68640E-06,1.8842E-01
2.68680E-06,1.8842E-01
2.68720E-06,1.8842E-01
2.68760E-06,1.8744E-01
2.68800E-06,1.8842E-01
2.68840E-06,1.8842E-01
2.68880E-06,1.8842E-01
2.68920E-06,1.9037E-01
2.68960E-06,1.8549E-01
2.69000E-06,1.8939E-01
2.69040E-06,1.8549E-01
2.69080E-06,1.9037E-01
2.69120E-06,1.8842E-01
2.69160E-06,1.9037E-01
2.69200E-06,1.9037E-01
2.69240E-06,1.8842E-01
2.69280E-06,1.8842E-01
2.69320E-06,1.8842E-01
2.69360E-06,1.8842E-01
2.69400E-06,1.8842E-01
2.69440E-06,1.8646E-01
2.69480E-06,1.8939E-01
2.69520E-06,1.8744E-01
2.69560E-06,1.8646E-01
2.69600E-06,1.8744E-01
2.69640E-06,1.8646E-01
2.69680E-06,1.8939E-01
2.69720E-06,1.8451E-01
2.69760E-06,1.8744E-01
2.69800E-06,1.8939E-01
2.69840E-06,1.8939E-01
2.69880E-06,1.8744E-01
2.69920E-06,1.8744E-01
2.69960E-06,1.8744E-01
2.70000E-06,1.9037E-01
2.70040E-06,1.8744E-01
2.70080E-06,1.8939E-01
2.70120E-06,1.8646E-01
2.70160E-06,1.8646E-01
2.70200E-06,1.8939E-01
2.70240E-06,1.8842E-01
2.70280E-06,1.8939E-01
2.70320E-06,1.8744E-01
2.70360E-06,1.8939E-01
2.70400E-06,1.8744E-01
2.70440E-06,1.8842E-01
2.70480E-06,1.8939E-01
2.70520E-06,1.8256E-01
2.70560E-06,1.8744E-01
2.70600E-06,1.8939E-01
2.70640E-06,1.8744E-01
2.70680E-06,1.8451E-01
2.70720E-06,1.8646E-01
2.70760E-06,1.8842E-01
2.70800E-06,1.8646E-01
2.70840E-06,1.9037E-01
2.70880E-06,1.8646E-01
2.70920E-06,1.8842E-01
2.70960E-06,1.8939E-01
2.71000E-06,1.8744E-01
2.71040E-06,1.8646E-01
2.71080E-06,1.8744E-01
2.71120E-06,1.8646E-01
2.71160E-06,1.9037E-01
2.71200E-06,1.8646E-01
2.71240E-06,1.8744E-01
2.71280E-06,1.8939E-01
2.71320E-06,1.8549E-01
2.71360E-06,1.8842E-01
2.71400E-06,1.8256E-01
2.71440E-06,1.8451E-01
2.71480E-06,1.8549E-01
2.71520E-06,1.8646E-01
2.71560E-06,1.8646E-01
2.71600E-06,1.8549E-01
2.71640E-06,1.8744E-01
2.71680E-06,1.8842E-01
2.71720E-06,1.8842E-01
2.71760E-06,1.8744E-01
2.71800E-06,1.8744E-01
2.71840E-06,1.8744E-01
2.71880E-06,1.8744E-01
2.71920E-06,1.8744E-01
2.71960E-06,1.8451E-01
2.72000E-06,1.8646E-01
2.72040E-06,1.8549E-01
2.72080E-06,1.8256E-01
2.72120E-06,1.8451E-01
2.72160E-06,1.8939E-01
2.72200E-06,1.8744E-01
2.72240E-06,1.8451E-01
2.72280E-06,1.8646E-01
2.72320E-06,1.8549E-01
2.72360E-06,1.8744E-01
2.72400E-06,1.8549E-01
2.72440E-06,1.9037E-01
2.72480E-06,1.8549E-01
2.72520E-06,1.8646E-01
2.72560E-06,1.8451E-01
2.72600E-06,1.8842E-01
2.72640E-06,1.8549E-01
2.72680E-06,1.8549E-01
2.72720E-06,1.8549E-01
2.72760E-06,1.8842E-01
2.72800E-06,1.8744E-01
2.72840E-06,1.8646E-01
2.72880E-06,1.8744E-01
2.72920E-06,1.8744E-01
2.72960E-06,1.8646E-01
2.73000E-06,1.8549E-01
2.73040E-06,1.8549E-01
2.73080E-06,1.8549E-01
2.73120E-06,1.8744E-01
2.73160E-06,1.8744E-01
2.73200E-06,1.8354E-01
2.73240E-06,1.8549E-01
2.73280E-06,1.8549E-01
2.73320E-06,1.8646E-01
2.73360E-06,1.8744E-01
2.73400E-06,1.8646E-01
2.73440E-06,1.8646E-01
2.73480E-06,1.8549E-01
2.73520E-06,1.8451E-01
2.73560E-06,1.8744E-01
2.73600E-06,1.8646E-01
2.73640E-06,1.8744E-01
2.73680E-06,1.8549E-01
2.73720E-06,1.8549E-01
2.73760E-06,1.8646E-01
2.73800E-06,1.8646E-01
2.73840E-06,1.8842E-01
2.73880E-06,1.8451E-01
2.73920E-06,1.8549E-01
2.73960E-06,1.8744E-01
2.74000E-06,1.8549E-01
2.74040E-06,1.8549E-01
2.74080E-06,1.8744E-01
2.74120E-06,1.8646E-01
2.74160E-06,1.8549E-01
2.74200E-06,1.8549E-01
2.74240E-06,1.8646E-01
2.74280E-06,1.8549E-01
2.74320E-06,1.8451E-01
2.74360E-06,1.8646E-01
2.74400E-06,1.8744E-01
2.74440E-06,1.8744E-01
2.74480E-06,1.8549E-01
2.74520E-06,1.8354E-01
2.74560E-06,1.8646E-01
2.74600E-06,1.8451E-01
2.74640E-06,1.8451E-01
2.74680E-06,1.8646E-01
2.74720E-06,1.8646E-01
2.74760E-06,1.8549E-01
2.74800E-06,1.8646E-01
2.74840E-06,1.8842E-01
2.74880E-06,1.8451E-01
2.74920E-06,1.8549E-01
2.74960E-06,1.8744E-01
2.75000E-06,1.8744E-01
2.75040E-06,1.8256E-01
2.75080E-06,1.8744E-01
2.75120E-06,1.8549E-01
2.75160E-06,1.8549E-01
2.75200E-06,1.8354E-01
2.75240E-06,1.8451E-01
2.75280E-06,1.8451E-01
2.75320E-06,1.8158E-01
2.75360E-06,1.8646E-01
2.75400E-06,1.8744E-01
2.75440E-06,1.8549E-01
2.75480E-06,1.8744E-01
2.75520E-06,1.8354E-01
2.75560E-06,1.8646E-01
2.75600E-06,1.8549E-01
2.75640E-06,1.8061E-01
2.75680E-06,1.8158E-01
2.75720E-06,1.8451E-01
2.75760E-06,1.8549E-01
2.75800E-06,1.8451E-01
2.75840E-06,1.8646E-01
2.75880E-06,1.8646E-01
2.75920E-06,1.8549E-01
2.75960E-06,1.8744E-01
2.76000E-06,1.8646E-01
2.76040E-06,1.8646E-01
2.76080E-06,1.8549E-01
2.76120E-06,1.8256E-01
2.76160E-06,1.8549E-01
2.76200E-06,1.8744E-01
2.76240E-06,1.8451E-01
2.76280E-06,1.8646E-01
2.76320E-06,1.8451E-01
2.76360E-06,1.8646E-01
2.76400E-06,1.8549E-01
2.76440E-06,1.8451E-01
2.76480E-06,1.8646E-01
2.76520E-06,1.8646E-01
2.76560E-06,1.8646E-01
2.76600E-06,1.8744E-01
2.76640E-06,1.8646E-01
2.76680E-06,1.8158E-01
2.76720E-06,1.8451E-01
2.76760E-06,1.8646E-01
2.76800E-06,1.8549E-01
2.76840E-06,1.8646E-01
2.76880E-06,1.8451E-01
2.76920E-06,1.8939E-01
2.76960E-06,1.8451E-01
2.77000E-06,1.8451E-01
2.77040E-06,1.8646E-01
2.77080E-06,1.8549E-01
2.77120E-06,1.8451E-01
2.77160E-06,1.8354E-01
2.77200E-06,1.8354E-01
2.77240E-06,1.8549E-01
2.77280E-06,1.8842E-01
2.77320E-06,1.8549E-01
2.77360E-06,1.8549E-01
2.77400E-06,1.8549E-01
2.77440E-06,1.8646E-01
2.77480E-06,1.8451E-01
2.77520E-06,1.8646E-01
2.77560E-06,1.8744E-01
2.77600E-06,1.8451E-01
2.77640E-06,1.8646E-01
2.77680E-06,1.8842E-01
2.77720E-06,1.8158E-01
2.77760E-06,1.8549E-01
2.77800E-06,1.8744E-01
2.77840E-06,1.8646E-01
2.77880E-06,1.8549E-01
2.77920E-06,1.8451E-01
2.77960E-06,1.8646E-01
2.78000E-06,1.8354E-01
2.78040E-06,1.8256E-01
2.78080E-06,1.8451E-01
2.78120E-06,1.8451E-01
2.78160E-06,1.8451E-01
2.78200E-06,1.8354E-01
2.78240E-06,1.8451E-01
2.78280E-06,1.8646E-01
2.78320E-06,1.8549E-01
2.78360E-06,1.8451E-01
2.78400E-06,1.8451E-01
2.78440E-06,1.8451E-01
2.78480E-06,1.8451E-01
2.78520E-06,1.8646E-01
2.78560E-06,1.8646E-01
2.78600E-06,1.8549E-01
2.78640E-06,1.8744E-01
2.78680E-06,1.8354E-01
2.78720E-06,1.8451E-01
2.78760E-06,1.8451E-01
2.78800E-06,1.8451E-01
2.78840E-06,1.8744E-01
2.78880E-06,1.8061E-01
2.78920E-06,1.8549E-01
2.78960E-06,1.8451E-01
2.79000E-06,1.8451E-01
2.79040E-06,1.8256E-01
2.79080E-06,1.8744E-01
2.79120E-06,1.8354E-01
2.79160E-06,1.8646E-01
2.79200E-06,1.8646E-01
2.79240E-06,1.8451E-01
2.79280E-06,1.8256E-01
2.79320E-06,1.8451E-01
2.79360E-06,1.8451E-01
2.79400E-06,1.8646E-01
2.79440E-06,1.8646E-01
2.79480E-06,1.8451E-01
2.79520E-06,1.8451E-01
2.79560E-06,1.8354E-01
2.79600E-06,1.8549E-01
2.79640E-06,1.8354E-01
2.79680E-06,1.8256E-01
2.79720E-06,1.8354E-01
2.79760E-06,1.8256E-01
2.79800E-06,1.8451E-01
2.79840E-06,1.8354E-01
2.79880E-06,1.8451E-01
2.79920E-06,1.8451E-01
2.79960E-06,1.8744E-01
2.80000E-06,1.8354E-01
2.80040E-06,1.8256E-01
2.80080E-06,1.8451E-01
2.80120E-06,1.8158E-01
2.80160E-06,1.8451E-01
2.80200E-06,1.8451E-01
2.80240E-06,1.8158E-01
2.80280E-06,1.8354E-01
2.80320E-06,1.8354E-01
2.80360E-06,1.8354E-01
2.80400E-06,1.8158E-01
2.80440E-06,1.8451E-01
2.80480E-06,1.8354E-01
2.80520E-06,1.8451E-01
2.80560E-06,1.8451E-01
2.80600E-06,1.8744E-01
2.80640E-06,1.8549E-01
2.80680E-06,1.8256E-01
2.80720E-06,1.8451E-01
2.80760E-06,1.8354E-01
2.80800E-06,1.8354E-01
2.80840E-06,1.8549E-01
2.80880E-06,1.8451E-01
2.80920E-06,1.8939E-01
2.80960E-06,1.8256E-01
2.81000E-06,1.8646E-01
2.81040E-06,1.8354E-01
2.81080E-06,1.8256E-01
2.81120E-06,1.8646E-01
2.81160E-06,1.8549E-01
2.81200E-06,1.8744E-01
2.81240E-06,1.8549E-01
2.81280E-06,1.8549E-01
2.81320E-06,1.8158E-01
2.81360E-06,1.8549E-01
2.81400E-06,1.8451E-01
2.81440E-06,1.8744E-01
2.81480E-06,1.8061E-01
2.81520E-06,1.8354E-01
2.81560E-06,1.8451E-01
2.81600E-06,1.8646E-01
2.81640E-06,1.8354E-01
2.81680E-06,1.8256E-01
2.81720E-06,1.8549E-01
2.81760E-06,1.8354E-01
2.81800E-06,1.8256E-01
2.81840E-06,1.8451E-01
2.81880E-06,1.8549E-01
2.81920E-06,1.8646E-01
2.81960E-06,1.8354E-01
2.82000E-06,1.8451E-01
2.82040E-06,1.8451E-01
2.82080E-06,1.8256E-01
2.82120E-06,1.8646E-01
2.82160E-06,1.8549E-01
2.82200E-06,1.8451E-01
2.82240E-06,1.8256E-01
2.82280E-06,1.8451E-01
2.82320E-06,1.8451E-01
2.82360E-06,1.8354E-01
2.82400E-06,1.8354E-01
2.82440E-06,1.8061E-01
2.82480E-06,1.8061E-01
2.82520E-06,1.8158E-01
2.82560E-06,1.8354E-01
2.82600E-06,1.8256E-01
2.82640E-06,1.8158E-01
2.82680E-06,1.8256E-01
2.82720E-06,1.8354E-01
2.82760E-06,1.8158E-01
2.82800E-06,1.8549E-01
2.82840E-06,1.8061E-01
2.82880E-06,1.8158E-01
2.82920E-06,1.8354E-01
2.82960E-06,1.8354E-01
2.83000E-06,1.8158E-01
2.83040E-06,1.8354E-01
2.83080E-06,1.8354E-01
2.83120E-06,1.8061E-01
2.83160E-06,1.8744E-01
2.83200E-06,1.8354E-01
2.83240E-06,1.8549E-01
2.83280E-06,1.8451E-01
2.83320E-06,1.8549E-01
2.83360E-06,1.8549E-01
2.83400E-06,1.8158E-01
2.83440E-06,1.8158E-01
2.83480E-06,1.8549E-01
2.83520E-06,1.8354E-01
2.83560E-06,1.8354E-01
2.83600E-06,1.8451E-01
2.83640E-06,1.8158E-01
2.83680E-06,1.8158E-01
2.83720E-06,1.8354E-01
2.83760E-06,1.8451E-01
2.83800E-06,1.8451E-01
2.83840E-06,1.8451E-01
2.83880E-06,1.8158E-01
2.83920E-06,1.8256E-01
2.83960E-06,1.8256E-01
2.84000E-06,1.8158E-01
2.84040E-06,1.8061E-01
2.84080E-06,1.8451E-01
2.84120E-06,1.8354E-01
2.84160E-06,1.8354E-01
2.84200E-06,1.8354E-01
2.84240E-06,1.8354E-01
2.84280E-06,1.8061E-01
2.84320E-06,1.8256E-01
2.84360E-06,1.8451E-01
2.84400E-06,1.8354E-01
2.84440E-06,1.8549E-01
2.84480E-06,1.8549E-01
2.84520E-06,1.8061E-01
2.84560E-06,1.8354E-01
2.84600E-06,1.8354E-01
2.84640E-06,1.8158E-01
2.84680E-06,1.8451E-01
2.84720E-06,1.8354E-01
2.84760E-06,1.8354E-01
2.84800E-06,1.8256E-01
2.84840E-06,1.8451E-01
2.84880E-06,1.8061E-01
2.84920E-06,1.8354E-01
2.84960E-06,1.8061E-01
2.85000E-06,1.8451E-01
2.85040E-06,1.8354E-01
2.85080E-06,1.8158E-01
2.85120E-06,1.8549E-01
2.85160E-06,1.7865E-01
2.85200E-06,1.7963E-01
2.85240E-06,1.8158E-01
2.85280E-06,1.8354E-01
2.85320E-06,1.8158E-01
2.85360E-06,1.8354E-01
2.85400E-06,1.8549E-01
2.85440E-06,1.8158E-01
2.85480E-06,1.8256E-01
2.85520E-06,1.7963E-01
2.85560E-06,1.7963E-01
2.85600E-06,1.8256E-01
2.85640E-06,1.8158E-01
2.85680E-06,1.8354E-01
2.85720E-06,1.8354E-01
2.85760E-06,1.8256E-01
2.85800E-06,1.8256E-01
2.85840E-06,1.8061E-01
2.85880E-06,1.8451E-01
2.85920E-06,1.8256E-01
2.85960E-06,1.8256E-01
2.86000E-06,1.8256E-01
2.86040E-06,1.8549E-01
2.86080E-06,1.8354E-01
2.86120E-06,1.8158E-01
2.86160E-06,1.8354E-01
2.86200E-06,1.8451E-01
2.86240E-06,1.7865E-01
2.86280E-06,1.8158E-01
2.86320E-06,1.8354E-01
2.86360E-06,1.8354E-01
2.86400E-06,1.8061E-01
2.86440E-06,1.8256E-01
2.86480E-06,1.7865E-01
2.86520E-06,1.7963E-01
2.86560E-06,1.7963E-01
2.86600E-06,1.8158E-01
2.86640E-06,1.7963E-01
2.86680E-06,1.8061E-01
2.86720E-06,1.7963E-01
2.86760E-06,1.8354E-01
2.86800E-06,1.7963E-01
2.86840E-06,1.8158E-01
2.86880E-06,1.8061E-01
2.86920E-06,1.8158E-01
2.86960E-06,1.8158E-01
2.87000E-06,1.8158E-01
2.87040E-06,1.8061E-01
2.87080E-06,1.8256E-01
2.87120E-06,1.8061E-01
2.87160E-06,1.8061E-01
2.87200E-06,1.8158E-01
2.87240E-06,1.8158E-01
2.87280E-06,1.7865E-01
2.87320E-06,1.8451E-01
2.87360E-06,1.8354E-01
2.87400E-06,1.8256E-01
2.87440E-06,1.8061E-01
2.87480E-06,1.8061E-01
2.87520E-06,1.7865E-01
2.87560E-06,1.8158E-01
2.87600E-06,1.8354E-01
2.87640E-06,1.8256E-01
2.87680E-06,1.8061E-01
2.87720E-06,1.8646E-01
2.87760E-06,1.8354E-01
2.87800E-06,1.7963E-01
2.87840E-06,1.8158E-01
2.87880E-06,1.7865E-01
2.87920E-06,1.8061E-01
2.87960E-06,1.8158E-01
2.88000E-06,1.7865E-01
2.88040E-06,1.8061E-01
2.88080E-06,1.8061E-01
2.88120E-06,1.8158E-01
2.88160E-06,1.8158E-01
2.88200E-06,1.8256E-01
2.88240E-06,1.8549E-01
2.88280E-06,1.8354E-01
2.88320E-06,1.7963E-01
2.88360E-06,1.8061E-01
2.88400E-06,1.8256E-01
2.88440E-06,1.8158E-01
2.88480E-06,1.8061E-01
2.88520E-06,1.8158E-01
2.88560E-06,1.8256E-01
2.88600E-06,1.8061E-01
2.88640E-06,1.7768E-01
2.88680E-06,1.8256E-01
2.88720E-06,1.8256E-01
2.88760E-06,1.8061E-01
2.88800E-06,1.8158E-01
2.88840E-06,1.8061E-01
2.88880E-06,1.8061E-01
2.88920E-06,1.8451E-01
2.88960E-06,1.8061E-01
2.89000E-06,1.8158E-01
2.89040E-06,1.8061E-01
2.89080E-06,1.8061E-01
2.89120E-06,1.8256E-01
2.89160E-06,1.8061E-01
2.89200E-06,1.8061E-01
2.89240E-06,1.7963E-01
2.89280E-06,1.7768E-01
2.89320E-06,1.8061E-01
2.89360E-06,1.8061E-01
2.89400E-06,1.8061E-01
2.89440E-06,1.7768E-01
2.89480E-06,1.8158E-01
2.89520E-06,1.8061E-01
2.89560E-06,1.8061E-01
2.89600E-06,1.8061E-01
2.89640E-06,1.8256E-01
2.89680E-06,1.7963E-01
2.89720E-06,1.8061E-01
2.89760E-06,1.8256E-01
2.89800E-06,1.7963E-01
2.89840E-06,1.8256E-01
2.89880E-06,1.8256E-01
2.89920E-06,1.8061E-01
2.89960E-06,1.7768E-01
2.90000E-06,1.7963E-01
2.90040E-06,1.7865E-01
2.90080E-06,1.8061E-01
2.90120E-06,1.8158E-01
2.90160E-06,1.7865E-01
2.90200E-06,1.7963E-01
2.90240E-06,1.7963E-01
2.90280E-06,1.7865E-01
2.90320E-06,1.8061E-01
2.90360E-06,1.7963E-01
2.90400E-06,1.8061E-01
2.90440E-06,1.7963E-01
2.90480E-06,1.8256E-01
2.90520E-06,1.8061E-01
2.90560E-06,1.7768E-01
2.90600E-06,1.7768E-01
2.90640E-06,1.8061E-01
2.90680E-06,1.8061E-01
2.90720E-06,1.7963E-01
2.90760E-06,1.7865E-01
2.90800E-06,1.7768E-01
2.90840E-06,1.7865E-01
2.90880E-06,1.8061E-01
2.90920E-06,1.8061E-01
2.90960E-06,1.7865E-01
2.91000E-06,1.8061E-01
2.91040E-06,1.8158E-01
2.91080E-06,1.7963E-01
2.91120E-06,1.8061E-01
2.91160E-06,1.8061E-01
2.91200E-06,1.7963E-01
2.91240E-06,1.8256E-01
2.91280E-06,1.8256E-01
2.91320E-06,1.8061E-01
2.91360E-06,1.7865E-01
2.91400E-06,1.7963E-01
2.91440E-06,1.8061E-01
2.91480E-06,1.8256E-01
2.91520E-06,1.8256E-01
2.91560E-06,1.7670E-01
2.91600E-06,1.8061E-01
2.91640E-06,1.7963E-01
2.91680E-06,1.7963E-01
2.91720E-06,1.8061E-01
2.91760E-06,1.8256E-01
2.91800E-06,1.8158E-01
2.91840E-06,1.8061E-01
2.91880E-06,1.7865E-01
2.91920E-06,1.7768E-01
2.91960E-06,1.7963E-01
2.92000E-06,1.8158E-01
2.92040E-06,1.7963E-01
2.92080E-06,1.8061E-01
2.92120E-06,1.7865E-01
2.92160E-06,1.8158E-01
2.92200E-06,1.8256E-01
2.92240E-06,1.7768E-01
2.92280E-06,1.8256E-01
2.92320E-06,1.8158E-01
2.92360E-06,1.7865E-01
2.92400E-06,1.8061E-01
2.92440E-06,1.7768E-01
2.92480E-06,1.7963E-01
2.92520E-06,1.8061E-01
2.92560E-06,1.8061E-01
2.92600E-06,1.7865E-01
2.92640E-06,1.8256E-01
2.92680E-06,1.8061E-01
2.92720E-06,1.7963E-01
2.92760E-06,1.8061E-01
2.92800E-06,1.8061E-01
2.92840E-06,1.7670E-01
2.92880E-06,1.7865E-01
2.92920E-06,1.8061E-01
2.92960E-06,1.8061E-01
2.93000E-06,1.8061E-01
2.93040E-06,1.7768E-01
2.93080E-06,1.7963E-01
2.93120E-06,1.7963E-01
2.93160E-06,1.7670E-01
2.93200E-06,1.7963E-01
2.93240E-06,1.7768E-01
2.93280E-06,1.7768E-01
2.93320E-06,1.7670E-01
2.93360E-06,1.8061E-01
2.93400E-06,1.7963E-01
2.93440E-06,1.8061E-01
2.93480E-06,1.7865E-01
2.93520E-06,1.7963E-01
2.93560E-06,1.7670E-01
2.93600E-06,1.7963E-01
2.93640E-06,1.7963E-01
2.93680E-06,1.8061E-01
2.93720E-06,1.7768E-01
2.93760E-06,1.7963E-01
2.93800E-06,1.7768E-01
2.93840E-06,1.7963E-01
2.93880E-06,1.7768E-01
2.93920E-06,1.7865E-01
2.93960E-06,1.7963E-01
2.94000E-06,1.8061E-01
2.94040E-06,1.8061E-01
2.94080E-06,1.7865E-01
2.94120E-06,1.7963E-01
2.94160E-06,1.7963E-01
2.94200E-06,1.7865E-01
2.94240E-06,1.8061E-01
2.94280E-06,1.7963E-01
2.94320E-06,1.8354E-01
2.94360E-06,1.7963E-01
2.94400E-06,1.7768E-01
2.94440E-06,1.7768E-01
2.94480E-06,1.7768E-01
2.94520E-06,1.7670E-01
2.94560E-06,1.7670E-01
2.94600E-06,1.7768E-01
2.94640E-06,1.7768E-01
2.94680E-06,1.7768E-01
2.94720E-06,1.7865E-01
2.94760E-06,1.7768E-01
2.94800E-06,1.7963E-01
2.94840E-06,1.7670E-01
2.94880E-06,1.7963E-01
2.94920E-06,1.7768E-01
2.94960E-06,1.7768E-01
2.95000E-06,1.8061E-01
2.95040E-06,1.7865E-01
2.95080E-06,1.7670E-01
2.95120E-06,1.7670E-01
2.95160E-06,1.8061E-01
2.95200E-06,1.7768E-01
2.95240E-06,1.8061E-01
2.95280E-06,1.8354E-01
2.95320E-06,1.8061E-01
2.95360E-06,1.7768E-01
2.95400E-06,1.7670E-01
2.95440E-06,1.8061E-01
2.95480E-06,1.7572E-01
2.95520E-06,1.7865E-01
2.95560E-06,1.7963E-01
2.95600E-06,1.7768E-01
2.95640E-06,1.7963E-01
2.95680E-06,1.7865E-01
2.95720E-06,1.7865E-01
2.95760E-06,1.7670E-01
2.95800E-06,1.7865E-01
2.95840E-06,1.7670E-01
2.95880E-06,1.8061E-01
2.95920E-06,1.7865E-01
2.95960E-06,1.7572E-01
2.96000E-06,1.7768E-01
2.96040E-06,1.7963E-01
2.96080E-06,1.7963E-01
2.96120E-06,1.7768E-01
2.96160E-06,1.7865E-01
2.96200E-06,1.7768E-01
2.96240E-06,1.7963E-01
2.96280E-06,1.7768E-01
2.96320E-06,1.7865E-01
2.96360E-06,1.7865E-01
2.96400E-06,1.7768E-01
2.96440E-06,1.7670E-01
2.96480E-06,1.7963E-01
2.96520E-06,1.7670E-01
2.96560E-06,1.7670E-01
2.96600E-06,1.7963E-01
2.96640E-06,1.7768E-01
2.96680E-06,1.7670E-01
2.96720E-06,1.8061E-01
2.96760E-06,1.7768E-01
2.96800E-06,1.7670E-01
2.96840E-06,1.7768E-01
2.96880E-06,1.7963E-01
2.96920E-06,1.7963E-01
2.96960E-06,1.7768E-01
2.97000E-06,1.7768E-01
2.97040E-06,1.7768E-01
2.97080E-06,1.7865E-01
2.97120E-06,1.7572E-01
2.97160E-06,1.7670E-01
2.97200E-06,1.7670E-01
2.97240E-06,1.7865E-01
2.97280E-06,1.7963E-01
2.97320E-06,1.7768E-01
2.97360E-06,1.7768E-01
2.97400E-06,1.7963E-01
2.97440E-06,1.7572E-01
2.97480E-06,1.7963E-01
2.97520E-06,1.7865E-01
2.97560E-06,1.7963E-01
2.97600E-06,1.7865E-01
2.97640E-06,1.7670E-01
2.97680E-06,1.7377E-01
2.97720E-06,1.7768E-01
2.97760E-06,1.7670E-01
2.97800E-06,1.7670E-01
2.97840E-06,1.7768E-01
2.97880E-06,1.7475E-01
2.97920E-06,1.7768E-01
2.97960E-06,1.7377E-01
2.98000E-06,1.8061E-01
2.98040E-06,1.7768E-01
2.98080E-06,1.7670E-01
2.98120E-06,1.7768E-01
2.98160E-06,1.7768E-01
2.98200E-06,1.8256E-01
2.98240E-06,1.7670E-01
2.98280E-06,1.7768E-01
2.98320E-06,1.7475E-01
2.98360E-06,1.7475E-01
2.98400E-06,1.7865E-01
2.98440E-06,1.7475E-01
2.98480E-06,1.7865E-01
2.98520E-06,1.8061E-01
2.98560E-06,1.7865E-01
2.98600E-06,1.7572E-01
2.98640E-06,1.7963E-01
2.98680E-06,1.7670E-01
2.98720E-06,1.7768E-01
2.98760E-06,1.7768E-01
2.98800E-06,1.7963E-01
2.98840E-06,1.7963E-01
2.98880E-06,1.7572E-01
2.98920E-06,1.7475E-01
2.98960E-06,1.7670E-01
2.99000E-06,1.7670E-01
2.99040E-06,1.7572E-01
2.99080E-06,1.7572E-01
2.99120E-06,1.7670E-01
2.99160E-06,1.7572E-01
2.99200E-06,1.7670E-01
2.99240E-06,1.7670E-01
2.99280E-06,1.7670E-01
2.99320E-06,1.7768E-01
2.99360E-06,1.7377E-01
2.99400E-06,1.7670E-01
2.99440E-06,1.7670E-01
2.99480E-06,1.7768E-01
2.99520E-06,1.7865E-01
2.99560E-06,1.7670E-01
2.99600E-06,1.7670E-01
2.99640E-06,1.7963E-01
2.99680E-06,1.7670E-01
2.99720E-06,1.7670E-01
2.99760E-06,1.7377E-01
2.99800E-06,1.7670E-01
2.99840E-06,1.7572E-01
2.99880E-06,1.7768E-01
2.99920E-06,1.7572E-01
2.99960E-06,1.7768E-01
3.00000E-06,1.7865E-01
3.00040E-06,1.7670E-01
3.00080E-06,1.8061E-01
3.00120E-06,1.7768E-01
3.00160E-06,1.7377E-01
3.00200E-06,1.7865E-01
3.00240E-06,1.7963E-01
3.00280E-06,1.7963E-01
3.00320E-06,1.7963E-01
3.00360E-06,1.7572E-01
3.00400E-06,1.7768E-01
3.00440E-06,1.7670E-01
3.00480E-06,1.7865E-01
3.00520E-06,1.7377E-01
3.00560E-06,1.7377E-01
3.00600E-06,1.7377E-01
3.00640E-06,1.7963E-01
3.00680E-06,1.7572E-01
3.00720E-06,1.7768E-01
3.00760E-06,1.7865E-01
3.00800E-06,1.7670E-01
3.00840E-06,1.7572E-01
3.00880E-06,1.7670E-01
3.00920E-06,1.7572E-01
3.00960E-06,1.7670E-01
3.01000E-06,1.7475E-01
3.01040E-06,1.7377E-01
3.01080E-06,1.8061E-01
3.01120E-06,1.7670E-01
3.01160E-06,1.7475E-01
3.01200E-06,1.7475E-01
3.01240E-06,1.7768E-01
3.01280E-06,1.7963E-01
3.01320E-06,1.7475E-01
3.01360E-06,1.7768E-01
3.01400E-06,1.7475E-01
3.01440E-06,1.7572E-01
3.01480E-06,1.7865E-01
3.01520E-06,1.7963E-01
3.01560E-06,1.8061E-01
3.01600E-06,1.7670E-01
3.01640E-06,1.7670E-01
3.01680E-06,1.7865E-01
3.01720E-06,1.7670E-01
3.01760E-06,1.7670E-01
3.01800E-06,1.7670E-01
3.01840E-06,1.7670E-01
3.01880E-06,1.7572E-01
3.01920E-06,1.7670E-01
3.01960E-06,1.7768E-01
3.02000E-06,1.7865E-01
3.02040E-06,1.7670E-01
3.02080E-06,1.7572E-01
3.02120E-06,1.7279E-01
3.02160E-06,1.7670E-01
3.02200E-06,1.7670E-01
3.02240E-06,1.7670E-01
3.02280E-06,1.7670E-01
3.02320E-06,1.7670E-01
3.02360E-06,1.7182E-01
3.02400E-06,1.7865E-01
3.02440E-06,1.7670E-01
3.02480E-06,1.7670E-01
3.02520E-06,1.7572E-01
3.02560E-06,1.7670E-01
3.02600E-06,1.7670E-01
3.02640E-06,1.7572E-01
3.02680E-06,1.7670E-01
3.02720E-06,1.7377E-01
3.02760E-06,1.8061E-01
3.02800E-06,1.7670E-01
3.02840E-06,1.7768E-01
3.02880E-06,1.7670E-01
3.02920E-06,1.7572E-01
3.02960E-06,1.7670E-01
3.03000E-06,1.7377E-01
3.03040E-06,1.7377E-01
3.03080E-06,1.7572E-01
3.03120E-06,1.7670E-01
3.03160E-06,1.7670E-01
3.03200E-06,1.7572E-01
3.03240E-06,1.7865E-01
3.03280E-06,1.8061E-01
3.03320E-06,1.7768E-01
3.03360E-06,1.7865E-01
3.03400E-06,1.7475E-01
3.03440E-06,1.7572E-01
3.03480E-06,1.7475E-01
3.03520E-06,1.7670E-01
3.03560E-06,1.7670E-01
3.03600E-06,1.7572E-01
3.03640E-06,1.7865E-01
3.03680E-06,1.7475E-01
3.03720E-06,1.7377E-01
3.03760E-06,1.7670E-01
3.03800E-06,1.7572E-01
3.03840E-06,1.7768E-01
3.03880E-06,1.7670E-01
3.03920E-06,1.7670E-01
3.03960E-06,1.7865E-01
3.04000E-06,1.7768E-01
3.04040E-06,1.7377E-01
3.04080E-06,1.7670E-01
3.04120E-06,1.7572E-01
3.04160E-06,1.7572E-01
3.04200E-06,1.7377E-01
3.04240E-06,1.7670E-01
3.04280E-06,1.7572E-01
3.04320E-06,1.7670E-01
3.04360E-06,1.7670E-01
3.04400E-06,1.7963E-01
3.04440E-06,1.7279E-01
3.04480E-06,1.7865E-01
3.04520E-06,1.7279E-01
3.04560E-06,1.7768E-01
3.04600E-06,1.7572E-01
3.04640E-06,1.7475E-01
3.04680E-06,1.7475E-01
3.04720E-06,1.7475E-01
3.04760E-06,1.7670E-01
3.04800E-06,1.7475E-01
3.04840E-06,1.7279E-01
3.04880E-06,1.7670E-01
3.04920E-06,1.7572E-01
3.04960E-06,1.7670E-01
3.05000E-06,1.7572E-01
3.05040E-06,1.7865E-01
3.05080E-06,1.7768E-01
3.05120E-06,1.7865E-01
3.05160E-06,1.7670E-01
3.05200E-06,1.7572E-01
3.05240E-06,1.7670E-01
3.05280E-06,1.7963E-01
3.05320E-06,1.7475E-01
3.05360E-06,1.7377E-01
3.05400E-06,1.7572E-01
3.05440E-06,1.7572E-01
3.05480E-06,1.7279E-01
3.05520E-06,1.7572E-01
3.05560E-06,1.7670E-01
3.05600E-06,1.7768E-01
3.05640E-06,1.7670E-01
3.05680E-06,1.7670E-01
3.05720E-06,1.7572E-01
3.05760E-06,1.7475E-01
3.05800E-06,1.7670E-01
3.05840E-06,1.7768E-01
3.05880E-06,1.7572E-01
3.05920E-06,1.7670E-01
3.05960E-06,1.7572E-01
3.06000E-06,1.7963E-01
3.06040E-06,1.7670E-01
3.06080E-06,1.7670E-01
3.06120E-06,1.7279E-01
3.06160E-06,1.7572E-01
3.06200E-06,1.7377E-01
3.06240E-06,1.7670E-01
3.06280E-06,1.7572E-01
3.06320E-06,1.7377E-01
3.06360E-06,1.7572E-01
3.06400E-06,1.7572E-01
3.06440E-06,1.7475E-01
3.06480E-06,1.7768E-01
3.06520E-06,1.7572E-01
3.06560E-06,1.7377E-01
3.06600E-06,1.7572E-01
3.06640E-06,1.7670E-01
3.06680E-06,1.7670E-01
3.06720E-06,1.7279E-01
3.06760E-06,1.7279E-01
3.06800E-06,1.7377E-01
3.06840E-06,1.7279E-01
3.06880E-06,1.7572E-01
3.06920E-06,1.7377E-01
3.06960E-06,1.7670E-01
3.07000E-06,1.7572E-01
3.07040E-06,1.7475E-01
3.07080E-06,1.7670E-01
3.07120E-06,1.7572E-01
3.07160E-06,1.7377E-01
3.07200E-06,1.7182E-01
3.07240E-06,1.7377E-01
3.07280E-06,1.7572E-01
3.07320E-06,1.7475E-01
3.07360E-06,1.7377E-01
3.07400E-06,1.7279E-01
3.07440E-06,1.7572E-01
3.07480E-06,1.7475E-01
3.07520E-06,1.7377E-01
3.07560E-06,1.7377E-01
3.07600E-06,1.7670E-01
3.07640E-06,1.7572E-01
3.07680E-06,1.7377E-01
3.07720E-06,1.7377E-01
3.07760E-06,1.7670E-01
3.07800E-06,1.7670E-01
3.07840E-06,1.7865E-01
3.07880E-06,1.7377E-01
3.07920E-06,1.7182E-01
3.07960E-06,1.7377E-01
3.08000E-06,1.7475E-01
3.08040E-06,1.7084E-01
3.08080E-06,1.7279E-01
3.08120E-06,1.7572E-01
3.08160E-06,1.7279E-01
3.08200E-06,1.7670E-01
3.08240E-06,1.7572E-01
3.08280E-06,1.7572E-01
3.08320E-06,1.7377E-01
3.08360E-06,1.7475E-01
3.08400E-06,1.7377E-01
3.08440E-06,1.7279E-01
3.08480E-06,1.7768E-01
3.08520E-06,1.7279E-01
3.08560E-06,1.7572E-01
3.08600E-06,1.7475E-01
3.08640E-06,1.7670E-01
3.08680E-06,1.7670E-01
3.08720E-06,1.7377E-01
3.08760E-06,1.7572E-01
3.08800E-06,1.7572E-01
3.08840E-06,1.7670E-01
3.08880E-06,1.7182E-01
3.08920E-06,1.7279E-01
3.08960E-06,1.7377E-01
3.09000E-06,1.7377E-01
3.09040E-06,1.7475E-01
3.09080E-06,1.7279E-01
3.09120E-06,1.7572E-01
3.09160E-06,1.7279E-01
3.09200E-06,1.7572E-01
3.09240E-06,1.7377E-01
3.09280E-06,1.7279E-01
3.09320E-06,1.7182E-01
3.09360E-06,1.7084E-01
3.09400E-06,1.7279E-01
3.09440E-06,1.7279E-01
3.09480E-06,1.7475E-01
3.09520E-06,1.7377E-01
3.09560E-06,1.7670E-01
3.09600E-06,1.7377E-01
3.09640E-06,1.7670E-01
3.09680E-06,1.8061E-01
3.09720E-06,1.7475E-01
3.09760E-06,1.7572E-01
3.09800E-06,1.7279E-01
3.09840E-06,1.7475E-01
3.09880E-06,1.7279E-01
3.09920E-06,1.7279E-01
3.09960E-06,1.7084E-01
3.10000E-06,1.7377E-01
3.10040E-06,1.7279E-01
3.10080E-06,1.7182E-01
3.10120E-06,1.7572E-01
3.10160E-06,1.7377E-01
3.10200E-06,1.7182E-01
3.10240E-06,1.7572E-01
3.10280E-06,1.7377E-01
3.10320E-06,1.7377E-01
3.10360E-06,1.7182E-01
3.10400E-06,1.7572E-01
3.10440E-06,1.7279E-01
3.10480E-06,1.6986E-01
3.10520E-06,1.7475E-01
3.10560E-06,1.7377E-01
3.10600E-06,1.7182E-01
3.10640E-06,1.7377E-01
3.10680E-06,1.6986E-01
3.10720E-06,1.7377E-01
3.10760E-06,1.7377E-01
3.10800E-06,1.7572E-01
3.10840E-06,1.7182E-01
3.10880E-06,1.7084E-01
3.10920E-06,1.7182E-01
3.10960E-06,1.7182E-01
3.11000E-06,1.7279E-01
3.11040E-06,1.7279E-01
3.11080E-06,1.7377E-01
3.11120E-06,1.7475E-01
3.11160E-06,1.7084E-01
3.11200E-06,1.7377E-01
3.11240E-06,1.7182E-01
3.11280E-06,1.7377E-01
3.11320E-06,1.7279E-01
3.11360E-06,1.7279E-01
3.11400E-06,1.7377E-01
3.11440E-06,1.7182E-01
3.11480E-06,1.7475E-01
3.11520E-06,1.7377E-01
3.11560E-06,1.7182E-01
3.11600E-06,1.7377E-01
3.11640E-06,1.7279E-01
3.11680E-06,1.7084E-01
3.11720E-06,1.7084E-01
3.11760E-06,1.7377E-01
3.11800E-06,1.7377E-01
3.11840E-06,1.7182E-01
3.11880E-06,1.7279E-01
3.11920E-06,1.7279E-01
3.11960E-06,1.7279E-01
3.12000E-06,1.7572E-01
3.12040E-06,1.7182E-01
3.12080E-06,1.7279E-01
3.12120E-06,1.7279E-01
3.12160E-06,1.7182E-01
3.12200E-06,1.7377E-01
3.12240E-06,1.7572E-01
3.12280E-06,1.7279E-01
3.12320E-06,1.7084E-01
3.12360E-06,1.7475E-01
3.12400E-06,1.7182E-01
3.12440E-06,1.7377E-01
3.12480E-06,1.7279E-01
3.12520E-06,1.7182E-01
3.12560E-06,1.7377E-01
3.12600E-06,1.7084E-01
3.12640E-06,1.7279E-01
3.12680E-06,1.7279E-01
3.12720E-06,1.7377E-01
3.12760E-06,1.7377E-01
3.12800E-06,1.7182E-01
3.12840E-06,1.7572E-01
3.12880E-06,1.7475E-01
3.12920E-06,1.7084E-01
3.12960E-06,1.7279E-01
3.13000E-06,1.7279E-01
3.13040E-06,1.7084E-01
3.13080E-06,1.7377E-01
3.13120E-06,1.7084E-01
3.13160E-06,1.7182E-01
3.13200E-06,1.7279E-01
3.13240E-06,1.6791E-01
3.13280E-06,1.7182E-01
3.13320E-06,1.6986E-01
3.13360E-06,1.6889E-01
3.13400E-06,1.7279E-01
3.13440E-06,1.7279E-01
3.13480E-06,1.6986E-01
3.13520E-06,1.7279E-01
3.13560E-06,1.7182E-01
3.13600E-06,1.6693E-01
3.13640E-06,1.7279E-01
3.13680E-06,1.6986E-01
3.13720E-06,1.7084E-01
3.13760E-06,1.7084E-01
3.13800E-06,1.6986E-01
3.13840E-06,1.6986E-01
3.13880E-06,1.6889E-01
3.13920E-06,1.7182E-01
3.13960E-06,1.7182E-01
3.14000E-06,1.7475E-01
3.14040E-06,1.7279E-01
3.14080E-06,1.7084E-01
3.14120E-06,1.7572E-01
3.14160E-06,1.7279E-01
3.14200E-06,1.7084E-01
3.14240E-06,1.7279E-01
3.14280E-06,1.7182E-01
3.14320E-06,1.7279E-01
3.14360E-06,1.6986E-01
3.14400E-06,1.7084E-01
3.14440E-06,1.7475E-01
3.14480E-06,1.6889E-01
3.14520E-06,1.6986E-01
3.14560E-06,1.6986E-01
3.14600E-06,1.7279E-01
3.14640E-06,1.7377E-01
3.14680E-06,1.7182E-01
3.14720E-06,1.6986E-01
3.14760E-06,1.7182E-01
3.14800E-06,1.6986E-01
3.14840E-06,1.7377E-01
3.14880E-06,1.6986E-01
3.14920E-06,1.7279E-01
3.14960E-06,1.7182E-01
3.15000E-06,1.6986E-01
3.15040E-06,1.7182E-01
3.15080E-06,1.7084E-01
3.15120E-06,1.6986E-01
3.15160E-06,1.7084E-01
3.15200E-06,1.6986E-01
3.15240E-06,1.6986E-01
3.15280E-06,1.7670E-01
3.15320E-06,1.6791E-01
3.15360E-06,1.6889E-01
3.15400E-06,1.7084E-01
3.15440E-06,1.6986E-01
3.15480E-06,1.7084E-01
3.15520E-06,1.6889E-01
3.15560E-06,1.6889E-01
3.15600E-06,1.7084E-01
3.15640E-06,1.7084E-01
3.15680E-06,1.7182E-01
3.15720E-06,1.7084E-01
3.15760E-06,1.6986E-01
3.15800E-06,1.6791E-01
3.15840E-06,1.7084E-01
3.15880E-06,1.7377E-01
3.15920E-06,1.7182E-01
3.15960E-06,1.7182E-01
3.16000E-06,1.7084E-01
3.16040E-06,1.7279E-01
3.16080E-06,1.7279E-01
3.16120E-06,1.6986E-01
3.16160E-06,1.7084E-01
3.16200E-06,1.7279E-01
3.16240E-06,1.7182E-01
3.16280E-06,1.7377E-01
3.16320E-06,1.6889E-01
3.16360E-06,1.7182E-01
3.16400E-06,1.7182E-01
3.16440E-06,1.7084E-01
3.16480E-06,1.7182E-01
3.16520E-06,1.7475E-01
3.16560E-06,1.7182E-01
3.16600E-06,1.7377E-01
3.16640E-06,1.7084E-01
3.16680E-06,1.7377E-01
3.16720E-06,1.6986E-01
3.16760E-06,1.7377E-01
3.16800E-06,1.7279E-01
3.16840E-06,1.7084E-01
3.16880E-06,1.6986E-01
3.16920E-06,1.6986E-01
3.16960E-06,1.6986E-01
3.17000E-06,1.7182E-01
3.17040E-06,1.7084E-01
3.17080E-06,1.6693E-01
3.17120E-06,1.6986E-01
3.17160E-06,1.7279E-01
3.17200E-06,1.7182E-01
3.17240E-06,1.6693E-01
3.17280E-06,1.6986E-01
3.17320E-06,1.7182E-01
3.17360E-06,1.6889E-01
3.17400E-06,1.6986E-01
3.17440E-06,1.6889E-01
3.17480E-06,1.6889E-01
3.17520E-06,1.6791E-01
3.17560E-06,1.6791E-01
3.17600E-06,1.7279E-01
3.17640E-06,1.6986E-01
3.17680E-06,1.6889E-01
3.17720E-06,1.6889E-01
3.17760E-06,1.7182E-01
3.17800E-06,1.7084E-01
3.17840E-06,1.7279E-01
3.17880E-06,1.7182E-01
3.17920E-06,1.7279E-01
3.17960E-06,1.7279E-01
3.18000E-06,1.6791E-01
3.18040E-06,1.7084E-01
3.18080E-06,1.7182E-01
3.18120E-06,1.7084E-01
3.18160E-06,1.7084E-01
3.18200E-06,1.7084E-01
3.18240E-06,1.7182E-01
3.18280E-06,1.6596E-01
3.18320E-06,1.7084E-01
3.18360E-06,1.7084E-01
3.18400E-06,1.7084E-01
3.18440E-06,1.7279E-01
3.18480E-06,1.6791E-01
3.18520E-06,1.6986E-01
3.18560E-06,1.7084E-01
3.18600E-06,1.7279E-01
3.18640E-06,1.6986E-01
3.18680E-06,1.7182E-01
3.18720E-06,1.7182E-01
3.18760E-06,1.7279E-01
3.18800E-06,1.6986E-01
3.18840E-06,1.6889E-01
3.18880E-06,1.7084E-01
3.18920E-06,1.6986E-01
3.18960E-06,1.6791E-01
3.19000E-06,1.6889E-01
3.19040E-06,1.6791E-01
3.19080E-06,1.7084E-01
3.19120E-06,1.6889E-01
3.19160E-06,1.6986E-01
3.19200E-06,1.6791E-01
3.19240E-06,1.7084E-01
3.19280E-06,1.7279E-01
3.19320E-06,1.6986E-01
3.19360E-06,1.7084E-01
3.19400E-06,1.7182E-01
3.19440E-06,1.6791E-01
3.19480E-06,1.7084E-01
3.19520E-06,1.7279E-01
3.19560E-06,1.6986E-01
3.19600E-06,1.6986E-01
3.19640E-06,1.6889E-01
3.19680E-06,1.7182E-01
3.19720E-06,1.7084E-01
3.19760E-06,1.6986E-01
3.19800E-06,1.6986E-01
3.19840E-06,1.7084E-01
3.19880E-06,1.6986E-01
3.19920E-06,1.7084E-01
3.19960E-06,1.6986E-01
3.20000E-06,1.6889E-01
3.20040E-06,1.6693E-01
3.20080E-06,1.6986E-01
3.20120E-06,1.6986E-01
3.20160E-06,1.7084E-01
3.20200E-06,1.6791E-01
3.20240E-06,1.6986E-01
3.20280E-06,1.6986E-01
3.20320E-06,1.6889E-01
3.20360E-06,1.7182E-01
3.20400E-06,1.6986E-01
3.20440E-06,1.6986E-01
3.20480E-06,1.7182E-01
3.20520E-06,1.7084E-01
3.20560E-06,1.6889E-01
3.20600E-06,1.6986E-01
3.20640E-06,1.6889E-01
3.20680E-06,1.7182E-01
3.20720E-06,1.7084E-01
3.20760E-06,1.7084E-01
3.20800E-06,1.6889E-01
3.20840E-06,1.7377E-01
3.20880E-06,1.7182E-01
3.20920E-06,1.6986E-01
3.20960E-06,1.7279E-01
3.21000E-06,1.6986E-01
3.21040E-06,1.6889E-01
3.21080E-06,1.6889E-01
3.21120E-06,1.6693E-01
3.21160E-06,1.6791E-01
3.21200E-06,1.7182E-01
3.21240E-06,1.6986E-01
3.21280E-06,1.6693E-01
3.21320E-06,1.7279E-01
3.21360E-06,1.6596E-01
3.21400E-06,1.6986E-01
3.21440E-06,1.7182E-01
3.21480E-06,1.6986E-01
3.21520E-06,1.6889E-01
3.21560E-06,1.6596E-01
3.21600E-06,1.7377E-01
3.21640E-06,1.6693E-01
3.21680E-06,1.6986E-01
3.21720E-06,1.7084E-01
3.21760E-06,1.6986E-01
3.21800E-06,1.7182E-01
3.21840E-06,1.6986E-01
3.21880E-06,1.6889E-01
3.21920E-06,1.6986E-01
3.21960E-06,1.7084E-01
3.22000E-06,1.6791E-01
3.22040E-06,1.6986E-01
3.22080E-06,1.7279E-01
3.22120E-06,1.6986E-01
3.22160E-06,1.7084E-01
3.22200E-06,1.6791E-01
3.22240E-06,1.6986E-01
3.22280E-06,1.7279E-01
3.22320E-06,1.6889E-01
3.22360E-06,1.7084E-01
3.22400E-06,1.6791E-01
3.22440E-06,1.6693E-01
3.22480E-06,1.7279E-01
3.22520E-06,1.6986E-01
3.22560E-06,1.7084E-01
3.22600E-06,1.6889E-01
3.22640E-06,1.6889E-01
3.22680E-06,1.6986E-01
3.22720E-06,1.6889E-01
3.22760E-06,1.7182E-01
3.22800E-06,1.7182E-01
3.22840E-06,1.6986E-01
3.22880E-06,1.7084E-01
3.22920E-06,1.7182E-01
3.22960E-06,1.6889E-01
3.23000E-06,1.6889E-01
3.23040E-06,1.6889E-01
3.23080E-06,1.7182E-01
3.23120E-06,1.6693E-01
3.23160E-06,1.6889E-01
3.23200E-06,1.6889E-01
3.23240E-06,1.6986E-01
3.23280E-06,1.6693E-01
3.23320E-06,1.6889E-01
3.23360E-06,1.6693E-01
3.23400E-06,1.6986E-01
3.23440E-06,1.6889E-01
3.23480E-06,1.6693E-01
3.23520E-06,1.7182E-01
3.23560E-06,1.6986E-01
3.23600E-06,1.6889E-01
3.23640E-06,1.6986E-01
3.23680E-06,1.7084E-01
3.23720E-06,1.6986E-01
3.23760E-06,1.6693E-01
3.23800E-06,1.7182E-01
3.23840E-06,1.6791E-01
3.23880E-06,1.6889E-01
3.23920E-06,1.7279E-01
3.23960E-06,1.6693E-01
3.24000E-06,1.6986E-01
3.24040E-06,1.6986E-01
3.24080E-06,1.7182E-01
3.24120E-06,1.6791E-01
3.24160E-06,1.6889E-01
3.24200E-06,1.6791E-01
3.24240E-06,1.6693E-01
3.24280E-06,1.6791E-01
3.24320E-06,1.6986E-01
3.24360E-06,1.6889E-01
3.24400E-06,1.7182E-01
3.24440E-06,1.7084E-01
3.24480E-06,1.6596E-01
3.24520E-06,1.7084E-01
3.24560E-06,1.6986E-01
3.24600E-06,1.6791E-01
3.24640E-06,1.7182E-01
3.24680E-06,1.6791E-01
3.24720E-06,1.6889E-01
3.24760E-06,1.6986E-01
3.24800E-06,1.6693E-01
3.24840E-06,1.6889E-01
3.24880E-06,1.6889E-01
3.24920E-06,1.6791E-01
3.24960E-06,1.6986E-01
3.25000E-06,1.6986E-01
3.25040E-06,1.7084E-01
3.25080E-06,1.7084E-01
3.25120E-06,1.6986E-01
3.25160E-06,1.6986E-01
3.25200E-06,1.6693E-01
3.25240E-06,1.6889E-01
3.25280E-06,1.6791E-01
3.25320E-06,1.6986E-01
3.25360E-06,1.7377E-01
3.25400E-06,1.6693E-01
3.25440E-06,1.6791E-01
3.25480E-06,1.6596E-01
3.25520E-06,1.6986E-01
3.25560E-06,1.6791E-01
3.25600E-06,1.6596E-01
3.25640E-06,1.6596E-01
3.25680E-06,1.6889E-01
3.25720E-06,1.6889E-01
3.25760E-06,1.6986E-01
3.25800E-06,1.6986E-01
3.25840E-06,1.6986E-01
3.25880E-06,1.6986E-01
3.25920E-06,1.6986E-01
3.25960E-06,1.6889E-01
3.26000E-06,1.6986E-01
3.26040E-06,1.7084E-01
3.26080E-06,1.7084E-01
3.26120E-06,1.6889E-01
3.26160E-06,1.6986E-01
3.26200E-06,1.6791E-01
3.26240E-06,1.7279E-01
3.26280E-06,1.6693E-01
3.26320E-06,1.6986E-01
3.26360E-06,1.7084E-01
3.26400E-06,1.6986E-01
3.26440E-06,1.7182E-01
3.26480E-06,1.6889E-01
3.26520E-06,1.6791E-01
3.26560E-06,1.7084E-01
3.26600E-06,1.6596E-01
3.26640E-06,1.6986E-01
3.26680E-06,1.6791E-01
3.26720E-06,1.6889E-01
3.26760E-06,1.6889E-01
3.26800E-06,1.7084E-01
3.26840E-06,1.6986E-01
3.26880E-06,1.6889E-01
3.26920E-06,1.6986E-01
3.26960E-06,1.6889E-01
3.27000E-06,1.6986E-01
3.27040E-06,1.6889E-01
3.27080E-06,1.6986E-01
3.27120E-06,1.6889E-01
3.27160E-06,1.7084E-01
3.27200E-06,1.7377E-01
3.27240E-06,1.6889E-01
3.27280E-06,1.6596E-01
3.27320E-06,1.6986E-01
3.27360E-06,1.6693E-01
3.27400E-06,1.7084E-01
3.27440E-06,1.6889E-01
3.27480E-06,1.6693E-01
3.27520E-06,1.7279E-01
3.27560E-06,1.6693E-01
3.27600E-06,1.6693E-01
3.27640E-06,1.6889E-01
3.27680E-06,1.6693E-01
3.27720E-06,1.7182E-01
3.27760E-06,1.7279E-01
3.27800E-06,1.6791E-01
3.27840E-06,1.6791E-01
3.27880E-06,1.6986E-01
3.27920E-06,1.7084E-01
3.27960E-06,1.6791E-01
3.28000E-06,1.6986E-01
3.28040E-06,1.6986E-01
3.28080E-06,1.7084E-01
3.28120E-06,1.6889E-01
3.28160E-06,1.7279E-01
3.28200E-06,1.6791E-01
3.28240E-06,1.7084E-01
3.28280E-06,1.6986E-01
3.28320E-06,1.6693E-01
3.28360E-06,1.7279E-01
3.28400E-06,1.6791E-01
3.28440E-06,1.7377E-01
3.28480E-06,1.6986E-01
3.28520E-06,1.6986E-01
3.28560E-06,1.6986E-01
3.28600E-06,1.6986E-01
3.28640E-06,1.7084E-01
3.28680E-06,1.6889E-01
3.28720E-06,1.6889E-01
3.28760E-06,1.6791E-01
3.28800E-06,1.6986E-01
3.28840E-06,1.6791E-01
3.28880E-06,1.6791E-01
3.28920E-06,1.7182E-01
3.28960E-06,1.6889E-01
3.29000E-06,1.6889E-01
3.29040E-06,1.6986E-01
3.29080E-06,1.6693E-01
3.29120E-06,1.6889E-01
3.29160E-06,1.7084E-01
3.29200E-06,1.6889E-01
3.29240E-06,1.6791E-01
3.29280E-06,1.6889E-01
3.29320E-06,1.6791E-01
3.29360E-06,1.6986E-01
3.29400E-06,1.6889E-01
3.29440E-06,1.6791E-01
3.29480E-06,1.7084E-01
3.29520E-06,1.6986E-01
3.29560E-06,1.6986E-01
3.29600E-06,1.6693E-01
3.29640E-06,1.6986E-01
3.29680E-06,1.6889E-01
3.29720E-06,1.6889E-01
3.29760E-06,1.6791E-01
3.29800E-06,1.6889E-01
3.29840E-06,1.6986E-01
3.29880E-06,1.6986E-01
3.29920E-06,1.6986E-01
3.29960E-06,1.6986E-01
3.30000E-06,1.6596E-01
3.30040E-06,1.6889E-01
3.30080E-06,1.6791E-01
3.30120E-06,1.7182E-01
3.30160E-06,1.6986E-01
3.30200E-06,1.6986E-01
3.30240E-06,1.6889E-01
3.30280E-06,1.7084E-01
3.30320E-06,1.6596E-01
3.30360E-06,1.6986E-01
3.30400E-06,1.6986E-01
3.30440E-06,1.6791E-01
3.30480E-06,1.6889E-01
3.30520E-06,1.6889E-01
3.30560E-06,1.6986E-01
3.30600E-06,1.6693E-01
3.30640E-06,1.6791E-01
3.30680E-06,1.6791E-01
3.30720E-06,1.6986E-01
3.30760E-06,1.6791E-01
3.30800E-06,1.6889E-01
3.30840E-06,1.6986E-01
3.30880E-06,1.6791E-01
3.30920E-06,1.6889E-01
3.30960E-06,1.6596E-01
3.31000E-06,1.6986E-01
3.31040E-06,1.6889E-01
3.31080E-06,1.7279E-01
3.31120E-06,1.6889E-01
3.31160E-06,1.6889E-01
3.31200E-06,1.7182E-01
3.31240E-06,1.6986E-01
3.31280E-06,1.6986E-01
3.31320E-06,1.6693E-01
3.31360E-06,1.6986E-01
3.31400E-06,1.6693E-01
3.31440E-06,1.6986E-01
3.31480E-06,1.6889E-01
3.31520E-06,1.6889E-01
3.31560E-06,1.6791E-01
3.31600E-06,1.6986E-01
3.31640E-06,1.6986E-01
3.31680E-06,1.6693E-01
3.31720E-06,1.6986E-01
3.31760E-06,1.6889E-01
3.31800E-06,1.7084E-01
3.31840E-06,1.6791E-01
3.31880E-06,1.6889E-01
3.31920E-06,1.6986E-01
3.31960E-06,1.6889E-01
3.32000E-06,1.7084E-01
3.32040E-06,1.7084E-01
3.32080E-06,1.6986E-01
3.32120E-06,1.6693E-01
3.32160E-06,1.6889E-01
3.32200E-06,1.6986E-01
3.32240E-06,1.6791E-01
3.32280E-06,1.6889E-01
3.32320E-06,1.7084E-01
3.32360E-06,1.6889E-01
3.32400E-06,1.6986E-01
3.32440E-06,1.6791E-01
3.32480E-06,1.6791E-01
3.32520E-06,1.6986E-01
3.32560E-06,1.7182E-01
3.32600E-06,1.6986E-01
3.32640E-06,1.6791E-01
3.32680E-06,1.7084E-01
3.32720E-06,1.7084E-01
3.32760E-06,1.7084E-01
3.32800E-06,1.6596E-01
3.32840E-06,1.6791E-01
3.32880E-06,1.6889E-01
3.32920E-06,1.6693E-01
3.32960E-06,1.7084E-01
3.33000E-06,1.7182E-01
3.33040E-06,1.6693E-01
3.33080E-06,1.6693E-01
3.33120E-06,1.6791E-01
3.33160E-06,1.6791E-01
3.33200E-06,1.6791E-01
3.33240E-06,1.6498E-01
3.33280E-06,1.6889E-01
3.33320E-06,1.7182E-01
3.33360E-06,1.6986E-01
3.33400E-06,1.6986E-01
3.33440E-06,1.6889E-01
3.33480E-06,1.6986E-01
3.33520E-06,1.6596E-01
3.33560E-06,1.7377E-01
3.33600E-06,1.7182E-01
3.33640E-06,1.6791E-01
3.33680E-06,1.6596E-01
3.33720E-06,1.6693E-01
3.33760E-06,1.6986E-01
3.33800E-06,1.7084E-01
3.33840E-06,1.7084E-01
3.33880E-06,1.6889E-01
3.33920E-06,1.7182E-01
3.33960E-06,1.7084E-01
3.34000E-06,1.6889E-01
3.34040E-06,1.7182E-01
3.34080E-06,1.7084E-01
3.34120E-06,1.7182E-01
3.34160E-06,1.6693E-01
3.34200E-06,1.7084E-01
3.34240E-06,1.7182E-01
3.34280E-06,1.6986E-01
3.34320E-06,1.6986E-01
3.34360E-06,1.6889E-01
3.34400E-06,1.6986E-01
3.34440E-06,1.6986E-01
3.34480E-06,1.6889E-01
3.34520E-06,1.6986E-01
3.34560E-06,1.6693E-01
3.34600E-06,1.6889E-01
3.34640E-06,1.6889E-01
3.34680E-06,1.7084E-01
3.34720E-06,1.6596E-01
3.34760E-06,1.7279E-01
3.34800E-06,1.6791E-01
3.34840E-06,1.6693E-01
3.34880E-06,1.6986E-01
3.34920E-06,1.6596E-01
3.34960E-06,1.7084E-01
3.35000E-06,1.6889E-01
3.35040E-06,1.6986E-01
3.35080E-06,1.7084E-01
3.35120E-06,1.7279E-01
3.35160E-06,1.6596E-01
3.35200E-06,1.7182E-01
3.35240E-06,1.6986E-01
3.35280E-06,1.6986E-01
3.35320E-06,1.6986E-01
3.35360E-06,1.6986E-01
3.35400E-06,1.6986E-01
3.35440E-06,1.6889E-01
3.35480E-06,1.7084E-01
3.35520E-06,1.6889E-01
3.35560E-06,1.6986E-01
3.35600E-06,1.7279E-01
3.35640E-06,1.6986E-01
3.35680E-06,1.7279E-01
3.35720E-06,1.6986E-01
3.35760E-06,1.6986E-01
3.35800E-06,1.6889E-01
3.35840E-06,1.6693E-01
3.35880E-06,1.7279E-01
3.35920E-06,1.6986E-01
3.35960E-06,1.7084E-01
3.36000E-06,1.6889E-01
3.36040E-06,1.6986E-01
3.36080E-06,1.6889E-01
3.36120E-06,1.6889E-01
3.36160E-06,1.6986E-01
3.36200E-06,1.7279E-01
3.36240E-06,1.6596E-01
3.36280E-06,1.6889E-01
3.36320E-06,1.6986E-01
3.36360E-06,1.6791E-01
3.36400E-06,1.6889E-01
3.36440E-06,1.6791E-01
3.36480E-06,1.6986E-01
3.36520E-06,1.7084E-01
3.36560E-06,1.6986E-01
3.36600E-06,1.7182E-01
3.36640E-06,1.7084E-01
3.36680E-06,1.6986E-01
3.36720E-06,1.7279E-01
3.36760E-06,1.7182E-01
3.36800E-06,1.7182E-01
3.36840E-06,1.7279E-01
3.36880E-06,1.7084E-01
3.36920E-06,1.6986E-01
3.36960E-06,1.7084E-01
3.37000E-06,1.6986E-01
3.37040E-06,1.6889E-01
3.37080E-06,1.6986E-01
3.37120E-06,1.7182E-01
3.37160E-06,1.6791E-01
3.37200E-06,1.7279E-01
3.37240E-06,1.6986E-01
3.37280E-06,1.6986E-01
3.37320E-06,1.7084E-01
3.37360E-06,1.6889E-01
3.37400E-06,1.6791E-01
3.37440E-06,1.6986E-01
3.37480E-06,1.7279E-01
3.37520E-06,1.6693E-01
3.37560E-06,1.7084E-01
3.37600E-06,1.7084E-01
3.37640E-06,1.6986E-01
3.37680E-06,1.7084E-01
3.37720E-06,1.7182E-01
3.37760E-06,1.7084E-01
3.37800E-06,1.6986E-01
3.37840E-06,1.6986E-01
3.37880E-06,1.6791E-01
3.37920E-06,1.6889E-01
3.37960E-06,1.6693E-01
3.38000E-06,1.6693E-01
3.38040E-06,1.6986E-01
3.38080E-06,1.6693E-01
3.38120E-06,1.6986E-01
3.38160E-06,1.7182E-01
3.38200E-06,1.6693E-01
3.38240E-06,1.7279E-01
3.38280E-06,1.6986E-01
3.38320E-06,1.6791E-01
3.38360E-06,1.6986E-01
3.38400E-06,1.6693E-01
3.38440E-06,1.6986E-01
3.38480E-06,1.7084E-01
3.38520E-06,1.6986E-01
3.38560E-06,1.6791E-01
3.38600E-06,1.7182E-01
3.38640E-06,1.6986E-01
3.38680E-06,1.7084E-01
3.38720E-06,1.7279E-01
3.38760E-06,1.7182E-01
3.38800E-06,1.6986E-01
3.38840E-06,1.6791E-01
3.38880E-06,1.7279E-01
3.38920E-06,1.7377E-01
3.38960E-06,1.6986E-01
3.39000E-06,1.6986E-01
3.39040E-06,1.6791E-01
3.39080E-06,1.7182E-01
3.39120E-06,1.6791E-01
3.39160E-06,1.6889E-01
3.39200E-06,1.6889E-01
3.39240E-06,1.6791E-01
3.39280E-06,1.6791E-01
3.39320E-06,1.7084E-01
3.39360E-06,1.6596E-01
3.39400E-06,1.7279E-01
3.39440E-06,1.7084E-01
3.39480E-06,1.7279E-01
3.39520E-06,1.6986E-01
3.39560E-06,1.6791E-01
3.39600E-06,1.7377E-01
3.39640E-06,1.7182E-01
3.39680E-06,1.6889E-01
3.39720E-06,1.6693E-01
3.39760E-06,1.6986E-01
3.39800E-06,1.7475E-01
3.39840E-06,1.6889E-01
3.39880E-06,1.6693E-01
3.39920E-06,1.6889E-01
3.39960E-06,1.6791E-01
3.40000E-06,1.7084E-01
3.40040E-06,1.7182E-01
3.40080E-06,1.7279E-01
3.40120E-06,1.6889E-01
3.40160E-06,1.7182E-01
3.40200E-06,1.7084E-01
3.40240E-06,1.6889E-01
3.40280E-06,1.7084E-01
3.40320E-06,1.7279E-01
3.40360E-06,1.6986E-01
3.40400E-06,1.6986E-01
3.40440E-06,1.7182E-01
3.40480E-06,1.6889E-01
3.40520E-06,1.6791E-01
3.40560E-06,1.7084E-01
3.40600E-06,1.7279E-01
3.40640E-06,1.6889E-01
3.40680E-06,1.6889E-01
3.40720E-06,1.6889E-01
3.40760E-06,1.6889E-01
3.40800E-06,1.7084E-01
3.40840E-06,1.6889E-01
3.40880E-06,1.7084E-01
3.40920E-06,1.6986E-01
3.40960E-06,1.7182E-01
3.41000E-06,1.7084E-01
3.41040E-06,1.7084E-01
3.41080E-06,1.6986E-01
3.41120E-06,1.7279E-01
3.41160E-06,1.6986E-01
3.41200E-06,1.7377E-01
3.41240E-06,1.7279E-01
3.41280E-06,1.6986E-01
3.41320E-06,1.7182E-01
3.41360E-06,1.7279E-01
3.41400E-06,1.7182E-01
3.41440E-06,1.7475E-01
3.41480E-06,1.7084E-01
3.41520E-06,1.7475E-01
3.41560E-06,1.7182E-01
3.41600E-06,1.7084E-01
3.41640E-06,1.6986E-01
3.41680E-06,1.7279E-01
3.41720E-06,1.6986E-01
3.41760E-06,1.7084E-01
3.41800E-06,1.6986E-01
3.41840E-06,1.7182E-01
3.41880E-06,1.7084E-01
3.41920E-06,1.6986E-01
3.41960E-06,1.7084E-01
3.42000E-06,1.7279E-01
3.42040E-06,1.7182E-01
3.42080E-06,1.6693E-01
3.42120E-06,1.7279E-01
3.42160E-06,1.7279E-01
3.42200E-06,1.7084E-01
3.42240E-06,1.7182E-01
3.42280E-06,1.6986E-01
3.42320E-06,1.7182E-01
3.42360E-06,1.7279E-01
3.42400E-06,1.6986E-01
3.42440E-06,1.7182E-01
3.42480E-06,1.6889E-01
3.42520E-06,1.6693E-01
3.42560E-06,1.6986E-01
3.42600E-06,1.6889E-01
3.42640E-06,1.6889E-01
3.42680E-06,1.6791E-01
3.42720E-06,1.6986E-01
3.42760E-06,1.6889E-01
3.42800E-06,1.6889E-01
3.42840E-06,1.7182E-01
3.42880E-06,1.7182E-01
3.42920E-06,1.6986E-01
3.42960E-06,1.6986E-01
3.43000E-06,1.7182E-01
3.43040E-06,1.6596E-01
3.43080E-06,1.7182E-01
3.43120E-06,1.6791E-01
3.43160E-06,1.7377E-01
3.43200E-06,1.6986E-01
3.43240E-06,1.7279E-01
3.43280E-06,1.7182E-01
3.43320E-06,1.6986E-01
3.43360E-06,1.6889E-01
3.43400E-06,1.6693E-01
3.43440E-06,1.7279E-01
3.43480E-06,1.7084E-01
3.43520E-06,1.7084E-01
3.43560E-06,1.7279E-01
3.43600E-06,1.7084E-01
3.43640E-06,1.7182E-01
3.43680E-06,1.7182E-01
3.43720E-06,1.7084E-01
3.43760E-06,1.6889E-01
3.43800E-06,1.6889E-01
3.43840E-06,1.6986E-01
3.43880E-06,1.7182E-01
3.43920E-06,1.7084E-01
3.43960E-06,1.7084E-01
3.44000E-06,1.6986E-01
3.44040E-06,1.7084E-01
3.44080E-06,1.6986E-01
3.44120E-06,1.6986E-01
3.44160E-06,1.7084E-01
3.44200E-06,1.7084E-01
3.44240E-06,1.7084E-01
3.44280E-06,1.7084E-01
3.44320E-06,1.7084E-01
3.44360E-06,1.7182E-01
3.44400E-06,1.7279E-01
3.44440E-06,1.7182E-01
3.44480E-06,1.7377E-01
3.44520E-06,1.7279E-01
3.44560E-06,1.7377E-01
3.44600E-06,1.6986E-01
3.44640E-06,1.7182E-01
3.44680E-06,1.6791E-01
3.44720E-06,1.6791E-01
3.44760E-06,1.7084E-01
3.44800E-06,1.6889E-01
3.44840E-06,1.7084E-01
3.44880E-06,1.6986E-01
3.44920E-06,1.7279E-01
3.44960E-06,1.6986E-01
3.45000E-06,1.7182E-01
3.45040E-06,1.6986E-01
3.45080E-06,1.6986E-01
3.45120E-06,1.7377E-01
3.45160E-06,1.7084E-01
3.45200E-06,1.7279E-01
3.45240E-06,1.6986E-01
3.45280E-06,1.6889E-01
3.45320E-06,1.7377E-01
3.45360E-06,1.7279E-01
3.45400E-06,1.7084E-01
3.45440E-06,1.7279E-01
3.45480E-06,1.7084E-01
3.45520E-06,1.6889E-01
3.45560E-06,1.7182E-01
3.45600E-06,1.6791E-01
3.45640E-06,1.7084E-01
3.45680E-06,1.6791E-01
3.45720E-06,1.7182E-01
3.45760E-06,1.7279E-01
3.45800E-06,1.7279E-01
3.45840E-06,1.7279E-01
3.45880E-06,1.7084E-01
3.45920E-06,1.7279E-01
3.45960E-06,1.6693E-01
3.46000E-06,1.6791E-01
3.46040E-06,1.6986E-01
3.46080E-06,1.6986E-01
3.46120E-06,1.6986E-01
3.46160E-06,1.7084E-01
3.46200E-06,1.6986E-01
3.46240E-06,1.7182E-01
3.46280E-06,1.7084E-01
3.46320E-06,1.6986E-01
3.46360E-06,1.7377E-01
3.46400E-06,1.6986E-01
3.46440E-06,1.6693E-01
3.46480E-06,1.7084E-01
3.46520E-06,1.7279E-01
3.46560E-06,1.7377E-01
3.46600E-06,1.7084E-01
3.46640E-06,1.7475E-01
3.46680E-06,1.7279E-01
3.46720E-06,1.7182E-01
3.46760E-06,1.7084E-01
3.46800E-06,1.7182E-01
3.46840E-06,1.7279E-01
3.46880E-06,1.6986E-01
3.46920E-06,1.6693E-01
3.46960E-06,1.7182E-01
3.47000E-06,1.7377E-01
3.47040E-06,1.7182E-01
3.47080E-06,1.6986E-01
3.47120E-06,1.7084E-01
3.47160E-06,1.6986E-01
3.47200E-06,1.7279E-01
3.47240E-06,1.6889E-01
3.47280E-06,1.7182E-01
3.47320E-06,1.7475E-01
3.47360E-06,1.6986E-01
3.47400E-06,1.7279E-01
3.47440E-06,1.7182E-01
3.47480E-06,1.7279E-01
3.47520E-06,1.6986E-01
3.47560E-06,1.6986E-01
3.47600E-06,1.7377E-01
3.47640E-06,1.6986E-01
3.47680E-06,1.7182E-01
3.47720E-06,1.6693E-01
3.47760E-06,1.7084E-01
3.47800E-06,1.6889E-01
3.47840E-06,1.6986E-01
3.47880E-06,1.6986E-01
3.47920E-06,1.6986E-01
3.47960E-06,1.6889E-01
3.48000E-06,1.6986E-01
3.48040E-06,1.6986E-01
3.48080E-06,1.7182E-01
3.48120E-06,1.7084E-01
3.48160E-06,1.7279E-01
3.48200E-06,1.7084E-01
3.48240E-06,1.7182E-01
3.48280E-06,1.7084E-01
3.48320E-06,1.7182E-01
3.48360E-06,1.6889E-01
3.48400E-06,1.7182E-01
3.48440E-06,1.6791E-01
3.48480E-06,1.7182E-01
3.48520E-06,1.6986E-01
3.48560E-06,1.7182E-01
3.48600E-06,1.7084E-01
3.48640E-06,1.6986E-01
3.48680E-06,1.7182E-01
3.48720E-06,1.7182E-01
3.48760E-06,1.6986E-01
3.48800E-06,1.7182E-01
3.48840E-06,1.7279E-01
3.48880E-06,1.6889E-01
3.48920E-06,1.6986E-01
3.48960E-06,1.6889E-01
3.49000E-06,1.6986E-01
3.49040E-06,1.7182E-01
3.49080E-06,1.7279E-01
3.49120E-06,1.7279E-01
3.49160E-06,1.7084E-01
3.49200E-06,1.7279E-01
3.49240E-06,1.7084E-01
3.49280E-06,1.7084E-01
3.49320E-06,1.6986E-01
3.49360E-06,1.6986E-01
3.49400E-06,1.7377E-01
3.49440E-06,1.6986E-01
3.49480E-06,1.7084E-01
3.49520E-06,1.7084E-01
3.49560E-06,1.7182E-01
3.49600E-06,1.6986E-01
3.49640E-06,1.7182E-01
3.49680E-06,1.6986E-01
3.49720E-06,1.7182E-01
3.49760E-06,1.7182E-01
3.49800E-06,1.6889E-01
3.49840E-06,1.7084E-01
3.49880E-06,1.6986E-01
3.49920E-06,1.7377E-01
3.49960E-06,1.6986E-01
3.50000E-06,1.7279E-01
3.50040E-06,1.6889E-01
3.50080E-06,1.7084E-01
3.50120E-06,1.6693E-01
3.50160E-06,1.6986E-01
3.50200E-06,1.6986E-01
3.50240E-06,1.6986E-01
3.50280E-06,1.7084E-01
3.50320E-06,1.6596E-01
3.50360E-06,1.6889E-01
3.50400E-06,1.7182E-01
3.50440E-06,1.6986E-01
3.50480E-06,1.7279E-01
3.50520E-06,1.7084E-01
3.50560E-06,1.6791E-01
3.50600E-06,1.7084E-01
3.50640E-06,1.6791E-01
3.50680E-06,1.6889E-01
3.50720E-06,1.6986E-01
3.50760E-06,1.6986E-01
3.50800E-06,1.6986E-01
3.50840E-06,1.7084E-01
3.50880E-06,1.7084E-01
3.50920E-06,1.7279E-01
3.50960E-06,1.6791E-01
3.51000E-06,1.6889E-01
3.51040E-06,1.6986E-01
3.51080E-06,1.6986E-01
3.51120E-06,1.7182E-01
3.51160E-06,1.6889E-01
3.51200E-06,1.7084E-01
3.51240E-06,1.6986E-01
3.51280E-06,1.6986E-01
3.51320E-06,1.7279E-01
3.51360E-06,1.6889E-01
3.51400E-06,1.7182E-01
3.51440E-06,1.7084E-01
3.51480E-06,1.7182E-01
3.51520E-06,1.6986E-01
3.51560E-06,1.6889E-01
3.51600E-06,1.6986E-01
3.51640E-06,1.6889E-01
3.51680E-06,1.6986E-01
3.51720E-06,1.6986E-01
3.51760E-06,1.7279E-01
3.51800E-06,1.6986E-01
3.51840E-06,1.7084E-01
3.51880E-06,1.7084E-01
3.51920E-06,1.7084E-01
3.51960E-06,1.7377E-01
3.52000E-06,1.6986E-01
3.52040E-06,1.7084E-01
3.52080E-06,1.7182E-01
3.52120E-06,1.7377E-01
3.52160E-06,1.6986E-01
3.52200E-06,1.7182E-01
3.52240E-06,1.7084E-01
3.52280E-06,1.6498E-01
3.52320E-06,1.6986E-01
3.52360E-06,1.7084E-01
3.52400E-06,1.6986E-01
3.52440E-06,1.7182E-01
3.52480E-06,1.6986E-01
3.52520E-06,1.7084E-01
3.52560E-06,1.6986E-01
3.52600E-06,1.7182E-01
3.52640E-06,1.6986E-01
3.52680E-06,1.6693E-01
3.52720E-06,1.6986E-01
3.52760E-06,1.6986E-01
3.52800E-06,1.6889E-01
3.52840E-06,1.6889E-01
3.52880E-06,1.6889E-01
3.52920E-06,1.6693E-01
3.52960E-06,1.6986E-01
3.53000E-06,1.6986E-01
3.53040E-06,1.6889E-01
3.53080E-06,1.6889E-01
3.53120E-06,1.7182E-01
3.53160E-06,1.7182E-01
3.53200E-06,1.6889E-01
3.53240E-06,1.6986E-01
3.53280E-06,1.6889E-01
3.53320E-06,1.7279E-01
3.53360E-06,1.7377E-01
3.53400E-06,1.7279E-01
3.53440E-06,1.6889E-01
3.53480E-06,1.7084E-01
3.53520E-06,1.6791E-01
3.53560E-06,1.6791E-01
3.53600E-06,1.6986E-01
3.53640E-06,1.7182E-01
3.53680E-06,1.6986E-01
3.53720E-06,1.7084E-01
3.53760E-06,1.6986E-01
3.53800E-06,1.6986E-01
3.53840E-06,1.6889E-01
3.53880E-06,1.7084E-01
3.53920E-06,1.6986E-01
3.53960E-06,1.7084E-01
3.54000E-06,1.6986E-01
3.54040E-06,1.6693E-01
3.54080E-06,1.7084E-01
3.54120E-06,1.7279E-01
3.54160E-06,1.6889E-01
3.54200E-06,1.6791E-01
3.54240E-06,1.6986E-01
3.54280E-06,1.7182E-01
3.54320E-06,1.6889E-01
3.54360E-06,1.6791E-01
3.54400E-06,1.6986E-01
3.54440E-06,1.6986E-01
3.54480E-06,1.6986E-01
3.54520E-06,1.6986E-01
3.54560E-06,1.6889E-01
3.54600E-06,1.6986E-01
3.54640E-06,1.6498E-01
3.54680E-06,1.7279E-01
3.54720E-06,1.7182E-01
3.54760E-06,1.7084E-01
3.54800E-06,1.7182E-01
3.54840E-06,1.6986E-01
3.54880E-06,1.7084E-01
3.54920E-06,1.7084E-01
3.54960E-06,1.6889E-01
3.55000E-06,1.6986E-01
3.55040E-06,1.7279E-01
3.55080E-06,1.6986E-01
3.55120E-06,1.6889E-01
3.55160E-06,1.6986E-01
3.55200E-06,1.6889E-01
3.55240E-06,1.7084E-01
3.55280E-06,1.6986E-01
3.55320E-06,1.7377E-01
3.55360E-06,1.6986E-01
3.55400E-06,1.7182E-01
3.55440E-06,1.6693E-01
3.55480E-06,1.6693E-01
3.55520E-06,1.6889E-01
3.55560E-06,1.6986E-01
3.55600E-06,1.6791E-01
3.55640E-06,1.6986E-01
3.55680E-06,1.6791E-01
3.55720E-06,1.6791E-01
3.55760E-06,1.6986E-01
3.55800E-06,1.6986E-01
3.55840E-06,1.6693E-01
3.55880E-06,1.7182E-01
3.55920E-06,1.6889E-01
3.55960E-06,1.6693E-01
3.56000E-06,1.6986E-01
3.56040E-06,1.6791E-01
3.56080E-06,1.6986E-01
3.56120E-06,1.6889E-01
3.56160E-06,1.6986E-01
3.56200E-06,1.7182E-01
3.56240E-06,1.6986E-01
3.56280E-06,1.6889E-01
3.56320E-06,1.7084E-01
3.56360E-06,1.6986E-01
3.56400E-06,1.6986E-01
3.56440E-06,1.6986E-01
3.56480E-06,1.6889E-01
3.56520E-06,1.6889E-01
3.56560E-06,1.7084E-01
3.56600E-06,1.6986E-01
3.56640E-06,1.7084E-01
3.56680E-06,1.7182E-01
3.56720E-06,1.6986E-01
3.56760E-06,1.7084E-01
3.56800E-06,1.7182E-01
3.56840E-06,1.6889E-01
3.56880E-06,1.6986E-01
3.56920E-06,1.7279E-01
3.56960E-06,1.7084E-01
3.57000E-06,1.6986E-01
3.57040E-06,1.6889E-01
3.57080E-06,1.7279E-01
3.57120E-06,1.6986E-01
3.57160E-06,1.6986E-01
3.57200E-06,1.7084E-01
3.57240E-06,1.6986E-01
3.57280E-06,1.6693E-01
3.57320E-06,1.7084E-01
3.57360E-06,1.6986E-01
3.57400E-06,1.7182E-01
3.57440E-06,1.6889E-01
3.57480E-06,1.7084E-01
3.57520E-06,1.6986E-01
3.57560E-06,1.7084E-01
3.57600E-06,1.7279E-01
3.57640E-06,1.6986E-01
3.57680E-06,1.6986E-01
3.57720E-06,1.7084E-01
3.57760E-06,1.6791E-01
3.57800E-06,1.6596E-01
3.57840E-06,1.6693E-01
3.57880E-06,1.7182E-01
3.57920E-06,1.7279E-01
3.57960E-06,1.7084E-01
3.58000E-06,1.6986E-01
3.58040E-06,1.6986E-01
3.58080E-06,1.6986E-01
3.58120E-06,1.7182E-01
3.58160E-06,1.6986E-01
3.58200E-06,1.6889E-01
3.58240E-06,1.6889E-01
3.58280E-06,1.6791E-01
3.58320E-06,1.6986E-01
3.58360E-06,1.6791E-01
3.58400E-06,1.6791E-01
3.58440E-06,1.7279E-01
3.58480E-06,1.6693E-01
3.58520E-06,1.6986E-01
3.58560E-06,1.6986E-01
3.58600E-06,1.6986E-01
3.58640E-06,1.6889E-01
3.58680E-06,1.6889E-01
3.58720E-06,1.7084E-01
3.58760E-06,1.6986E-01
3.58800E-06,1.6889E-01
3.58840E-06,1.6986E-01
3.58880E-06,1.6889E-01
3.58920E-06,1.6986E-01
3.58960E-06,1.6889E-01
3.59000E-06,1.7279E-01
3.59040E-06,1.6889E-01
3.59080E-06,1.7279E-01
3.59120E-06,1.6889E-01
3.59160E-06,1.6889E-01
3.59200E-06,1.6596E-01
3.59240E-06,1.6986E-01
3.59280E-06,1.7182E-01
3.59320E-06,1.6791E-01
3.59360E-06,1.6986E-01
3.59400E-06,1.7182E-01
3.59440E-06,1.7084E-01
3.59480E-06,1.6889E-01
3.59520E-06,1.7279E-01
3.59560E-06,1.6986E-01
3.59600E-06,1.6498E-01
3.59640E-06,1.6986E-01
3.59680E-06,1.6986E-01
3.59720E-06,1.6400E-01
3.59760E-06,1.6693E-01
3.59800E-06,1.6693E-01
3.59840E-06,1.6986E-01
3.59880E-06,1.6791E-01
3.59920E-06,1.6889E-01
3.59960E-06,1.6986E-01
3.60000E-06,1.6791E-01
3.60040E-06,1.7279E-01
3.60080E-06,1.6986E-01
3.60120E-06,1.6791E-01
3.60160E-06,1.6986E-01
3.60200E-06,1.7084E-01
3.60240E-06,1.6986E-01
3.60280E-06,1.6791E-01
3.60320E-06,1.6889E-01
3.60360E-06,1.6889E-01
3.60400E-06,1.7084E-01
3.60440E-06,1.6986E-01
3.60480E-06,1.6791E-01
3.60520E-06,1.6693E-01
3.60560E-06,1.6791E-01
3.60600E-06,1.6596E-01
3.60640E-06,1.6693E-01
3.60680E-06,1.6889E-01
3.60720E-06,1.6889E-01
3.60760E-06,1.7279E-01
3.60800E-06,1.6791E-01
3.60840E-06,1.7182E-01
3.60880E-06,1.6986E-01
3.60920E-06,1.7084E-01
3.60960E-06,1.6986E-01
3.61000E-06,1.6693E-01
3.61040E-06,1.6986E-01
3.61080E-06,1.7084E-01
3.61120E-06,1.6986E-01
3.61160E-06,1.7182E-01
3.61200E-06,1.6986E-01
3.61240E-06,1.6986E-01
3.61280E-06,1.6986E-01
3.61320E-06,1.6791E-01
3.61360E-06,1.6889E-01
3.61400E-06,1.6986E-01
3.61440E-06,1.6889E-01
3.61480E-06,1.6596E-01
3.61520E-06,1.6791E-01
3.61560E-06,1.6889E-01
3.61600E-06,1.6498E-01
3.61640E-06,1.6889E-01
3.61680E-06,1.6889E-01
3.61720E-06,1.6889E-01
3.61760E-06,1.6889E-01
3.61800E-06,1.6596E-01
3.61840E-06,1.6889E-01
3.61880E-06,1.6596E-01
3.61920E-06,1.6889E-01
3.61960E-06,1.6889E-01
3.62000E-06,1.6693E-01
3.62040E-06,1.7084E-01
3.62080E-06,1.6791E-01
3.62120E-06,1.6986E-01
3.62160E-06,1.6791E-01
3.62200E-06,1.6889E-01
3.62240E-06,1.6986E-01
3.62280E-06,1.6596E-01
3.62320E-06,1.6889E-01
3.62360E-06,1.6693E-01
3.62400E-06,1.6889E-01
3.62440E-06,1.6400E-01
3.62480E-06,1.6693E-01
3.62520E-06,1.6693E-01
3.62560E-06,1.6693E-01
3.62600E-06,1.6596E-01
3.62640E-06,1.6889E-01
3.62680E-06,1.6889E-01
3.62720E-06,1.6693E-01
3.62760E-06,1.6889E-01
3.62800E-06,1.6693E-01
3.62840E-06,1.6889E-01
3.62880E-06,1.6889E-01
3.62920E-06,1.6986E-01
3.62960E-06,1.6986E-01
3.63000E-06,1.6986E-01
3.63040E-06,1.6693E-01
3.63080E-06,1.6596E-01
3.63120E-06,1.6791E-01
3.63160E-06,1.6889E-01
3.63200E-06,1.6986E-01
3.63240E-06,1.6889E-01
3.63280E-06,1.6791E-01
3.63320E-06,1.7084E-01
3.63360E-06,1.6791E-01
3.63400E-06,1.6889E-01
3.63440E-06,1.7084E-01
3.63480E-06,1.6889E-01
3.63520E-06,1.6791E-01
3.63560E-06,1.6791E-01
3.63600E-06,1.6596E-01
3.63640E-06,1.6693E-01
3.63680E-06,1.6889E-01
3.63720E-06,1.6889E-01
3.63760E-06,1.6986E-01
3.63800E-06,1.6791E-01
3.63840E-06,1.6986E-01
3.63880E-06,1.6693E-01
3.63920E-06,1.6889E-01
3.63960E-06,1.6986E-01
3.64000E-06,1.6791E-01
3.64040E-06,1.6596E-01
3.64080E-06,1.6596E-01
3.64120E-06,1.6791E-01
3.64160E-06,1.6596E-01
3.64200E-06,1.6596E-01
3.64240E-06,1.6791E-01
3.64280E-06,1.6596E-01
3.64320E-06,1.6986E-01
3.64360E-06,1.6791E-01
3.64400E-06,1.6596E-01
3.64440E-06,1.6693E-01
3.64480E-06,1.6889E-01
3.64520E-06,1.6596E-01
3.64560E-06,1.6889E-01
3.64600E-06,1.6986E-01
3.64640E-06,1.6986E-01
3.64680E-06,1.6596E-01
3.64720E-06,1.6693E-01
3.64760E-06,1.6596E-01
3.64800E-06,1.6889E-01
3.64840E-06,1.6596E-01
3.64880E-06,1.6791E-01
3.64920E-06,1.6791E-01
3.64960E-06,1.6889E-01
3.65000E-06,1.6596E-01
3.65040E-06,1.6889E-01
3.65080E-06,1.6596E-01
3.65120E-06,1.6889E-01
3.65160E-06,1.6596E-01
3.65200E-06,1.6889E-01
3.65240E-06,1.6693E-01
3.65280E-06,1.6889E-01
3.65320E-06,1.7182E-01
3.65360E-06,1.6986E-01
3.65400E-06,1.6986E-01
3.65440E-06,1.6693E-01
3.65480E-06,1.6986E-01
3.65520E-06,1.6693E-01
3.65560E-06,1.6889E-01
3.65600E-06,1.6889E-01
3.65640E-06,1.6986E-01
3.65680E-06,1.6791E-01
3.65720E-06,1.6693E-01
3.65760E-06,1.6693E-01
3.65800E-06,1.6791E-01
3.65840E-06,1.6889E-01
3.65880E-06,1.7182E-01
3.65920E-06,1.7084E-01
3.65960E-06,1.6889E-01
3.66000E-06,1.6791E-01
3.66040E-06,1.6889E-01
3.66080E-06,1.6693E-01
3.66120E-06,1.7084E-01
3.66160E-06,1.6596E-01
3.66200E-06,1.6889E-01
3.66240E-06,1.6986E-01
3.66280E-06,1.6791E-01
3.66320E-06,1.6791E-01
3.66360E-06,1.6791E-01
3.66400E-06,1.7182E-01
3.66440E-06,1.6693E-01
3.66480E-06,1.6889E-01
3.66520E-06,1.6889E-01
3.66560E-06,1.6596E-01
3.66600E-06,1.6693E-01
3.66640E-06,1.6693E-01
3.66680E-06,1.6889E-01
3.66720E-06,1.6889E-01
3.66760E-06,1.6693E-01
3.66800E-06,1.6889E-01
3.66840E-06,1.6986E-01
3.66880E-06,1.6889E-01
3.66920E-06,1.6693E-01
3.66960E-06,1.6986E-01
3.67000E-06,1.6791E-01
3.67040E-06,1.6889E-01
3.67080E-06,1.6693E-01
3.67120E-06,1.6693E-01
3.67160E-06,1.7084E-01
3.67200E-06,1.6986E-01
3.67240E-06,1.6693E-01
3.67280E-06,1.6986E-01
3.67320E-06,1.6889E-01
3.67360E-06,1.6693E-01
3.67400E-06,1.6693E-01
3.67440E-06,1.6693E-01
3.67480E-06,1.6889E-01
3.67520E-06,1.6693E-01
3.67560E-06,1.6889E-01
3.67600E-06,1.6889E-01
3.67640E-06,1.6596E-01
3.67680E-06,1.7084E-01
3.67720E-06,1.6693E-01
3.67760E-06,1.6889E-01
3.67800E-06,1.6889E-01
3.67840E-06,1.6986E-01
3.67880E-06,1.6693E-01
3.67920E-06,1.6693E-01
3.67960E-06,1.6693E-01
3.68000E-06,1.6596E-01
3.68040E-06,1.6693E-01
3.68080E-06,1.6889E-01
3.68120E-06,1.6596E-01
3.68160E-06,1.6693E-01
3.68200E-06,1.6986E-01
3.68240E-06,1.6693E-01
3.68280E-06,1.6596E-01
3.68320E-06,1.6693E-01
3.68360E-06,1.6693E-01
3.68400E-06,1.6986E-01
3.68440E-06,1.6889E-01
3.68480E-06,1.6791E-01
3.68520E-06,1.7084E-01
3.68560E-06,1.6693E-01
3.68600E-06,1.6889E-01
3.68640E-06,1.6986E-01
3.68680E-06,1.6889E-01
3.68720E-06,1.6791E-01
3.68760E-06,1.6791E-01
3.68800E-06,1.6693E-01
3.68840E-06,1.6889E-01
3.68880E-06,1.6889E-01
3.68920E-06,1.6693E-01
3.68960E-06,1.6791E-01
3.69000E-06,1.6889E-01
3.69040E-06,1.6791E-01
3.69080E-06,1.6693E-01
3.69120E-06,1.6889E-01
3.69160E-06,1.6791E-01
3.69200E-06,1.6986E-01
3.69240E-06,1.6791E-01
3.69280E-06,1.6889E-01
3.69320E-06,1.6986E-01
3.69360E-06,1.6596E-01
3.69400E-06,1.6986E-01
3.69440E-06,1.6889E-01
3.69480E-06,1.6596E-01
3.69520E-06,1.6791E-01
3.69560E-06,1.6596E-01
3.69600E-06,1.6693E-01
3.69640E-06,1.6498E-01
3.69680E-06,1.6889E-01
3.69720E-06,1.6400E-01
3.69760E-06,1.6596E-01
3.69800E-06,1.6400E-01
3.69840E-06,1.6791E-01
3.69880E-06,1.6889E-01
3.69920E-06,1.6596E-01
3.69960E-06,1.6596E-01
3.70000E-06,1.6596E-01
3.70040E-06,1.6889E-01
3.70080E-06,1.6889E-01
3.70120E-06,1.6596E-01
3.70160E-06,1.6693E-01
3.70200E-06,1.6693E-01
3.70240E-06,1.6889E-01
3.70280E-06,1.6693E-01
3.70320E-06,1.6986E-01
3.70360E-06,1.6889E-01
3.70400E-06,1.6889E-01
3.70440E-06,1.6791E-01
3.70480E-06,1.6693E-01
3.70520E-06,1.6889E-01
3.70560E-06,1.6596E-01
3.70600E-06,1.6986E-01
3.70640E-06,1.6596E-01
3.70680E-06,1.6791E-01
3.70720E-06,1.6986E-01
3.70760E-06,1.6693E-01
3.70800E-06,1.6693E-01
3.70840E-06,1.6791E-01
3.70880E-06,1.6791E-01
3.70920E-06,1.6596E-01
3.70960E-06,1.6986E-01
3.71000E-06,1.6693E-01
3.71040E-06,1.6693E-01
3.71080E-06,1.6986E-01
3.71120E-06,1.6596E-01
3.71160E-06,1.7084E-01
3.71200E-06,1.6791E-01
3.71240E-06,1.6791E-01
3.71280E-06,1.6791E-01
3.71320E-06,1.6791E-01
3.71360E-06,1.6693E-01
3.71400E-06,1.6791E-01
3.71440E-06,1.7182E-01
3.71480E-06,1.6596E-01
3.71520E-06,1.6986E-01
3.71560E-06,1.6889E-01
3.71600E-06,1.6596E-01
3.71640E-06,1.6596E-01
3.71680E-06,1.6791E-01
3.71720E-06,1.6596E-01
3.71760E-06,1.6693E-01
3.71800E-06,1.6889E-01
3.71840E-06,1.6791E-01
3.71880E-06,1.6791E-01
3.71920E-06,1.6986E-01
3.71960E-06,1.6693E-01
3.72000E-06,1.6889E-01
3.72040E-06,1.6791E-01
3.72080E-06,1.7084E-01
3.72120E-06,1.6986E-01
3.72160E-06,1.6889E-01
3.72200E-06,1.6889E-01
3.72240E-06,1.6986E-01
3.72280E-06,1.6596E-01
3.72320E-06,1.6986E-01
3.72360E-06,1.6596E-01
3.72400E-06,1.6498E-01
3.72440E-06,1.6889E-01
3.72480E-06,1.6693E-01
3.72520E-06,1.6596E-01
3.72560E-06,1.6791E-01
3.72600E-06,1.6986E-01
3.72640E-06,1.6693E-01
3.72680E-06,1.6889E-01
3.72720E-06,1.6986E-01
3.72760E-06,1.6889E-01
3.72800E-06,1.6693E-01
3.72840E-06,1.7084E-01
3.72880E-06,1.7084E-01
3.72920E-06,1.6693E-01
3.72960E-06,1.6889E-01
3.73000E-06,1.6889E-01
3.73040E-06,1.6596E-01
3.73080E-06,1.6791E-01
3.73120E-06,1.6693E-01
3.73160E-06,1.6693E-01
3.73200E-06,1.6889E-01
3.73240E-06,1.6986E-01
3.73280E-06,1.6791E-01
3.73320E-06,1.6791E-01
3.73360E-06,1.6986E-01
3.73400E-06,1.6693E-01
3.73440E-06,1.6986E-01
3.73480E-06,1.6986E-01
3.73520E-06,1.6889E-01
3.73560E-06,1.6791E-01
3.73600E-06,1.6693E-01
3.73640E-06,1.6400E-01
3.73680E-06,1.6986E-01
3.73720E-06,1.6889E-01
3.73760E-06,1.6889E-01
3.73800E-06,1.6303E-01
3.73840E-06,1.6693E-01
3.73880E-06,1.6693E-01
3.73920E-06,1.6693E-01
3.73960E-06,1.6596E-01
3.74000E-06,1.6889E-01
3.74040E-06,1.6596E-01
3.74080E-06,1.6889E-01
3.74120E-06,1.6596E-01
3.74160E-06,1.6986E-01
3.74200E-06,1.6889E-01
3.74240E-06,1.6889E-01
3.74280E-06,1.6791E-01
3.74320E-06,1.6693E-01
3.74360E-06,1.6791E-01
3.74400E-06,1.6596E-01
3.74440E-06,1.6791E-01
3.74480E-06,1.6596E-01
3.74520E-06,1.6986E-01
3.74560E-06,1.6791E-01
3.74600E-06,1.6498E-01
3.74640E-06,1.6889E-01
3.74680E-06,1.7084E-01
3.74720E-06,1.6986E-01
3.74760E-06,1.6596E-01
3.74800E-06,1.6889E-01
3.74840E-06,1.6791E-01
3.74880E-06,1.7182E-01
3.74920E-06,1.6596E-01
3.74960E-06,1.6791E-01
3.75000E-06,1.6986E-01
3.75040E-06,1.6889E-01
3.75080E-06,1.6889E-01
3.75120E-06,1.6791E-01
3.75160E-06,1.6889E-01
3.75200E-06,1.7182E-01
3.75240E-06,1.6889E-01
3.75280E-06,1.6986E-01
3.75320E-06,1.6596E-01
3.75360E-06,1.6986E-01
3.75400E-06,1.6889E-01
3.75440E-06,1.6986E-01
3.75480E-06,1.7182E-01
3.75520E-06,1.7084E-01
3.75560E-06,1.6986E-01
3.75600E-06,1.6693E-01
3.75640E-06,1.6986E-01
3.75680E-06,1.6986E-01
3.75720E-06,1.6596E-01
3.75760E-06,1.6596E-01
3.75800E-06,1.7084E-01
3.75840E-06,1.6986E-01
3.75880E-06,1.7182E-01
3.75920E-06,1.6889E-01
3.75960E-06,1.6791E-01
3.76000E-06,1.6596E-01
3.76040E-06,1.6986E-01
3.76080E-06,1.6986E-01
3.76120E-06,1.6596E-01
3.76160E-06,1.6791E-01
3.76200E-06,1.6693E-01
3.76240E-06,1.6889E-01
3.76280E-06,1.6986E-01
3.76320E-06,1.6889E-01
3.76360E-06,1.6693E-01
3.76400E-06,1.6889E-01
3.76440E-06,1.6889E-01
3.76480E-06,1.6986E-01
3.76520E-06,1.6889E-01
3.76560E-06,1.6693E-01
3.76600E-06,1.6693E-01
3.76640E-06,1.6889E-01
3.76680E-06,1.6791E-01
3.76720E-06,1.6889E-01
3.76760E-06,1.6889E-01
3.76800E-06,1.6791E-01
3.76840E-06,1.6791E-01
3.76880E-06,1.6596E-01
3.76920E-06,1.6889E-01
3.76960E-06,1.6791E-01
3.77000E-06,1.6693E-01
3.77040E-06,1.6889E-01
3.77080E-06,1.6986E-01
3.77120E-06,1.7182E-01
3.77160E-06,1.6791E-01
3.77200E-06,1.6986E-01
3.77240E-06,1.6693E-01
3.77280E-06,1.6791E-01
3.77320E-06,1.6889E-01
3.77360E-06,1.6791E-01
3.77400E-06,1.6791E-01
3.77440E-06,1.6791E-01
3.77480E-06,1.6791E-01
3.77520E-06,1.6791E-01
3.77560E-06,1.6791E-01
3.77600E-06,1.6889E-01
3.77640E-06,1.6693E-01
3.77680E-06,1.6889E-01
3.77720E-06,1.6693E-01
3.77760E-06,1.6791E-01
3.77800E-06,1.6889E-01
3.77840E-06,1.7084E-01
3.77880E-06,1.6693E-01
3.77920E-06,1.6986E-01
3.77960E-06,1.6596E-01
3.78000E-06,1.6889E-01
3.78040E-06,1.6791E-01
3.78080E-06,1.6889E-01
3.78120E-06,1.6596E-01
3.78160E-06,1.6889E-01
3.78200E-06,1.6986E-01
3.78240E-06,1.6596E-01
3.78280E-06,1.6986E-01
3.78320E-06,1.6791E-01
3.78360E-06,1.6986E-01
3.78400E-06,1.6693E-01
3.78440E-06,1.6400E-01
3.78480E-06,1.6596E-01
3.78520E-06,1.6791E-01
3.78560E-06,1.6986E-01
3.78600E-06,1.6889E-01
3.78640E-06,1.6986E-01
3.78680E-06,1.6693E-01
3.78720E-06,1.7182E-01
3.78760E-06,1.6791E-01
3.78800E-06,1.6986E-01
3.78840E-06,1.6889E-01
3.78880E-06,1.6889E-01
3.78920E-06,1.6791E-01
3.78960E-06,1.6986E-01
3.79000E-06,1.6889E-01
3.79040E-06,1.6986E-01
3.79080E-06,1.6791E-01
3.79120E-06,1.6889E-01
3.79160E-06,1.6693E-01
3.79200E-06,1.6889E-01
3.79240E-06,1.6791E-01
3.79280E-06,1.6791E-01
3.79320E-06,1.6791E-01
3.79360E-06,1.6986E-01
3.79400E-06,1.6791E-01
3.79440E-06,1.7084E-01
3.79480E-06,1.6889E-01
3.79520E-06,1.6791E-01
3.79560E-06,1.6693E-01
3.79600E-06,1.6596E-01
3.79640E-06,1.6889E-01
3.79680E-06,1.6596E-01
3.79720E-06,1.6400E-01
3.79760E-06,1.6693E-01
3.79800E-06,1.6596E-01
3.79840E-06,1.6791E-01
3.79880E-06,1.6889E-01
3.79920E-06,1.6889E-01
3.79960E-06,1.6791E-01
3.80000E-06,1.6889E-01
3.80040E-06,1.6986E-01
3.80080E-06,1.6986E-01
3.80120E-06,1.6986E-01
3.80160E-06,1.6889E-01
3.80200E-06,1.6889E-01
3.80240E-06,1.6889E-01
3.80280E-06,1.6889E-01
3.80320E-06,1.6693E-01
3.80360E-06,1.6889E-01
3.80400E-06,1.7182E-01
3.80440E-06,1.6596E-01
3.80480E-06,1.6986E-01
3.80520E-06,1.6693E-01
3.80560E-06,1.6791E-01
3.80600E-06,1.6693E-01
3.80640E-06,1.6986E-01
3.80680E-06,1.6986E-01
3.80720E-06,1.6986E-01
3.80760E-06,1.7084E-01
3.80800E-06,1.6596E-01
3.80840E-06,1.6791E-01
3.80880E-06,1.6791E-01
3.80920E-06,1.6889E-01
3.80960E-06,1.6986E-01
3.81000E-06,1.7182E-01
3.81040E-06,1.6986E-01
3.81080E-06,1.6693E-01
3.81120E-06,1.6791E-01
3.81160E-06,1.6986E-01
3.81200E-06,1.7279E-01
3.81240E-06,1.6889E-01
3.81280E-06,1.6791E-01
3.81320E-06,1.6596E-01
3.81360E-06,1.7084E-01
3.81400E-06,1.6889E-01
3.81440E-06,1.6596E-01
3.81480E-06,1.6693E-01
3.81520E-06,1.6596E-01
3.81560E-06,1.6693E-01
3.81600E-06,1.6889E-01
3.81640E-06,1.6498E-01
3.81680E-06,1.6986E-01
3.81720E-06,1.6693E-01
3.81760E-06,1.6889E-01
3.81800E-06,1.6889E-01
3.81840E-06,1.7084E-01
3.81880E-06,1.6889E-01
3.81920E-06,1.6791E-01
3.81960E-06,1.6889E-01
3.82000E-06,1.6986E-01
3.82040E-06,1.7084E-01
3.82080E-06,1.6889E-01
3.82120E-06,1.6889E-01
3.82160E-06,1.6791E-01
3.82200E-06,1.6986E-01
3.82240E-06,1.6693E-01
3.82280E-06,1.7182E-01
3.82320E-06,1.7084E-01
3.82360E-06,1.6986E-01
3.82400E-06,1.6693E-01
3.82440E-06,1.6693E-01
3.82480E-06,1.6791E-01
3.82520E-06,1.6986E-01
3.82560E-06,1.6889E-01
3.82600E-06,1.6791E-01
3.82640E-06,1.6791E-01
3.82680E-06,1.6889E-01
3.82720E-06,1.6889E-01
3.82760E-06,1.6596E-01
3.82800E-06,1.6889E-01
3.82840E-06,1.6889E-01
3.82880E-06,1.6986E-01
3.82920E-06,1.7084E-01
3.82960E-06,1.6596E-01
3.83000E-06,1.6791E-01
3.83040E-06,1.6986E-01
3.83080E-06,1.6498E-01
3.83120E-06,1.7279E-01
3.83160E-06,1.6986E-01
3.83200E-06,1.6693E-01
3.83240E-06,1.6596E-01
3.83280E-06,1.6986E-01
3.83320E-06,1.6889E-01
3.83360E-06,1.6693E-01
3.83400E-06,1.6986E-01
3.83440E-06,1.6693E-01
3.83480E-06,1.6791E-01
3.83520E-06,1.6986E-01
3.83560E-06,1.6596E-01
3.83600E-06,1.6596E-01
3.83640E-06,1.6889E-01
3.83680E-06,1.6693E-01
3.83720E-06,1.6596E-01
3.83760E-06,1.6791E-01
3.83800E-06,1.6791E-01
3.83840E-06,1.6791E-01
3.83880E-06,1.6889E-01
3.83920E-06,1.7182E-01
3.83960E-06,1.6986E-01
3.84000E-06,1.6791E-01
3.84040E-06,1.6791E-01
3.84080E-06,1.6596E-01
3.84120E-06,1.6986E-01
3.84160E-06,1.6791E-01
3.84200E-06,1.6889E-01
3.84240E-06,1.6791E-01
3.84280E-06,1.6986E-01
3.84320E-06,1.7182E-01
3.84360E-06,1.6693E-01
3.84400E-06,1.6986E-01
3.84440E-06,1.6693E-01
3.84480E-06,1.6986E-01
3.84520E-06,1.6596E-01
3.84560E-06,1.7084E-01
3.84600E-06,1.6791E-01
3.84640E-06,1.6400E-01
3.84680E-06,1.7084E-01
3.84720E-06,1.6791E-01
3.84760E-06,1.6693E-01
3.84800E-06,1.6596E-01
3.84840E-06,1.6889E-01
3.84880E-06,1.6791E-01
3.84920E-06,1.6596E-01
3.84960E-06,1.6791E-01
3.85000E-06,1.6889E-01
3.85040E-06,1.6889E-01
3.85080E-06,1.6693E-01
3.85120E-06,1.6791E-01
3.85160E-06,1.6693E-01
3.85200E-06,1.6986E-01
3.85240E-06,1.6889E-01
3.85280E-06,1.6889E-01
3.85320E-06,1.6693E-01
3.85360E-06,1.7182E-01
3.85400E-06,1.6986E-01
3.85440E-06,1.7182E-01
3.85480E-06,1.6986E-01
3.85520E-06,1.6791E-01
3.85560E-06,1.6889E-01
3.85600E-06,1.6986E-01
3.85640E-06,1.6693E-01
3.85680E-06,1.6889E-01
3.85720E-06,1.6889E-01
3.85760E-06,1.7084E-01
3.85800E-06,1.6791E-01
3.85840E-06,1.6791E-01
3.85880E-06,1.6889E-01
3.85920E-06,1.6400E-01
3.85960E-06,1.6693E-01
3.86000E-06,1.6596E-01
3.86040E-06,1.6986E-01
3.86080E-06,1.6596E-01
3.86120E-06,1.6889E-01
3.86160E-06,1.6889E-01
3.86200E-06,1.6596E-01
3.86240E-06,1.6889E-01
3.86280E-06,1.6596E-01
3.86320E-06,1.6889E-01
3.86360E-06,1.6986E-01
3.86400E-06,1.7279E-01
3.86440E-06,1.6693E-01
3.86480E-06,1.6791E-01
3.86520E-06,1.6596E-01
3.86560E-06,1.6889E-01
3.86600E-06,1.6303E-01
3.86640E-06,1.6596E-01
3.86680E-06,1.6596E-01
3.86720E-06,1.6791E-01
3.86760E-06,1.6596E-01
3.86800E-06,1.7182E-01
3.86840E-06,1.6693E-01
3.86880E-06,1.6986E-01
3.86920E-06,1.6889E-01
3.86960E-06,1.6889E-01
3.87000E-06,1.6693E-01
3.87040E-06,1.6791E-01
3.87080E-06,1.6889E-01
3.87120E-06,1.6889E-01
3.87160E-06,1.6693E-01
3.87200E-06,1.6693E-01
3.87240E-06,1.6791E-01
3.87280E-06,1.6596E-01
3.87320E-06,1.6791E-01
3.87360E-06,1.6889E-01
3.87400E-06,1.6693E-01
3.87440E-06,1.6791E-01
3.87480E-06,1.6889E-01
3.87520E-06,1.6986E-01
3.87560E-06,1.6596E-01
3.87600E-06,1.6889E-01
3.87640E-06,1.7084E-01
3.87680E-06,1.6693E-01
3.87720E-06,1.6596E-01
3.87760E-06,1.6693E-01
3.87800E-06,1.7084E-01
3.87840E-06,1.6889E-01
3.87880E-06,1.6986E-01
3.87920E-06,1.7182E-01
3.87960E-06,1.6791E-01
3.88000E-06,1.6986E-01
3.88040E-06,1.6791E-01
3.88080E-06,1.6889E-01
3.88120E-06,1.6791E-01
3.88160E-06,1.6889E-01
3.88200E-06,1.6693E-01
3.88240E-06,1.6596E-01
3.88280E-06,1.6596E-01
3.88320E-06,1.6693E-01
3.88360E-06,1.6596E-01
3.88400E-06,1.6693E-01
3.88440E-06,1.6889E-01
3.88480E-06,1.6596E-01
3.88520E-06,1.7084E-01
3.88560E-06,1.7182E-01
3.88600E-06,1.6986E-01
3.88640E-06,1.6791E-01
3.88680E-06,1.6791E-01
3.88720E-06,1.6889E-01
3.88760E-06,1.6791E-01
3.88800E-06,1.7182E-01
3.88840E-06,1.6889E-01
3.88880E-06,1.6889E-01
3.88920E-06,1.6791E-01
3.88960E-06,1.6889E-01
3.89000E-06,1.6986E-01
3.89040E-06,1.6986E-01
3.89080E-06,1.6986E-01
3.89120E-06,1.6889E-01
3.89160E-06,1.6693E-01
3.89200E-06,1.6596E-01
3.89240E-06,1.6986E-01
3.89280E-06,1.6889E-01
3.89320E-06,1.6791E-01
3.89360E-06,1.6986E-01
3.89400E-06,1.6693E-01
3.89440E-06,1.6889E-01
3.89480E-06,1.6889E-01
3.89520E-06,1.6889E-01
3.89560E-06,1.6693E-01
3.89600E-06,1.6986E-01
3.89640E-06,1.6986E-01
3.89680E-06,1.7084E-01
3.89720E-06,1.6986E-01
3.89760E-06,1.6693E-01
3.89800E-06,1.6791E-01
3.89840E-06,1.6498E-01
3.89880E-06,1.6791E-01
3.89920E-06,1.7279E-01
3.89960E-06,1.6303E-01
3.90000E-06,1.6791E-01
3.90040E-06,1.6693E-01
3.90080E-06,1.6791E-01
3.90120E-06,1.6889E-01
3.90160E-06,1.6693E-01
3.90200E-06,1.6596E-01
3.90240E-06,1.6596E-01
3.90280E-06,1.6791E-01
3.90320E-06,1.6986E-01
3.90360E-06,1.6596E-01
3.90400E-06,1.6791E-01
3.90440E-06,1.6693E-01
3.90480E-06,1.6596E-01
3.90520E-06,1.6791E-01
3.90560E-06,1.6693E-01
3.90600E-06,1.7084E-01
3.90640E-06,1.6889E-01
3.90680E-06,1.6596E-01
3.90720E-06,1.6986E-01
3.90760E-06,1.7182E-01
3.90800E-06,1.6693E-01
3.90840E-06,1.6889E-01
3.90880E-06,1.6889E-01
3.90920E-06,1.6889E-01
3.90960E-06,1.6791E-01
3.91000E-06,1.6596E-01
3.91040E-06,1.6889E-01
3.91080E-06,1.6986E-01
3.91120E-06,1.6889E-01
3.91160E-06,1.6693E-01
3.91200E-06,1.6986E-01
3.91240E-06,1.7084E-01
3.91280E-06,1.6889E-01
3.91320E-06,1.6693E-01
3.91360E-06,1.6791E-01
3.91400E-06,1.6986E-01
3.91440E-06,1.6986E-01
3.91480E-06,1.6889E-01
3.91520E-06,1.6693E-01
3.91560E-06,1.6889E-01
3.91600E-06,1.7279E-01
3.91640E-06,1.6986E-01
3.91680E-06,1.6986E-01
3.91720E-06,1.6889E-01
3.91760E-06,1.6400E-01
3.91800E-06,1.6889E-01
3.91840E-06,1.6596E-01
3.91880E-06,1.6791E-01
3.91920E-06,1.6791E-01
3.91960E-06,1.6889E-01
3.92000E-06,1.6889E-01
3.92040E-06,1.6693E-01
3.92080E-06,1.6889E-01
3.92120E-06,1.6889E-01
3.92160E-06,1.6986E-01
3.92200E-06,1.6791E-01
3.92240E-06,1.6986E-01
3.92280E-06,1.6986E-01
3.92320E-06,1.6889E-01
3.92360E-06,1.6693E-01
3.92400E-06,1.6791E-01
3.92440E-06,1.6791E-01
3.92480E-06,1.6596E-01
3.92520E-06,1.6889E-01
3.92560E-06,1.7182E-01
3.92600E-06,1.6791E-01
3.92640E-06,1.7182E-01
3.92680E-06,1.6596E-01
3.92720E-06,1.7084E-01
3.92760E-06,1.6791E-01
3.92800E-06,1.6889E-01
3.92840E-06,1.6986E-01
3.92880E-06,1.6986E-01
3.92920E-06,1.6889E-01
3.92960E-06,1.6693E-01
3.93000E-06,1.6693E-01
3.93040E-06,1.6596E-01
3.93080E-06,1.6889E-01
3.93120E-06,1.6986E-01
3.93160E-06,1.6596E-01
3.93200E-06,1.6791E-01
3.93240E-06,1.6791E-01
3.93280E-06,1.6986E-01
3.93320E-06,1.6791E-01
3.93360E-06,1.6693E-01
3.93400E-06,1.6693E-01
3.93440E-06,1.6889E-01
3.93480E-06,1.6498E-01
3.93520E-06,1.6889E-01
3.93560E-06,1.6889E-01
3.93600E-06,1.6986E-01
3.93640E-06,1.6693E-01
3.93680E-06,1.6889E-01
3.93720E-06,1.6889E-01
3.93760E-06,1.6791E-01
3.93800E-06,1.7182E-01
3.93840E-06,1.6986E-01
3.93880E-06,1.7084E-01
3.93920E-06,1.7084E-01
3.93960E-06,1.6889E-01
3.94000E-06,1.7084E-01
3.94040E-06,1.6596E-01
3.94080E-06,1.6693E-01
3.94120E-06,1.6889E-01
3.94160E-06,1.7182E-01
3.94200E-06,1.6791E-01
3.94240E-06,1.6889E-01
3.94280E-06,1.6596E-01
3.94320E-06,1.6693E-01
3.94360E-06,1.6889E-01
3.94400E-06,1.6889E-01
3.94440E-06,1.6986E-01
3.94480E-06,1.7084E-01
3.94520E-06,1.6986E-01
3.94560E-06,1.6986E-01
3.94600E-06,1.6693E-01
3.94640E-06,1.6889E-01
3.94680E-06,1.6791E-01
3.94720E-06,1.6889E-01
3.94760E-06,1.6986E-01
3.94800E-06,1.6596E-01
3.94840E-06,1.6791E-01
3.94880E-06,1.6693E-01
3.94920E-06,1.6986E-01
3.94960E-06,1.6693E-01
3.95000E-06,1.6693E-01
3.95040E-06,1.6596E-01
3.95080E-06,1.6596E-01
3.95120E-06,1.6791E-01
3.95160E-06,1.6986E-01
3.95200E-06,1.6986E-01
3.95240E-06,1.6986E-01
3.95280E-06,1.6889E-01
3.95320E-06,1.6986E-01
3.95360E-06,1.6693E-01
3.95400E-06,1.6889E-01
3.95440E-06,1.7182E-01
3.95480E-06,1.6986E-01
3.95520E-06,1.6986E-01
3.95560E-06,1.6889E-01
3.95600E-06,1.6498E-01
3.95640E-06,1.6986E-01
3.95680E-06,1.7182E-01
3.95720E-06,1.6889E-01
3.95760E-06,1.7279E-01
3.95800E-06,1.6889E-01
3.95840E-06,1.7084E-01
3.95880E-06,1.7084E-01
3.95920E-06,1.6986E-01
3.95960E-06,1.6889E-01
3.96000E-06,1.6791E-01
3.96040E-06,1.6693E-01
3.96080E-06,1.6986E-01
3.96120E-06,1.6986E-01
3.96160E-06,1.6791E-01
3.96200E-06,1.6693E-01
3.96240E-06,1.6889E-01
3.96280E-06,1.6986E-01
3.96320E-06,1.6986E-01
3.96360E-06,1.7084E-01
3.96400E-06,1.6889E-01
3.96440E-06,1.6986E-01
3.96480E-06,1.7084E-01
3.96520E-06,1.6986E-01
3.96560E-06,1.6986E-01
3.96600E-06,1.6889E-01
3.96640E-06,1.6791E-01
3.96680E-06,1.6889E-01
3.96720E-06,1.6986E-01
3.96760E-06,1.6986E-01
3.96800E-06,1.6791E-01
3.96840E-06,1.7279E-01
3.96880E-06,1.6693E-01
3.96920E-06,1.6693E-01
3.96960E-06,1.6986E-01
3.97000E-06,1.6596E-01
3.97040E-06,1.6889E-01
3.97080E-06,1.6986E-01
3.97120E-06,1.7084E-01
3.97160E-06,1.7279E-01
3.97200E-06,1.6889E-01
3.97240E-06,1.6693E-01
3.97280E-06,1.6986E-01
3.97320E-06,1.7182E-01
3.97360E-06,1.6986E-01
3.97400E-06,1.7182E-01
3.97440E-06,1.6693E-01
3.97480E-06,1.6986E-01
3.97520E-06,1.7279E-01
3.97560E-06,1.6889E-01
3.97600E-06,1.7084E-01
3.97640E-06,1.6889E-01
3.97680E-06,1.6986E-01
3.97720E-06,1.6986E-01
3.97760E-06,1.6986E-01
3.97800E-06,1.6889E-01
3.97840E-06,1.6889E-01
3.97880E-06,1.7084E-01
3.97920E-06,1.6986E-01
3.97960E-06,1.6889E-01
3.98000E-06,1.6986E-01
3.98040E-06,1.6889E-01
3.98080E-06,1.7084E-01
3.98120E-06,1.6986E-01
3.98160E-06,1.7182E-01
3.98200E-06,1.6986E-01
3.98240E-06,1.6986E-01
3.98280E-06,1.6986E-01
3.98320E-06,1.7182E-01
3.98360E-06,1.6889E-01
3.98400E-06,1.6889E-01
3.98440E-06,1.6986E-01
3.98480E-06,1.7182E-01
3.98520E-06,1.7377E-01
3.98560E-06,1.6791E-01
3.98600E-06,1.7084E-01
3.98640E-06,1.6889E-01
3.98680E-06,1.6986E-01
3.98720E-06,1.6791E-01
3.98760E-06,1.6986E-01
3.98800E-06,1.6498E-01
3.98840E-06,1.6986E-01
3.98880E-06,1.6986E-01
3.98920E-06,1.7084E-01
3.98960E-06,1.7279E-01
3.99000E-06,1.7084E-01
3.99040E-06,1.7182E-01
3.99080E-06,1.6889E-01
3.99120E-06,1.7182E-01
3.99160E-06,1.6986E-01
3.99200E-06,1.7279E-01
3.99240E-06,1.6986E-01
3.99280E-06,1.6889E-01
3.99320E-06,1.7084E-01
3.99360E-06,1.6986E-01
3.99400E-06,1.7084E-01
3.99440E-06,1.6986E-01
3.99480E-06,1.6986E-01
3.99520E-06,1.6986E-01
3.99560E-06,1.7084E-01
3.99600E-06,1.7279E-01
3.99640E-06,1.7084E-01
3.99680E-06,1.7182E-01
3.99720E-06,1.6791E-01
3.99760E-06,1.7182E-01
3.99800E-06,1.6693E-01
3.99840E-06,1.7084E-01
3.99880E-06,1.7182E-01
3.99920E-06,1.6693E-01
3.99960E-06,1.6986E-01
4.00000E-06,1.6693E-01
4.00040E-06,1.6986E-01
4.00080E-06,1.6986E-01
4.00120E-06,1.6986E-01
4.00160E-06,1.6889E-01
4.00200E-06,1.7084E-01
4.00240E-06,1.6986E-01
4.00280E-06,1.6889E-01
4.00320E-06,1.6986E-01
4.00360E-06,1.6889E-01
4.00400E-06,1.7182E-01
4.00440E-06,1.6791E-01
4.00480E-06,1.7377E-01
4.00520E-06,1.6791E-01
4.00560E-06,1.6986E-01
4.00600E-06,1.7084E-01
4.00640E-06,1.6889E-01
4.00680E-06,1.6693E-01
4.00720E-06,1.6693E-01
4.00760E-06,1.7084E-01
4.00800E-06,1.6986E-01
4.00840E-06,1.7084E-01
4.00880E-06,1.7279E-01
4.00920E-06,1.7182E-01
4.00960E-06,1.6986E-01
4.01000E-06,1.6986E-01
4.01040E-06,1.7084E-01
4.01080E-06,1.6693E-01
4.01120E-06,1.7182E-01
4.01160E-06,1.6986E-01
4.01200E-06,1.6986E-01
4.01240E-06,1.7279E-01
4.01280E-06,1.7182E-01
4.01320E-06,1.7182E-01
4.01360E-06,1.6791E-01
4.01400E-06,1.7377E-01
4.01440E-06,1.6889E-01
4.01480E-06,1.6986E-01
4.01520E-06,1.7182E-01
4.01560E-06,1.6791E-01
4.01600E-06,1.6986E-01
4.01640E-06,1.7279E-01
4.01680E-06,1.6986E-01
4.01720E-06,1.6791E-01
4.01760E-06,1.7084E-01
4.01800E-06,1.6986E-01
4.01840E-06,1.6986E-01
4.01880E-06,1.6791E-01
4.01920E-06,1.6889E-01
4.01960E-06,1.6889E-01
4.02000E-06,1.6889E-01
4.02040E-06,1.6986E-01
4.02080E-06,1.7084E-01
4.02120E-06,1.6889E-01
4.02160E-06,1.7182E-01
4.02200E-06,1.7084E-01
4.02240E-06,1.7279E-01
4.02280E-06,1.7182E-01
4.02320E-06,1.7182E-01
4.02360E-06,1.6596E-01
4.02400E-06,1.7084E-01
4.02440E-06,1.6693E-01
4.02480E-06,1.7182E-01
4.02520E-06,1.6986E-01
4.02560E-06,1.6889E-01
4.02600E-06,1.6986E-01
4.02640E-06,1.7084E-01
4.02680E-06,1.6986E-01
4.02720E-06,1.7279E-01
4.02760E-06,1.7182E-01
4.02800E-06,1.7084E-01
4.02840E-06,1.6791E-01
4.02880E-06,1.7182E-01
4.02920E-06,1.7182E-01
4.02960E-06,1.6986E-01
4.03000E-06,1.7182E-01
4.03040E-06,1.6986E-01
4.03080E-06,1.7084E-01
4.03120E-06,1.7182E-01
4.03160E-06,1.7279E-01
4.03200E-06,1.7279E-01
4.03240E-06,1.7084E-01
4.03280E-06,1.7182E-01
4.03320E-06,1.7279E-01
4.03360E-06,1.7377E-01
4.03400E-06,1.6986E-01
4.03440E-06,1.7377E-01
4.03480E-06,1.7084E-01
4.03520E-06,1.7182E-01
4.03560E-06,1.7279E-01
4.03600E-06,1.6889E-01
4.03640E-06,1.6986E-01
4.03680E-06,1.7182E-01
4.03720E-06,1.6986E-01
4.03760E-06,1.7279E-01
4.03800E-06,1.6889E-01
4.03840E-06,1.6986E-01
4.03880E-06,1.6889E-01
4.03920E-06,1.6986E-01
4.03960E-06,1.7084E-01
4.04000E-06,1.6791E-01
4.04040E-06,1.6889E-01
4.04080E-06,1.7084E-01
4.04120E-06,1.7182E-01
4.04160E-06,1.6986E-01
4.04200E-06,1.6889E-01
4.04240E-06,1.7084E-01
4.04280E-06,1.6889E-01
4.04320E-06,1.7084E-01
4.04360E-06,1.6986E-01
4.04400E-06,1.7279E-01
4.04440E-06,1.6986E-01
4.04480E-06,1.6889E-01
4.04520E-06,1.6791E-01
4.04560E-06,1.7084E-01
4.04600E-06,1.6986E-01
4.04640E-06,1.6986E-01
4.04680E-06,1.6889E-01
4.04720E-06,1.6986E-01
4.04760E-06,1.7182E-01
4.04800E-06,1.6986E-01
4.04840E-06,1.6791E-01
4.04880E-06,1.7279E-01
4.04920E-06,1.6889E-01
4.04960E-06,1.7084E-01
4.05000E-06,1.6986E-01
4.05040E-06,1.6889E-01
4.05080E-06,1.6986E-01
4.05120E-06,1.7182E-01
4.05160E-06,1.7279E-01
4.05200E-06,1.7279E-01
4.05240E-06,1.6986E-01
4.05280E-06,1.7084E-01
4.05320E-06,1.6889E-01
4.05360E-06,1.7084E-01
4.05400E-06,1.6693E-01
4.05440E-06,1.6986E-01
4.05480E-06,1.6889E-01
4.05520E-06,1.6986E-01
4.05560E-06,1.6596E-01
4.05600E-06,1.6791E-01
4.05640E-06,1.6889E-01
4.05680E-06,1.6986E-01
4.05720E-06,1.6986E-01
4.05760E-06,1.6986E-01
4.05800E-06,1.7377E-01
4.05840E-06,1.6791E-01
4.05880E-06,1.7182E-01
4.05920E-06,1.6986E-01
4.05960E-06,1.7279E-01
4.06000E-06,1.6693E-01
4.06040E-06,1.6791E-01
4.06080E-06,1.6889E-01
4.06120E-06,1.6986E-01
4.06160E-06,1.6986E-01
4.06200E-06,1.6986E-01
4.06240E-06,1.6986E-01
4.06280E-06,1.6986E-01
4.06320E-06,1.7084E-01
4.06360E-06,1.6986E-01
4.06400E-06,1.6791E-01
4.06440E-06,1.6889E-01
4.06480E-06,1.6693E-01
4.06520E-06,1.6693E-01
4.06560E-06,1.6986E-01
4.06600E-06,1.6986E-01
4.06640E-06,1.7084E-01
4.06680E-06,1.6986E-01
4.06720E-06,1.6889E-01
4.06760E-06,1.6986E-01
4.06800E-06,1.7084E-01
4.06840E-06,1.6889E-01
4.06880E-06,1.7182E-01
4.06920E-06,1.6693E-01
4.06960E-06,1.6986E-01
4.07000E-06,1.7182E-01
4.07040E-06,1.7279E-01
4.07080E-06,1.6791E-01
4.07120E-06,1.6791E-01
4.07160E-06,1.6986E-01
4.07200E-06,1.7279E-01
4.07240E-06,1.6791E-01
4.07280E-06,1.7084E-01
4.07320E-06,1.6889E-01
4.07360E-06,1.7084E-01
4.07400E-06,1.6596E-01
4.07440E-06,1.7182E-01
4.07480E-06,1.6693E-01
4.07520E-06,1.6986E-01
4.07560E-06,1.6693E-01
4.07600E-06,1.7182E-01
4.07640E-06,1.6986E-01
4.07680E-06,1.6986E-01
4.07720E-06,1.6889E-01
4.07760E-06,1.6400E-01
4.07800E-06,1.7084E-01
4.07840E-06,1.6986E-01
4.07880E-06,1.6693E-01
4.07920E-06,1.6986E-01
4.07960E-06,1.6986E-01
4.08000E-06,1.6889E-01
4.08040E-06,1.6596E-01
4.08080E-06,1.6791E-01
4.08120E-06,1.7084E-01
4.08160E-06,1.6400E-01
4.08200E-06,1.6986E-01
4.08240E-06,1.6986E-01
4.08280E-06,1.6596E-01
4.08320E-06,1.6986E-01
4.08360E-06,1.6986E-01
4.08400E-06,1.6986E-01
4.08440E-06,1.6596E-01
4.08480E-06,1.6596E-01
4.08520E-06,1.6889E-01
4.08560E-06,1.7279E-01
4.08600E-06,1.6693E-01
4.08640E-06,1.6889E-01
4.08680E-06,1.6693E-01
4.08720E-06,1.6889E-01
4.08760E-06,1.6791E-01
4.08800E-06,1.6889E-01
4.08840E-06,1.6791E-01
4.08880E-06,1.6791E-01
4.08920E-06,1.6889E-01
4.08960E-06,1.6596E-01
4.09000E-06,1.6986E-01
4.09040E-06,1.6889E-01
4.09080E-06,1.7084E-01
4.09120E-06,1.6986E-01
4.09160E-06,1.6791E-01
4.09200E-06,1.6498E-01
4.09240E-06,1.6791E-01
4.09280E-06,1.6986E-01
4.09320E-06,1.6596E-01
4.09360E-06,1.7084E-01
4.09400E-06,1.6596E-01
4.09440E-06,1.7182E-01
4.09480E-06,1.6986E-01
4.09520E-06,1.6693E-01
4.09560E-06,1.7084E-01
4.09600E-06,1.7182E-01
4.09640E-06,1.7279E-01
4.09680E-06,1.6791E-01
4.09720E-06,1.6986E-01
4.09760E-06,1.6986E-01
4.09800E-06,1.6596E-01
4.09840E-06,1.6986E-01
4.09880E-06,1.6986E-01
4.09920E-06,1.7084E-01
4.09960E-06,1.6986E-01
4.10000E-06,1.6889E-01
4.10040E-06,1.6596E-01
4.10080E-06,1.6986E-01
4.10120E-06,1.6889E-01
4.10160E-06,1.6986E-01
4.10200E-06,1.6693E-01
4.10240E-06,1.6791E-01
4.10280E-06,1.6596E-01
4.10320E-06,1.6693E-01
4.10360E-06,1.6986E-01
4.10400E-06,1.7182E-01
4.10440E-06,1.6986E-01
4.10480E-06,1.6791E-01
4.10520E-06,1.6986E-01
4.10560E-06,1.7084E-01
4.10600E-06,1.6596E-01
4.10640E-06,1.6791E-01
4.10680E-06,1.6693E-01
4.10720E-06,1.6889E-01
4.10760E-06,1.6596E-01
4.10800E-06,1.6693E-01
4.10840E-06,1.6889E-01
4.10880E-06,1.6596E-01
4.10920E-06,1.6791E-01
4.10960E-06,1.6791E-01
4.11000E-06,1.6986E-01
4.11040E-06,1.6791E-01
4.11080E-06,1.6693E-01
4.11120E-06,1.6889E-01
4.11160E-06,1.6693E-01
4.11200E-06,1.6791E-01
4.11240E-06,1.6693E-01
4.11280E-06,1.7084E-01
4.11320E-06,1.6693E-01
4.11360E-06,1.6596E-01
4.11400E-06,1.6693E-01
4.11440E-06,1.6791E-01
4.11480E-06,1.6889E-01
4.11520E-06,1.6889E-01
4.11560E-06,1.6889E-01
4.11600E-06,1.6986E-01
4.11640E-06,1.6986E-01
4.11680E-06,1.6693E-01
4.11720E-06,1.6791E-01
4.11760E-06,1.6986E-01
4.11800E-06,1.6791E-01
4.11840E-06,1.6986E-01
4.11880E-06,1.6693E-01
4.11920E-06,1.6791E-01
4.11960E-06,1.6889E-01
4.12000E-06,1.7084E-01
4.12040E-06,1.6889E-01
4.12080E-06,1.6986E-01
4.12120E-06,1.6596E-01
4.12160E-06,1.6791E-01
4.12200E-06,1.6986E-01
4.12240E-06,1.6791E-01
4.12280E-06,1.6596E-01
4.12320E-06,1.6693E-01
4.12360E-06,1.6693E-01
4.12400E-06,1.6596E-01
4.12440E-06,1.6986E-01
4.12480E-06,1.6693E-01
4.12520E-06,1.6889E-01
4.12560E-06,1.6889E-01
4.12600E-06,1.6889E-01
4.12640E-06,1.6889E-01
4.12680E-06,1.6986E-01
4.12720E-06,1.6986E-01
4.12760E-06,1.6791E-01
4.12800E-06,1.6693E-01
4.12840E-06,1.6693E-01
4.12880E-06,1.6791E-01
4.12920E-06,1.6986E-01
4.12960E-06,1.6986E-01
4.13000E-06,1.6986E-01
4.13040E-06,1.7279E-01
4.13080E-06,1.6889E-01
4.13120E-06,1.6693E-01
4.13160E-06,1.6596E-01
4.13200E-06,1.6986E-01
4.13240E-06,1.6791E-01
4.13280E-06,1.6791E-01
4.13320E-06,1.6693E-01
4.13360E-06,1.6791E-01
4.13400E-06,1.6986E-01
4.13440E-06,1.6596E-01
4.13480E-06,1.7182E-01
4.13520E-06,1.6986E-01
4.13560E-06,1.6596E-01
4.13600E-06,1.6693E-01
4.13640E-06,1.7084E-01
4.13680E-06,1.6986E-01
4.13720E-06,1.6693E-01
4.13760E-06,1.6889E-01
4.13800E-06,1.6596E-01
4.13840E-06,1.6889E-01
4.13880E-06,1.6889E-01
4.13920E-06,1.7182E-01
4.13960E-06,1.6986E-01
4.14000E-06,1.6889E-01
4.14040E-06,1.6889E-01
4.14080E-06,1.6889E-01
4.14120E-06,1.7182E-01
4.14160E-06,1.6791E-01
4.14200E-06,1.6986E-01
4.14240E-06,1.6693E-01
4.14280E-06,1.6889E-01
4.14320E-06,1.6693E-01
4.14360E-06,1.6693E-01
4.14400E-06,1.6889E-01
4.14440E-06,1.6791E-01
4.14480E-06,1.6889E-01
4.14520E-06,1.6693E-01
4.14560E-06,1.6693E-01
4.14600E-06,1.6693E-01
4.14640E-06,1.6986E-01
4.14680E-06,1.6986E-01
4.14720E-06,1.6596E-01
4.14760E-06,1.6596E-01
4.14800E-06,1.6498E-01
4.14840E-06,1.7084E-01
4.14880E-06,1.6596E-01
4.14920E-06,1.6596E-01
4.14960E-06,1.6693E-01
4.15000E-06,1.6693E-01
4.15040E-06,1.6889E-01
4.15080E-06,1.6596E-01
4.15120E-06,1.6693E-01
4.15160E-06,1.6889E-01
4.15200E-06,1.6693E-01
4.15240E-06,1.6791E-01
4.15280E-06,1.6889E-01
4.15320E-06,1.6693E-01
4.15360E-06,1.6791E-01
4.15400E-06,1.6596E-01
4.15440E-06,1.6791E-01
4.15480E-06,1.6986E-01
4.15520E-06,1.6791E-01
4.15560E-06,1.6889E-01
4.15600E-06,1.6791E-01
4.15640E-06,1.6693E-01
4.15680E-06,1.6889E-01
4.15720E-06,1.6596E-01
4.15760E-06,1.6791E-01
4.15800E-06,1.6889E-01
4.15840E-06,1.6791E-01
4.15880E-06,1.6596E-01
4.15920E-06,1.6889E-01
4.15960E-06,1.7279E-01
4.16000E-06,1.6889E-01
4.16040E-06,1.6693E-01
4.16080E-06,1.6596E-01
4.16120E-06,1.6693E-01
4.16160E-06,1.6791E-01
4.16200E-06,1.6889E-01
4.16240E-06,1.6791E-01
4.16280E-06,1.6303E-01
4.16320E-06,1.6791E-01
4.16360E-06,1.6791E-01
4.16400E-06,1.6693E-01
4.16440E-06,1.6596E-01
4.16480E-06,1.6596E-01
4.16520E-06,1.6986E-01
4.16560E-06,1.6693E-01
4.16600E-06,1.6986E-01
4.16640E-06,1.6791E-01
4.16680E-06,1.6889E-01
4.16720E-06,1.6986E-01
4.16760E-06,1.7084E-01
4.16800E-06,1.6889E-01
4.16840E-06,1.6986E-01
4.16880E-06,1.6498E-01
4.16920E-06,1.6693E-01
4.16960E-06,1.6596E-01
4.17000E-06,1.6400E-01
4.17040E-06,1.6693E-01
4.17080E-06,1.6303E-01
4.17120E-06,1.6596E-01
4.17160E-06,1.7084E-01
4.17200E-06,1.6791E-01
4.17240E-06,1.6791E-01
4.17280E-06,1.6889E-01
4.17320E-06,1.6791E-01
4.17360E-06,1.6693E-01
4.17400E-06,1.6596E-01
4.17440E-06,1.6596E-01
4.17480E-06,1.6986E-01
4.17520E-06,1.6596E-01
4.17560E-06,1.6693E-01
4.17600E-06,1.6986E-01
4.17640E-06,1.6498E-01
4.17680E-06,1.6986E-01
4.17720E-06,1.6889E-01
4.17760E-06,1.7182E-01
4.17800E-06,1.6693E-01
4.17840E-06,1.6693E-01
4.17880E-06,1.6889E-01
4.17920E-06,1.6693E-01
4.17960E-06,1.7182E-01
4.18000E-06,1.6986E-01
4.18040E-06,1.6889E-01
4.18080E-06,1.6986E-01
4.18120E-06,1.6596E-01
4.18160E-06,1.6986E-01
4.18200E-06,1.6693E-01
4.18240E-06,1.6889E-01
4.18280E-06,1.6693E-01
4.18320E-06,1.6791E-01
4.18360E-06,1.6791E-01
4.18400E-06,1.6596E-01
4.18440E-06,1.6889E-01
4.18480E-06,1.6986E-01
4.18520E-06,1.6498E-01
4.18560E-06,1.6889E-01
4.18600E-06,1.6693E-01
4.18640E-06,1.6889E-01
4.18680E-06,1.6986E-01
4.18720E-06,1.6596E-01
4.18760E-06,1.6986E-01
4.18800E-06,1.6889E-01
4.18840E-06,1.6693E-01
4.18880E-06,1.6889E-01
4.18920E-06,1.6791E-01
4.18960E-06,1.6986E-01
4.19000E-06,1.6596E-01
4.19040E-06,1.7084E-01
4.19080E-06,1.6596E-01
4.19120E-06,1.6693E-01
4.19160E-06,1.6791E-01
4.19200E-06,1.6596E-01
4.19240E-06,1.6693E-01
4.19280E-06,1.6498E-01
4.19320E-06,1.6596E-01
4.19360E-06,1.6693E-01
4.19400E-06,1.6889E-01
4.19440E-06,1.6986E-01
4.19480E-06,1.6791E-01
4.19520E-06,1.6791E-01
4.19560E-06,1.6889E-01
4.19600E-06,1.6693E-01
4.19640E-06,1.6791E-01
4.19680E-06,1.6791E-01
4.19720E-06,1.6791E-01
4.19760E-06,1.6986E-01
4.19800E-06,1.6889E-01
4.19840E-06,1.6791E-01
4.19880E-06,1.6596E-01
4.19920E-06,1.6889E-01
4.19960E-06,1.6693E-01
4.20000E-06,1.6693E-01
4.20040E-06,1.6889E-01
4.20080E-06,1.6889E-01
4.20120E-06,1.6693E-01
4.20160E-06,1.6889E-01
4.20200E-06,1.6596E-01
4.20240E-06,1.6889E-01
4.20280E-06,1.6889E-01
4.20320E-06,1.6693E-01
4.20360E-06,1.6596E-01
4.20400E-06,1.6693E-01
4.20440E-06,1.6889E-01
4.20480E-06,1.6596E-01
4.20520E-06,1.6986E-01
4.20560E-06,1.6889E-01
4.20600E-06,1.6596E-01
4.20640E-06,1.6986E-01
4.20680E-06,1.6791E-01
4.20720E-06,1.6889E-01
4.20760E-06,1.6693E-01
4.20800E-06,1.6889E-01
4.20840E-06,1.6791E-01
4.20880E-06,1.6596E-01
4.20920E-06,1.6889E-01
4.20960E-06,1.6889E-01
4.21000E-06,1.6889E-01
4.21040E-06,1.6693E-01
4.21080E-06,1.6791E-01
4.21120E-06,1.6986E-01
4.21160E-06,1.6693E-01
4.21200E-06,1.6693E-01
4.21240E-06,1.6693E-01
4.21280E-06,1.6986E-01
4.21320E-06,1.7182E-01
4.21360E-06,1.6596E-01
4.21400E-06,1.6693E-01
4.21440E-06,1.6889E-01
4.21480E-06,1.6986E-01
4.21520E-06,1.6791E-01
4.21560E-06,1.6596E-01
4.21600E-06,1.6791E-01
4.21640E-06,1.6986E-01
4.21680E-06,1.6791E-01
4.21720E-06,1.7084E-01
4.21760E-06,1.7279E-01
4.21800E-06,1.6791E-01
4.21840E-06,1.6693E-01
4.21880E-06,1.6889E-01
4.21920E-06,1.6791E-01
4.21960E-06,1.6791E-01
4.22000E-06,1.6693E-01
4.22040E-06,1.6791E-01
4.22080E-06,1.7084E-01
4.22120E-06,1.6596E-01
4.22160E-06,1.6889E-01
4.22200E-06,1.6693E-01
4.22240E-06,1.6986E-01
4.22280E-06,1.6693E-01
4.22320E-06,1.6791E-01
4.22360E-06,1.6986E-01
4.22400E-06,1.6596E-01
4.22440E-06,1.6986E-01
4.22480E-06,1.6596E-01
4.22520E-06,1.6693E-01
4.22560E-06,1.6889E-01
4.22600E-06,1.6693E-01
4.22640E-06,1.6889E-01
4.22680E-06,1.6693E-01
4.22720E-06,1.6986E-01
4.22760E-06,1.6791E-01
4.22800E-06,1.6889E-01
4.22840E-06,1.6791E-01
4.22880E-06,1.6596E-01
4.22920E-06,1.6693E-01
4.22960E-06,1.6889E-01
4.23000E-06,1.6791E-01
4.23040E-06,1.6791E-01
4.23080E-06,1.6693E-01
4.23120E-06,1.6693E-01
4.23160E-06,1.6889E-01
4.23200E-06,1.6596E-01
4.23240E-06,1.6986E-01
4.23280E-06,1.6400E-01
4.23320E-06,1.6693E-01
4.23360E-06,1.6986E-01
4.23400E-06,1.6693E-01
4.23440E-06,1.6986E-01
4.23480E-06,1.6693E-01
4.23520E-06,1.6986E-01
4.23560E-06,1.6986E-01
4.23600E-06,1.6889E-01
4.23640E-06,1.6693E-01
4.23680E-06,1.6791E-01
4.23720E-06,1.7084E-01
4.23760E-06,1.6889E-01
4.23800E-06,1.6889E-01
4.23840E-06,1.6889E-01
4.23880E-06,1.6889E-01
4.23920E-06,1.6986E-01
4.23960E-06,1.6693E-01
4.24000E-06,1.6889E-01
4.24040E-06,1.7182E-01
4.24080E-06,1.6791E-01
4.24120E-06,1.6791E-01
4.24160E-06,1.6791E-01
4.24200E-06,1.6889E-01
4.24240E-06,1.6889E-01
4.24280E-06,1.6791E-01
4.24320E-06,1.6693E-01
4.24360E-06,1.6693E-01
4.24400E-06,1.6693E-01
4.24440E-06,1.6791E-01
4.24480E-06,1.6889E-01
4.24520E-06,1.6596E-01
4.24560E-06,1.6791E-01
4.24600E-06,1.6986E-01
4.24640E-06,1.6791E-01
4.24680E-06,1.6986E-01
4.24720E-06,1.6889E-01
4.24760E-06,1.6791E-01
4.24800E-06,1.6986E-01
4.24840E-06,1.6889E-01
4.24880E-06,1.6986E-01
4.24920E-06,1.7182E-01
4.24960E-06,1.6596E-01
4.25000E-06,1.6889E-01
4.25040E-06,1.6889E-01
4.25080E-06,1.6596E-01
4.25120E-06,1.6693E-01
4.25160E-06,1.6791E-01
4.25200E-06,1.6986E-01
4.25240E-06,1.6986E-01
4.25280E-06,1.7182E-01
4.25320E-06,1.6693E-01
4.25360E-06,1.6889E-01
4.25400E-06,1.6791E-01
4.25440E-06,1.6693E-01
4.25480E-06,1.6693E-01
4.25520E-06,1.6791E-01
4.25560E-06,1.6791E-01
4.25600E-06,1.6693E-01
4.25640E-06,1.6693E-01
4.25680E-06,1.6791E-01
4.25720E-06,1.6791E-01
4.25760E-06,1.6693E-01
4.25800E-06,1.6889E-01
4.25840E-06,1.6986E-01
4.25880E-06,1.6303E-01
4.25920E-06,1.7084E-01
4.25960E-06,1.6693E-01
4.26000E-06,1.7182E-01
4.26040E-06,1.6986E-01
4.26080E-06,1.6693E-01
4.26120E-06,1.6596E-01
4.26160E-06,1.6791E-01
4.26200E-06,1.6986E-01
4.26240E-06,1.6693E-01
4.26280E-06,1.6791E-01
4.26320E-06,1.6693E-01
4.26360E-06,1.7084E-01
4.26400E-06,1.6693E-01
4.26440E-06,1.6986E-01
4.26480E-06,1.7084E-01
4.26520E-06,1.6889E-01
4.26560E-06,1.7084E-01
4.26600E-06,1.6791E-01
4.26640E-06,1.6986E-01
4.26680E-06,1.6889E-01
4.26720E-06,1.6986E-01
4.26760E-06,1.6596E-01
4.26800E-06,1.6791E-01
4.26840E-06,1.6889E-01
4.26880E-06,1.6889E-01
4.26920E-06,1.6986E-01
4.26960E-06,1.6596E-01
4.27000E-06,1.6889E-01
4.27040E-06,1.6596E-01
4.27080E-06,1.6693E-01
4.27120E-06,1.6889E-01
4.27160E-06,1.6693E-01
4.27200E-06,1.6986E-01
4.27240E-06,1.6596E-01
4.27280E-06,1.6889E-01
4.27320E-06,1.6986E-01
4.27360E-06,1.6986E-01
4.27400E-06,1.6986E-01
4.27440E-06,1.6693E-01
4.27480E-06,1.6889E-01
4.27520E-06,1.6986E-01
4.27560E-06,1.6986E-01
4.27600E-06,1.6693E-01
4.27640E-06,1.6791E-01
4.27680E-06,1.6986E-01
4.27720E-06,1.6889E-01
4.27760E-06,1.6791E-01
4.27800E-06,1.6791E-01
4.27840E-06,1.6986E-01
4.27880E-06,1.6596E-01
4.27920E-06,1.6693E-01
4.27960E-06,1.6889E-01
4.28000E-06,1.7084E-01
4.28040E-06,1.6889E-01
4.28080E-06,1.6986E-01
4.28120E-06,1.6791E-01
4.28160E-06,1.6986E-01
4.28200E-06,1.6693E-01
4.28240E-06,1.6693E-01
4.28280E-06,1.7084E-01
4.28320E-06,1.6791E-01
4.28360E-06,1.6986E-01
4.28400E-06,1.7084E-01
4.28440E-06,1.6596E-01
4.28480E-06,1.6986E-01
4.28520E-06,1.6791E-01
4.28560E-06,1.7084E-01
4.28600E-06,1.6791E-01
4.28640E-06,1.6889E-01
4.28680E-06,1.6986E-01
4.28720E-06,1.6986E-01
4.28760E-06,1.6889E-01
4.28800E-06,1.6889E-01
4.28840E-06,1.7182E-01
4.28880E-06,1.6889E-01
4.28920E-06,1.6889E-01
4.28960E-06,1.6889E-01
4.29000E-06,1.6889E-01
4.29040E-06,1.6693E-01
4.29080E-06,1.6693E-01
4.29120E-06,1.6986E-01
4.29160E-06,1.6889E-01
4.29200E-06,1.7279E-01
4.29240E-06,1.6889E-01
4.29280E-06,1.6889E-01
4.29320E-06,1.6791E-01
4.29360E-06,1.6791E-01
4.29400E-06,1.6986E-01
4.29440E-06,1.6693E-01
4.29480E-06,1.6693E-01
4.29520E-06,1.6986E-01
4.29560E-06,1.7084E-01
4.29600E-06,1.6791E-01
4.29640E-06,1.6889E-01
4.29680E-06,1.6889E-01
4.29720E-06,1.6889E-01
4.29760E-06,1.7084E-01
4.29800E-06,1.7084E-01
4.29840E-06,1.6791E-01
4.29880E-06,1.6986E-01
4.29920E-06,1.6693E-01
4.29960E-06,1.7084E-01
4.30000E-06,1.6986E-01
4.30040E-06,1.6986E-01
4.30080E-06,1.6596E-01
4.30120E-06,1.6889E-01
4.30160E-06,1.6791E-01
4.30200E-06,1.6693E-01
4.30240E-06,1.6986E-01
4.30280E-06,1.6791E-01
4.30320E-06,1.6889E-01
4.30360E-06,1.7084E-01
4.30400E-06,1.6986E-01
4.30440E-06,1.6986E-01
4.30480E-06,1.6889E-01
4.30520E-06,1.6889E-01
4.30560E-06,1.6693E-01
4.30600E-06,1.6889E-01
4.30640E-06,1.7279E-01
4.30680E-06,1.6791E-01
4.30720E-06,1.6889E-01
4.30760E-06,1.6889E-01
4.30800E-06,1.6791E-01
4.30840E-06,1.7279E-01
4.30880E-06,1.6791E-01
4.30920E-06,1.7279E-01
4.30960E-06,1.6986E-01
4.31000E-06,1.6791E-01
4.31040E-06,1.6889E-01
4.31080E-06,1.6889E-01
4.31120E-06,1.6889E-01
4.31160E-06,1.7084E-01
4.31200E-06,1.6986E-01
4.31240E-06,1.7182E-01
4.31280E-06,1.6986E-01
4.31320E-06,1.6889E-01
4.31360E-06,1.6889E-01
4.31400E-06,1.6596E-01
4.31440E-06,1.6889E-01
4.31480E-06,1.6889E-01
4.31520E-06,1.7084E-01
4.31560E-06,1.6791E-01
4.31600E-06,1.7377E-01
4.31640E-06,1.6889E-01
4.31680E-06,1.6986E-01
4.31720E-06,1.6791E-01
4.31760E-06,1.7084E-01
4.31800E-06,1.6889E-01
4.31840E-06,1.7084E-01
4.31880E-06,1.6889E-01
4.31920E-06,1.7377E-01
4.31960E-06,1.6986E-01
4.32000E-06,1.7084E-01
4.32040E-06,1.7182E-01
4.32080E-06,1.6986E-01
4.32120E-06,1.7182E-01
4.32160E-06,1.7182E-01
4.32200E-06,1.7182E-01
4.32240E-06,1.7279E-01
4.32280E-06,1.6791E-01
4.32320E-06,1.7182E-01
4.32360E-06,1.7084E-01
4.32400E-06,1.6986E-01
4.32440E-06,1.7279E-01
4.32480E-06,1.6986E-01
4.32520E-06,1.7084E-01
4.32560E-06,1.7084E-01
4.32600E-06,1.7084E-01
4.32640E-06,1.6889E-01
4.32680E-06,1.7279E-01
4.32720E-06,1.7279E-01
4.32760E-06,1.6986E-01
4.32800E-06,1.6889E-01
4.32840E-06,1.6596E-01
4.32880E-06,1.6986E-01
4.32920E-06,1.6986E-01
4.32960E-06,1.6986E-01
4.33000E-06,1.6986E-01
4.33040E-06,1.7377E-01
4.33080E-06,1.6791E-01
4.33120E-06,1.7084E-01
4.33160E-06,1.6986E-01
4.33200E-06,1.6889E-01
4.33240E-06,1.7084E-01
4.33280E-06,1.6986E-01
4.33320E-06,1.7377E-01
4.33360E-06,1.6889E-01
4.33400E-06,1.6986E-01
4.33440E-06,1.6791E-01
4.33480E-06,1.7084E-01
4.33520E-06,1.7084E-01
4.33560E-06,1.6986E-01
4.33600E-06,1.6791E-01
4.33640E-06,1.7084E-01
4.33680E-06,1.7182E-01
4.33720E-06,1.7377E-01
4.33760E-06,1.7084E-01
4.33800E-06,1.6986E-01
4.33840E-06,1.7084E-01
4.33880E-06,1.6986E-01
4.33920E-06,1.6889E-01
4.33960E-06,1.6986E-01
4.34000E-06,1.7084E-01
4.34040E-06,1.6986E-01
4.34080E-06,1.7182E-01
4.34120E-06,1.7084E-01
4.34160E-06,1.6986E-01
4.34200E-06,1.6693E-01
4.34240E-06,1.6986E-01
4.34280E-06,1.7279E-01
4.34320E-06,1.6986E-01
4.34360E-06,1.6889E-01
4.34400E-06,1.6986E-01
4.34440E-06,1.6986E-01
4.34480E-06,1.6986E-01
4.34520E-06,1.6791E-01
4.34560E-06,1.7084E-01
4.34600E-06,1.6889E-01
4.34640E-06,1.6791E-01
4.34680E-06,1.6986E-01
4.34720E-06,1.6986E-01
4.34760E-06,1.6889E-01
4.34800E-06,1.6986E-01
4.34840E-06,1.6693E-01
4.34880E-06,1.6986E-01
4.34920E-06,1.7084E-01
4.34960E-06,1.7182E-01
4.35000E-06,1.7182E-01
4.35040E-06,1.6986E-01
4.35080E-06,1.7182E-01
4.35120E-06,1.7084E-01
4.35160E-06,1.7279E-01
4.35200E-06,1.6889E-01
4.35240E-06,1.7377E-01
4.35280E-06,1.6986E-01
4.35320E-06,1.6986E-01
4.35360E-06,1.7279E-01
4.35400E-06,1.6889E-01
4.35440E-06,1.7084E-01
4.35480E-06,1.6889E-01
4.35520E-06,1.7279E-01
4.35560E-06,1.7182E-01
4.35600E-06,1.7279E-01
4.35640E-06,1.7182E-01
4.35680E-06,1.7182E-01
4.35720E-06,1.6986E-01
4.35760E-06,1.6986E-01
4.35800E-06,1.6791E-01
4.35840E-06,1.6986E-01
4.35880E-06,1.7279E-01
4.35920E-06,1.6889E-01
4.35960E-06,1.7279E-01
4.36000E-06,1.6986E-01
4.36040E-06,1.7182E-01
4.36080E-06,1.6693E-01
4.36120E-06,1.6986E-01
4.36160E-06,1.7279E-01
4.36200E-06,1.6986E-01
4.36240E-06,1.7182E-01
4.36280E-06,1.6986E-01
4.36320E-06,1.7182E-01
4.36360E-06,1.6791E-01
4.36400E-06,1.7182E-01
4.36440E-06,1.7182E-01
4.36480E-06,1.6986E-01
4.36520E-06,1.7084E-01
4.36560E-06,1.7084E-01
4.36600E-06,1.7279E-01
4.36640E-06,1.7182E-01
4.36680E-06,1.6889E-01
4.36720E-06,1.7279E-01
4.36760E-06,1.7182E-01
4.36800E-06,1.7182E-01
4.36840E-06,1.7279E-01
4.36880E-06,1.6986E-01
4.36920E-06,1.7182E-01
4.36960E-06,1.7084E-01
4.37000E-06,1.6986E-01
4.37040E-06,1.6986E-01
4.37080E-06,1.7084E-01
4.37120E-06,1.6889E-01
4.37160E-06,1.6986E-01
4.37200E-06,1.7279E-01
4.37240E-06,1.6889E-01
4.37280E-06,1.7182E-01
4.37320E-06,1.6986E-01
4.37360E-06,1.7182E-01
4.37400E-06,1.6791E-01
4.37440E-06,1.7084E-01
4.37480E-06,1.7084E-01
4.37520E-06,1.7377E-01
4.37560E-06,1.6791E-01
4.37600E-06,1.6791E-01
4.37640E-06,1.6986E-01
4.37680E-06,1.7182E-01
4.37720E-06,1.6986E-01
4.37760E-06,1.6791E-01
4.37800E-06,1.7279E-01
4.37840E-06,1.6889E-01
4.37880E-06,1.7279E-01
4.37920E-06,1.6986E-01
4.37960E-06,1.7182E-01
4.38000E-06,1.6889E-01
4.38040E-06,1.6693E-01
4.38080E-06,1.6791E-01
4.38120E-06,1.6986E-01
4.38160E-06,1.6791E-01
4.38200E-06,1.6889E-01
4.38240E-06,1.6986E-01
4.38280E-06,1.6986E-01
4.38320E-06,1.7279E-01
4.38360E-06,1.6889E-01
4.38400E-06,1.6889E-01
4.38440E-06,1.6889E-01
4.38480E-06,1.6889E-01
4.38520E-06,1.6986E-01
4.38560E-06,1.6986E-01
4.38600E-06,1.7084E-01
4.38640E-06,1.6889E-01
4.38680E-06,1.6889E-01
4.38720E-06,1.6986E-01
4.38760E-06,1.7182E-01
4.38800E-06,1.6889E-01
4.38840E-06,1.6791E-01
4.38880E-06,1.7084E-01
4.38920E-06,1.6498E-01
4.38960E-06,1.6986E-01
4.39000E-06,1.7377E-01
4.39040E-06,1.6986E-01
4.39080E-06,1.7182E-01
4.39120E-06,1.6596E-01
4.39160E-06,1.7182E-01
4.39200E-06,1.6693E-01
4.39240E-06,1.6986E-01
4.39280E-06,1.6791E-01
4.39320E-06,1.6986E-01
4.39360E-06,1.6986E-01
4.39400E-06,1.6693E-01
4.39440E-06,1.6791E-01
4.39480E-06,1.6889E-01
4.39520E-06,1.6693E-01
4.39560E-06,1.6889E-01
4.39600E-06,1.6986E-01
4.39640E-06,1.6986E-01
4.39680E-06,1.6791E-01
4.39720E-06,1.6693E-01
4.39760E-06,1.6596E-01
4.39800E-06,1.6889E-01
4.39840E-06,1.7084E-01
4.39880E-06,1.7182E-01
4.39920E-06,1.7182E-01
4.39960E-06,1.6889E-01
4.40000E-06,1.6986E-01
4.40040E-06,1.7084E-01
4.40080E-06,1.6986E-01
4.40120E-06,1.6889E-01
4.40160E-06,1.7084E-01
4.40200E-06,1.6986E-01
4.40240E-06,1.6986E-01
4.40280E-06,1.6889E-01
4.40320E-06,1.6889E-01
4.40360E-06,1.6986E-01
4.40400E-06,1.7084E-01
4.40440E-06,1.6986E-01
4.40480E-06,1.7279E-01
4.40520E-06,1.7084E-01
4.40560E-06,1.7279E-01
4.40600E-06,1.6889E-01
4.40640E-06,1.6889E-01
4.40680E-06,1.7084E-01
4.40720E-06,1.7377E-01
4.40760E-06,1.7084E-01
4.40800E-06,1.6986E-01
4.40840E-06,1.7182E-01
4.40880E-06,1.6986E-01
4.40920E-06,1.6986E-01
4.40960E-06,1.6889E-01
4.41000E-06,1.6986E-01
4.41040E-06,1.6986E-01
4.41080E-06,1.6986E-01
4.41120E-06,1.6596E-01
4.41160E-06,1.6791E-01
4.41200E-06,1.7182E-01
4.41240E-06,1.7182E-01
4.41280E-06,1.6889E-01
4.41320E-06,1.6986E-01
4.41360E-06,1.6986E-01
4.41400E-06,1.6596E-01
4.41440E-06,1.6693E-01
4.41480E-06,1.6986E-01
4.41520E-06,1.6791E-01
4.41560E-06,1.6693E-01
4.41600E-06,1.7182E-01
4.41640E-06,1.6986E-01
4.41680E-06,1.6889E-01
4.41720E-06,1.6986E-01
4.41760E-06,1.7084E-01
4.41800E-06,1.6986E-01
4.41840E-06,1.6693E-01
4.41880E-06,1.6986E-01
4.41920E-06,1.6986E-01
4.41960E-06,1.6889E-01
4.42000E-06,1.7084E-01
4.42040E-06,1.6693E-01
4.42080E-06,1.6889E-01
4.42120E-06,1.6889E-01
4.42160E-06,1.6889E-01
4.42200E-06,1.6986E-01
4.42240E-06,1.6986E-01
4.42280E-06,1.7182E-01
4.42320E-06,1.6986E-01
4.42360E-06,1.6986E-01
4.42400E-06,1.6791E-01
4.42440E-06,1.7084E-01
4.42480E-06,1.7279E-01
4.42520E-06,1.6791E-01
4.42560E-06,1.7182E-01
4.42600E-06,1.6889E-01
4.42640E-06,1.6889E-01
4.42680E-06,1.6791E-01
4.42720E-06,1.7084E-01
4.42760E-06,1.6986E-01
4.42800E-06,1.7182E-01
4.42840E-06,1.7084E-01
4.42880E-06,1.6889E-01
4.42920E-06,1.6791E-01
4.42960E-06,1.6986E-01
4.43000E-06,1.7182E-01
4.43040E-06,1.7084E-01
4.43080E-06,1.6889E-01
4.43120E-06,1.6986E-01
4.43160E-06,1.6693E-01
4.43200E-06,1.6693E-01
4.43240E-06,1.6791E-01
4.43280E-06,1.6693E-01
4.43320E-06,1.6693E-01
4.43360E-06,1.7279E-01
4.43400E-06,1.6986E-01
4.43440E-06,1.6986E-01
4.43480E-06,1.6986E-01
4.43520E-06,1.6889E-01
4.43560E-06,1.6986E-01
4.43600E-06,1.6986E-01
4.43640E-06,1.6889E-01
4.43680E-06,1.6791E-01
4.43720E-06,1.6791E-01
4.43760E-06,1.6986E-01
4.43800E-06,1.6693E-01
4.43840E-06,1.7084E-01
4.43880E-06,1.6889E-01
4.43920E-06,1.6791E-01
4.43960E-06,1.6986E-01
4.44000E-06,1.7084E-01
4.44040E-06,1.6986E-01
4.44080E-06,1.7084E-01
4.44120E-06,1.6791E-01
4.44160E-06,1.6889E-01
4.44200E-06,1.7182E-01
4.44240E-06,1.6986E-01
4.44280E-06,1.7279E-01
4.44320E-06,1.6986E-01
4.44360E-06,1.6791E-01
4.44400E-06,1.6889E-01
4.44440E-06,1.6889E-01
4.44480E-06,1.7182E-01
4.44520E-06,1.6791E-01
4.44560E-06,1.7084E-01
4.44600E-06,1.6986E-01
4.44640E-06,1.6791E-01
4.44680E-06,1.6889E-01
4.44720E-06,1.6986E-01
4.44760E-06,1.6791E-01
4.44800E-06,1.6889E-01
4.44840E-06,1.6693E-01
4.44880E-06,1.6498E-01
4.44920E-06,1.6889E-01
4.44960E-06,1.6791E-01
4.45000E-06,1.6986E-01
4.45040E-06,1.7084E-01
4.45080E-06,1.6693E-01
4.45120E-06,1.7182E-01
4.45160E-06,1.6693E-01
4.45200E-06,1.6986E-01
4.45240E-06,1.6889E-01
4.45280E-06,1.7182E-01
4.45320E-06,1.6986E-01
4.45360E-06,1.7084E-01
4.45400E-06,1.7084E-01
4.45440E-06,1.6986E-01
4.45480E-06,1.6791E-01
4.45520E-06,1.6889E-01
4.45560E-06,1.6693E-01
4.45600E-06,1.6889E-01
4.45640E-06,1.7084E-01
4.45680E-06,1.7182E-01
4.45720E-06,1.6986E-01
4.45760E-06,1.6889E-01
4.45800E-06,1.6791E-01
4.45840E-06,1.6986E-01
4.45880E-06,1.7084E-01
4.45920E-06,1.6889E-01
4.45960E-06,1.6693E-01
4.46000E-06,1.6986E-01
4.46040E-06,1.7279E-01
4.46080E-06,1.6693E-01
4.46120E-06,1.6889E-01
4.46160E-06,1.6986E-01
4.46200E-06,1.7182E-01
4.46240E-06,1.6791E-01
4.46280E-06,1.6889E-01
4.46320E-06,1.6791E-01
4.46360E-06,1.6693E-01
4.46400E-06,1.7084E-01
4.46440E-06,1.6986E-01
4.46480E-06,1.7084E-01
4.46520E-06,1.7279E-01
4.46560E-06,1.6889E-01
4.46600E-06,1.7182E-01
4.46640E-06,1.6889E-01
4.46680E-06,1.6986E-01
4.46720E-06,1.6791E-01
4.46760E-06,1.7182E-01
4.46800E-06,1.6889E-01
4.46840E-06,1.6986E-01
4.46880E-06,1.6986E-01
4.46920E-06,1.7377E-01
4.46960E-06,1.6791E-01
4.47000E-06,1.6791E-01
4.47040E-06,1.6791E-01
4.47080E-06,1.7084E-01
4.47120E-06,1.6986E-01
4.47160E-06,1.6986E-01
4.47200E-06,1.6791E-01
4.47240E-06,1.7182E-01
4.47280E-06,1.6986E-01
4.47320E-06,1.6693E-01
4.47360E-06,1.6986E-01
4.47400E-06,1.7279E-01
4.47440E-06,1.6596E-01
4.47480E-06,1.7279E-01
4.47520E-06,1.6986E-01
4.47560E-06,1.6889E-01
4.47600E-06,1.7084E-01
4.47640E-06,1.6986E-01
4.47680E-06,1.6791E-01
4.47720E-06,1.7084E-01
4.47760E-06,1.7182E-01
4.47800E-06,1.6986E-01
4.47840E-06,1.7084E-01
4.47880E-06,1.6791E-01
4.47920E-06,1.6791E-01
4.47960E-06,1.6986E-01
4.48000E-06,1.6693E-01
4.48040E-06,1.6986E-01
4.48080E-06,1.7084E-01
4.48120E-06,1.6693E-01
4.48160E-06,1.6889E-01
4.48200E-06,1.6791E-01
4.48240E-06,1.7084E-01
4.48280E-06,1.6889E-01
4.48320E-06,1.6889E-01
4.48360E-06,1.7084E-01
4.48400E-06,1.6986E-01
4.48440E-06,1.6986E-01
4.48480E-06,1.6889E-01
4.48520E-06,1.6986E-01
4.48560E-06,1.7084E-01
4.48600E-06,1.6889E-01
4.48640E-06,1.6986E-01
4.48680E-06,1.6693E-01
4.48720E-06,1.6986E-01
4.48760E-06,1.6889E-01
4.48800E-06,1.6889E-01
4.48840E-06,1.7084E-01
4.48880E-06,1.6889E-01
4.48920E-06,1.6986E-01
4.48960E-06,1.7475E-01
4.49000E-06,1.7084E-01
4.49040E-06,1.6889E-01
4.49080E-06,1.7084E-01
4.49120E-06,1.7084E-01
4.49160E-06,1.7084E-01
4.49200E-06,1.7279E-01
4.49240E-06,1.7279E-01
4.49280E-06,1.6791E-01
4.49320E-06,1.7182E-01
4.49360E-06,1.6889E-01
4.49400E-06,1.6889E-01
4.49440E-06,1.7084E-01
4.49480E-06,1.7084E-01
4.49520E-06,1.6791E-01
4.49560E-06,1.7279E-01
4.49600E-06,1.6986E-01
4.49640E-06,1.7182E-01
4.49680E-06,1.7572E-01
4.49720E-06,1.6986E-01
4.49760E-06,1.7084E-01
4.49800E-06,1.6986E-01
4.49840E-06,1.6986E-01
4.49880E-06,1.7279E-01
4.49920E-06,1.7182E-01
4.49960E-06,1.6693E-01
4.50000E-06,1.7084E-01
4.50040E-06,1.6889E-01
4.50080E-06,1.6986E-01
4.50120E-06,1.6986E-01
4.50160E-06,1.7182E-01
4.50200E-06,1.6986E-01
4.50240E-06,1.6889E-01
4.50280E-06,1.6889E-01
4.50320E-06,1.6889E-01
4.50360E-06,1.6889E-01
4.50400E-06,1.6889E-01
4.50440E-06,1.6986E-01
4.50480E-06,1.6986E-01
4.50520E-06,1.7084E-01
4.50560E-06,1.7279E-01
4.50600E-06,1.6889E-01
4.50640E-06,1.7084E-01
4.50680E-06,1.6693E-01
4.50720E-06,1.6986E-01
4.50760E-06,1.6791E-01
4.50800E-06,1.6986E-01
4.50840E-06,1.6889E-01
4.50880E-06,1.6791E-01
4.50920E-06,1.6596E-01
4.50960E-06,1.7084E-01
4.51000E-06,1.6889E-01
4.51040E-06,1.7279E-01
4.51080E-06,1.6889E-01
4.51120E-06,1.6986E-01
4.51160E-06,1.7279E-01
4.51200E-06,1.7084E-01
4.51240E-06,1.7084E-01
4.51280E-06,1.7182E-01
4.51320E-06,1.6693E-01
4.51360E-06,1.7377E-01
4.51400E-06,1.6889E-01
4.51440E-06,1.7279E-01
4.51480E-06,1.6791E-01
4.51520E-06,1.7084E-01
4.51560E-06,1.6889E-01
4.51600E-06,1.6986E-01
4.51640E-06,1.6889E-01
4.51680E-06,1.6986E-01
4.51720E-06,1.7182E-01
4.51760E-06,1.6986E-01
4.51800E-06,1.7084E-01
4.51840E-06,1.6986E-01
4.51880E-06,1.7084E-01
4.51920E-06,1.6986E-01
4.51960E-06,1.7084E-01
4.52000E-06,1.6693E-01
4.52040E-06,1.6986E-01
4.52080E-06,1.6889E-01
4.52120E-06,1.6791E-01
4.52160E-06,1.7279E-01
4.52200E-06,1.7279E-01
4.52240E-06,1.6791E-01
4.52280E-06,1.6791E-01
4.52320E-06,1.7084E-01
4.52360E-06,1.6693E-01
4.52400E-06,1.7182E-01
4.52440E-06,1.6986E-01
4.52480E-06,1.7084E-01
4.52520E-06,1.7084E-01
4.52560E-06,1.6889E-01
4.52600E-06,1.7182E-01
4.52640E-06,1.6889E-01
4.52680E-06,1.7279E-01
4.52720E-06,1.7084E-01
4.52760E-06,1.6986E-01
4.52800E-06,1.6693E-01
4.52840E-06,1.7084E-01
4.52880E-06,1.7279E-01
4.52920E-06,1.6889E-01
4.52960E-06,1.7182E-01
4.53000E-06,1.6986E-01
4.53040E-06,1.7182E-01
4.53080E-06,1.6986E-01
4.53120E-06,1.7084E-01
4.53160E-06,1.6889E-01
4.53200E-06,1.6986E-01
4.53240E-06,1.7084E-01
4.53280E-06,1.6889E-01
4.53320E-06,1.7084E-01
4.53360E-06,1.7084E-01
4.53400E-06,1.7084E-01
4.53440E-06,1.7182E-01
4.53480E-06,1.6986E-01
4.53520E-06,1.6986E-01
4.53560E-06,1.7182E-01
4.53600E-06,1.7084E-01
4.53640E-06,1.6986E-01
4.53680E-06,1.7182E-01
4.53720E-06,1.7084E-01
4.53760E-06,1.7084E-01
4.53800E-06,1.6986E-01
4.53840E-06,1.7084E-01
4.53880E-06,1.7377E-01
4.53920E-06,1.7084E-01
4.53960E-06,1.6889E-01
4.54000E-06,1.7084E-01
4.54040E-06,1.6986E-01
4.54080E-06,1.7084E-01
4.54120E-06,1.7084E-01
4.54160E-06,1.7182E-01
4.54200E-06,1.6986E-01
4.54240E-06,1.7182E-01
4.54280E-06,1.6986E-01
4.54320E-06,1.7084E-01
4.54360E-06,1.7084E-01
4.54400E-06,1.6986E-01
4.54440E-06,1.7084E-01
4.54480E-06,1.6596E-01
4.54520E-06,1.7377E-01
4.54560E-06,1.7182E-01
4.54600E-06,1.7084E-01
4.54640E-06,1.6986E-01
4.54680E-06,1.7182E-01
4.54720E-06,1.6791E-01
4.54760E-06,1.6889E-01
4.54800E-06,1.7182E-01
4.54840E-06,1.7182E-01
4.54880E-06,1.6986E-01
4.54920E-06,1.6889E-01
4.54960E-06,1.7182E-01
4.55000E-06,1.6986E-01
4.55040E-06,1.7279E-01
4.55080E-06,1.7182E-01
4.55120E-06,1.6986E-01
4.55160E-06,1.7182E-01
4.55200E-06,1.6889E-01
4.55240E-06,1.7279E-01
4.55280E-06,1.7182E-01
4.55320E-06,1.7084E-01
4.55360E-06,1.6986E-01
4.55400E-06,1.6986E-01
4.55440E-06,1.7279E-01
4.55480E-06,1.7182E-01
4.55520E-06,1.6889E-01
4.55560E-06,1.6986E-01
4.55600E-06,1.6791E-01
4.55640E-06,1.7377E-01
4.55680E-06,1.7182E-01
4.55720E-06,1.7182E-01
4.55760E-06,1.7084E-01
4.55800E-06,1.7084E-01
4.55840E-06,1.6986E-01
4.55880E-06,1.7279E-01
4.55920E-06,1.6986E-01
4.55960E-06,1.6986E-01
4.56000E-06,1.6889E-01
4.56040E-06,1.6889E-01
4.56080E-06,1.7377E-01
4.56120E-06,1.7084E-01
4.56160E-06,1.7182E-01
4.56200E-06,1.6986E-01
4.56240E-06,1.7475E-01
4.56280E-06,1.6986E-01
4.56320E-06,1.6986E-01
4.56360E-06,1.7279E-01
4.56400E-06,1.7475E-01
4.56440E-06,1.7182E-01
4.56480E-06,1.6986E-01
4.56520E-06,1.7084E-01
4.56560E-06,1.6986E-01
4.56600E-06,1.7182E-01
4.56640E-06,1.7084E-01
4.56680E-06,1.6889E-01
4.56720E-06,1.6986E-01
4.56760E-06,1.6986E-01
4.56800E-06,1.7084E-01
4.56840E-06,1.6791E-01
4.56880E-06,1.7182E-01
4.56920E-06,1.7182E-01
4.56960E-06,1.6986E-01
4.57000E-06,1.7084E-01
4.57040E-06,1.6986E-01
4.57080E-06,1.7279E-01
4.57120E-06,1.7572E-01
4.57160E-06,1.7279E-01
4.57200E-06,1.7084E-01
4.57240E-06,1.6986E-01
4.57280E-06,1.7182E-01
4.57320E-06,1.7279E-01
4.57360E-06,1.7084E-01
4.57400E-06,1.7279E-01
4.57440E-06,1.7084E-01
4.57480E-06,1.7084E-01
4.57520E-06,1.7084E-01
4.57560E-06,1.7084E-01
4.57600E-06,1.6986E-01
4.57640E-06,1.6986E-01
4.57680E-06,1.6986E-01
4.57720E-06,1.7377E-01
4.57760E-06,1.6986E-01
4.57800E-06,1.7182E-01
4.57840E-06,1.7084E-01
4.57880E-06,1.7084E-01
4.57920E-06,1.7084E-01
4.57960E-06,1.6986E-01
4.58000E-06,1.6986E-01
4.58040E-06,1.6889E-01
4.58080E-06,1.7182E-01
4.58120E-06,1.7279E-01
4.58160E-06,1.7084E-01
4.58200E-06,1.7279E-01
4.58240E-06,1.7182E-01
4.58280E-06,1.7084E-01
4.58320E-06,1.6986E-01
4.58360E-06,1.7182E-01
4.58400E-06,1.7182E-01
4.58440E-06,1.7084E-01
4.58480E-06,1.7182E-01
4.58520E-06,1.7182E-01
4.58560E-06,1.6791E-01
4.58600E-06,1.7182E-01
4.58640E-06,1.7182E-01
4.58680E-06,1.6889E-01
4.58720E-06,1.6986E-01
4.58760E-06,1.6986E-01
4.58800E-06,1.6986E-01
4.58840E-06,1.7084E-01
4.58880E-06,1.6986E-01
4.58920E-06,1.7182E-01
4.58960E-06,1.7182E-01
4.59000E-06,1.7279E-01
4.59040E-06,1.7475E-01
4.59080E-06,1.7084E-01
4.59120E-06,1.6693E-01
4.59160E-06,1.7279E-01
4.59200E-06,1.6986E-01
4.59240E-06,1.7084E-01
4.59280E-06,1.7084E-01
4.59320E-06,1.7084E-01
4.59360E-06,1.7084E-01
4.59400E-06,1.6986E-01
4.59440E-06,1.7084E-01
4.59480E-06,1.6889E-01
4.59520E-06,1.7182E-01
4.59560E-06,1.7279E-01
4.59600E-06,1.6986E-01
4.59640E-06,1.6791E-01
4.59680E-06,1.6986E-01
4.59720E-06,1.7084E-01
4.59760E-06,1.7084E-01
4.59800E-06,1.7279E-01
4.59840E-06,1.6986E-01
4.59880E-06,1.6986E-01
4.59920E-06,1.7182E-01
4.59960E-06,1.7084E-01
4.60000E-06,1.6791E-01
4.60040E-06,1.6986E-01
4.60080E-06,1.6986E-01
4.60120E-06,1.7182E-01
4.60160E-06,1.6889E-01
4.60200E-06,1.7279E-01
4.60240E-06,1.7572E-01
4.60280E-06,1.7377E-01
4.60320E-06,1.7279E-01
4.60360E-06,1.6986E-01
4.60400E-06,1.7182E-01
4.60440E-06,1.6986E-01
4.60480E-06,1.6986E-01
4.60520E-06,1.6986E-01
4.60560E-06,1.7084E-01
4.60600E-06,1.7084E-01
4.60640E-06,1.6986E-01
4.60680E-06,1.6986E-01
4.60720E-06,1.7279E-01
4.60760E-06,1.7279E-01
4.60800E-06,1.7182E-01
4.60840E-06,1.7377E-01
4.60880E-06,1.7279E-01
4.60920E-06,1.7377E-01
4.60960E-06,1.7377E-01
4.61000E-06,1.6889E-01
4.61040E-06,1.7279E-01
4.61080E-06,1.6889E-01
4.61120E-06,1.7279E-01
4.61160E-06,1.6986E-01
4.61200E-06,1.6889E-01
4.61240E-06,1.6889E-01
4.61280E-06,1.7084E-01
4.61320E-06,1.6986E-01
4.61360E-06,1.7377E-01
4.61400E-06,1.7279E-01
4.61440E-06,1.6693E-01
4.61480E-06,1.6986E-01
4.61520E-06,1.6889E-01
4.61560E-06,1.7377E-01
4.61600E-06,1.6986E-01
4.61640E-06,1.7084E-01
4.61680E-06,1.7182E-01
4.61720E-06,1.7182E-01
4.61760E-06,1.7084E-01
4.61800E-06,1.6791E-01
4.61840E-06,1.7279E-01
4.61880E-06,1.6986E-01
4.61920E-06,1.6986E-01
4.61960E-06,1.7279E-01
4.62000E-06,1.6986E-01
4.62040E-06,1.6986E-01
4.62080E-06,1.6986E-01
4.62120E-06,1.7084E-01
4.62160E-06,1.6889E-01
4.62200E-06,1.6986E-01
4.62240E-06,1.7182E-01
4.62280E-06,1.6791E-01
4.62320E-06,1.7182E-01
4.62360E-06,1.7182E-01
4.62400E-06,1.6889E-01
4.62440E-06,1.6791E-01
4.62480E-06,1.6986E-01
4.62520E-06,1.6693E-01
4.62560E-06,1.6889E-01
4.62600E-06,1.6596E-01
4.62640E-06,1.6986E-01
4.62680E-06,1.7084E-01
4.62720E-06,1.6986E-01
4.62760E-06,1.7182E-01
4.62800E-06,1.6791E-01
4.62840E-06,1.7084E-01
4.62880E-06,1.6596E-01
4.62920E-06,1.6986E-01
4.62960E-06,1.6986E-01
4.63000E-06,1.6791E-01
4.63040E-06,1.6986E-01
4.63080E-06,1.6791E-01
4.63120E-06,1.6986E-01
4.63160E-06,1.6986E-01
4.63200E-06,1.6986E-01
4.63240E-06,1.7182E-01
4.63280E-06,1.7084E-01
4.63320E-06,1.7279E-01
4.63360E-06,1.7182E-01
4.63400E-06,1.7279E-01
4.63440E-06,1.6986E-01
4.63480E-06,1.6889E-01
4.63520E-06,1.6986E-01
4.63560E-06,1.6791E-01
4.63600E-06,1.6986E-01
4.63640E-06,1.6693E-01
4.63680E-06,1.6889E-01
4.63720E-06,1.7279E-01
4.63760E-06,1.7182E-01
4.63800E-06,1.6791E-01
4.63840E-06,1.6986E-01
4.63880E-06,1.6889E-01
4.63920E-06,1.6986E-01
4.63960E-06,1.7377E-01
4.64000E-06,1.6986E-01
4.64040E-06,1.6889E-01
4.64080E-06,1.7084E-01
4.64120E-06,1.6889E-01
4.64160E-06,1.6986E-01
4.64200E-06,1.7182E-01
4.64240E-06,1.7084E-01
4.64280E-06,1.7279E-01
4.64320E-06,1.6791E-01
4.64360E-06,1.6693E-01
4.64400E-06,1.7475E-01
4.64440E-06,1.7084E-01
4.64480E-06,1.7084E-01
4.64520E-06,1.6986E-01
4.64560E-06,1.7182E-01
4.64600E-06,1.6986E-01
4.64640E-06,1.6986E-01
4.64680E-06,1.6889E-01
4.64720E-06,1.6889E-01
4.64760E-06,1.7475E-01
4.64800E-06,1.6693E-01
4.64840E-06,1.7182E-01
4.64880E-06,1.7182E-01
4.64920E-06,1.6986E-01
4.64960E-06,1.6986E-01
4.65000E-06,1.6986E-01
4.65040E-06,1.6986E-01
4.65080E-06,1.6889E-01
4.65120E-06,1.7182E-01
4.65160E-06,1.6986E-01
4.65200E-06,1.7084E-01
4.65240E-06,1.7377E-01
4.65280E-06,1.6889E-01
4.65320E-06,1.6693E-01
4.65360E-06,1.6986E-01
4.65400E-06,1.7084E-01
4.65440E-06,1.6693E-01
4.65480E-06,1.6693E-01
4.65520E-06,1.6986E-01
4.65560E-06,1.6889E-01
4.65600E-06,1.6986E-01
4.65640E-06,1.6986E-01
4.65680E-06,1.7182E-01
4.65720E-06,1.7182E-01
4.65760E-06,1.6791E-01
4.65800E-06,1.6986E-01
4.65840E-06,1.7084E-01
4.65880E-06,1.6889E-01
4.65920E-06,1.7084E-01
4.65960E-06,1.6986E-01
4.66000E-06,1.6986E-01
4.66040E-06,1.6986E-01
4.66080E-06,1.6986E-01
4.66120E-06,1.6889E-01
4.66160E-06,1.6791E-01
4.66200E-06,1.6791E-01
4.66240E-06,1.7182E-01
4.66280E-06,1.6596E-01
4.66320E-06,1.6889E-01
4.66360E-06,1.6889E-01
4.66400E-06,1.6986E-01
4.66440E-06,1.6889E-01
4.66480E-06,1.6986E-01
4.66520E-06,1.6889E-01
4.66560E-06,1.6791E-01
4.66600E-06,1.7182E-01
4.66640E-06,1.6791E-01
4.66680E-06,1.7279E-01
4.66720E-06,1.6986E-01
4.66760E-06,1.6986E-01
4.66800E-06,1.7084E-01
4.66840E-06,1.6693E-01
4.66880E-06,1.6791E-01
4.66920E-06,1.6986E-01
4.66960E-06,1.6791E-01
4.67000E-06,1.6693E-01
4.67040E-06,1.6791E-01
4.67080E-06,1.6596E-01
4.67120E-06,1.7182E-01
4.67160E-06,1.6889E-01
4.67200E-06,1.6986E-01
4.67240E-06,1.7279E-01
4.67280E-06,1.6889E-01
4.67320E-06,1.6889E-01
4.67360E-06,1.6986E-01
4.67400E-06,1.7182E-01
4.67440E-06,1.7084E-01
4.67480E-06,1.6889E-01
4.67520E-06,1.6791E-01
4.67560E-06,1.6693E-01
4.67600E-06,1.6889E-01
4.67640E-06,1.6889E-01
4.67680E-06,1.7182E-01
4.67720E-06,1.6986E-01
4.67760E-06,1.6889E-01
4.67800E-06,1.7182E-01
4.67840E-06,1.6596E-01
4.67880E-06,1.7182E-01
4.67920E-06,1.6986E-01
4.67960E-06,1.6986E-01
4.68000E-06,1.6986E-01
4.68040E-06,1.6596E-01
4.68080E-06,1.7084E-01
4.68120E-06,1.6791E-01
4.68160E-06,1.6889E-01
4.68200E-06,1.6596E-01
4.68240E-06,1.6791E-01
4.68280E-06,1.6986E-01
4.68320E-06,1.6986E-01
4.68360E-06,1.6986E-01
4.68400E-06,1.6986E-01
4.68440E-06,1.6791E-01
4.68480E-06,1.6791E-01
4.68520E-06,1.6693E-01
4.68560E-06,1.6889E-01
4.68600E-06,1.6889E-01
4.68640E-06,1.7084E-01
4.68680E-06,1.7182E-01
4.68720E-06,1.7084E-01
4.68760E-06,1.6889E-01
4.68800E-06,1.6986E-01
4.68840E-06,1.7084E-01
4.68880E-06,1.6889E-01
4.68920E-06,1.7279E-01
4.68960E-06,1.6693E-01
4.69000E-06,1.6596E-01
4.69040E-06,1.6596E-01
4.69080E-06,1.6889E-01
4.69120E-06,1.6986E-01
4.69160E-06,1.6889E-01
4.69200E-06,1.6986E-01
4.69240E-06,1.6986E-01
4.69280E-06,1.7084E-01
4.69320E-06,1.6889E-01
4.69360E-06,1.7084E-01
4.69400E-06,1.6693E-01
4.69440E-06,1.6986E-01
4.69480E-06,1.6791E-01
4.69520E-06,1.6596E-01
4.69560E-06,1.6791E-01
4.69600E-06,1.6791E-01
4.69640E-06,1.6986E-01
4.69680E-06,1.6693E-01
4.69720E-06,1.6889E-01
4.69760E-06,1.6791E-01
4.69800E-06,1.6791E-01
4.69840E-06,1.6889E-01
4.69880E-06,1.6791E-01
4.69920E-06,1.6889E-01
4.69960E-06,1.6889E-01
4.70000E-06,1.6791E-01
4.70040E-06,1.6693E-01
4.70080E-06,1.6986E-01
4.70120E-06,1.6986E-01
4.70160E-06,1.6986E-01
4.70200E-06,1.6889E-01
4.70240E-06,1.7182E-01
4.70280E-06,1.7182E-01
4.70320E-06,1.6986E-01
4.70360E-06,1.6986E-01
4.70400E-06,1.7182E-01
4.70440E-06,1.7182E-01
4.70480E-06,1.6596E-01
4.70520E-06,1.7279E-01
4.70560E-06,1.6889E-01
4.70600E-06,1.6791E-01
4.70640E-06,1.7182E-01
4.70680E-06,1.6596E-01
4.70720E-06,1.6889E-01
4.70760E-06,1.6596E-01
4.70800E-06,1.7182E-01
4.70840E-06,1.7084E-01
4.70880E-06,1.6791E-01
4.70920E-06,1.6791E-01
4.70960E-06,1.6889E-01
4.71000E-06,1.6986E-01
4.71040E-06,1.6791E-01
4.71080E-06,1.6693E-01
4.71120E-06,1.6693E-01
4.71160E-06,1.6889E-01
4.71200E-06,1.6986E-01
4.71240E-06,1.6889E-01
4.71280E-06,1.6986E-01
4.71320E-06,1.6596E-01
4.71360E-06,1.6791E-01
4.71400E-06,1.6986E-01
4.71440E-06,1.6693E-01
4.71480E-06,1.6889E-01
4.71520E-06,1.6986E-01
4.71560E-06,1.6889E-01
4.71600E-06,1.6986E-01
4.71640E-06,1.6889E-01
4.71680E-06,1.6596E-01
4.71720E-06,1.6986E-01
4.71760E-06,1.6889E-01
4.71800E-06,1.6889E-01
4.71840E-06,1.6791E-01
4.71880E-06,1.6986E-01
4.71920E-06,1.6986E-01
4.71960E-06,1.6693E-01
4.72000E-06,1.6693E-01
4.72040E-06,1.6596E-01
4.72080E-06,1.6693E-01
4.72120E-06,1.6596E-01
4.72160E-06,1.6986E-01
4.72200E-06,1.6889E-01
4.72240E-06,1.6693E-01
4.72280E-06,1.6889E-01
4.72320E-06,1.6693E-01
4.72360E-06,1.7084E-01
4.72400E-06,1.6889E-01
4.72440E-06,1.6986E-01
4.72480E-06,1.6693E-01
4.72520E-06,1.6791E-01
4.72560E-06,1.6986E-01
4.72600E-06,1.6791E-01
4.72640E-06,1.6986E-01
4.72680E-06,1.6693E-01
4.72720E-06,1.6791E-01
4.72760E-06,1.6791E-01
4.72800E-06,1.6693E-01
4.72840E-06,1.6986E-01
4.72880E-06,1.7084E-01
4.72920E-06,1.6889E-01
4.72960E-06,1.6693E-01
4.73000E-06,1.7182E-01
4.73040E-06,1.6889E-01
4.73080E-06,1.7084E-01
4.73120E-06,1.6889E-01
4.73160E-06,1.6889E-01
4.73200E-06,1.6986E-01
4.73240E-06,1.6693E-01
4.73280E-06,1.6791E-01
4.73320E-06,1.7182E-01
4.73360E-06,1.6693E-01
4.73400E-06,1.6889E-01
4.73440E-06,1.6791E-01
4.73480E-06,1.6791E-01
4.73520E-06,1.6986E-01
4.73560E-06,1.7084E-01
4.73600E-06,1.6986E-01
4.73640E-06,1.6791E-01
4.73680E-06,1.6693E-01
4.73720E-06,1.6693E-01
4.73760E-06,1.6889E-01
4.73800E-06,1.6986E-01
4.73840E-06,1.6693E-01
4.73880E-06,1.6693E-01
4.73920E-06,1.6986E-01
4.73960E-06,1.6693E-01
4.74000E-06,1.6986E-01
4.74040E-06,1.6693E-01
4.74080E-06,1.6791E-01
4.74120E-06,1.7182E-01
4.74160E-06,1.7279E-01
4.74200E-06,1.6791E-01
4.74240E-06,1.6596E-01
4.74280E-06,1.6693E-01
4.74320E-06,1.6693E-01
4.74360E-06,1.6791E-01
4.74400E-06,1.6986E-01
4.74440E-06,1.6596E-01
4.74480E-06,1.6986E-01
4.74520E-06,1.6791E-01
4.74560E-06,1.6791E-01
4.74600E-06,1.6791E-01
4.74640E-06,1.6889E-01
4.74680E-06,1.6889E-01
4.74720E-06,1.6596E-01
4.74760E-06,1.6693E-01
4.74800E-06,1.6986E-01
4.74840E-06,1.6693E-01
4.74880E-06,1.6986E-01
4.74920E-06,1.6498E-01
4.74960E-06,1.6986E-01
4.75000E-06,1.6986E-01
4.75040E-06,1.6986E-01
4.75080E-06,1.6693E-01
4.75120E-06,1.6889E-01
4.75160E-06,1.6791E-01
4.75200E-06,1.6596E-01
4.75240E-06,1.6791E-01
4.75280E-06,1.6693E-01
4.75320E-06,1.6596E-01
4.75360E-06,1.6889E-01
4.75400E-06,1.6596E-01
4.75440E-06,1.6986E-01
4.75480E-06,1.6889E-01
4.75520E-06,1.6791E-01
4.75560E-06,1.6889E-01
4.75600E-06,1.6596E-01
4.75640E-06,1.6791E-01
4.75680E-06,1.6986E-01
4.75720E-06,1.6693E-01
4.75760E-06,1.6693E-01
4.75800E-06,1.6791E-01
4.75840E-06,1.6889E-01
4.75880E-06,1.6596E-01
4.75920E-06,1.6986E-01
4.75960E-06,1.6791E-01
4.76000E-06,1.6693E-01
4.76040E-06,1.6596E-01
4.76080E-06,1.6986E-01
4.76120E-06,1.6791E-01
4.76160E-06,1.6596E-01
4.76200E-06,1.6400E-01
4.76240E-06,1.6889E-01
4.76280E-06,1.6693E-01
4.76320E-06,1.6986E-01
4.76360E-06,1.6986E-01
4.76400E-06,1.7084E-01
4.76440E-06,1.7084E-01
4.76480E-06,1.6693E-01
4.76520E-06,1.6693E-01
4.76560E-06,1.6791E-01
4.76600E-06,1.6498E-01
4.76640E-06,1.6791E-01
4.76680E-06,1.6498E-01
4.76720E-06,1.6693E-01
4.76760E-06,1.6596E-01
4.76800E-06,1.6596E-01
4.76840E-06,1.6889E-01
4.76880E-06,1.6596E-01
4.76920E-06,1.6986E-01
4.76960E-06,1.6889E-01
4.77000E-06,1.6596E-01
4.77040E-06,1.6693E-01
4.77080E-06,1.6596E-01
4.77120E-06,1.6791E-01
4.77160E-06,1.6889E-01
4.77200E-06,1.6986E-01
4.77240E-06,1.6889E-01
4.77280E-06,1.6791E-01
4.77320E-06,1.6986E-01
4.77360E-06,1.6889E-01
4.77400E-06,1.6986E-01
4.77440E-06,1.6791E-01
4.77480E-06,1.6986E-01
4.77520E-06,1.6693E-01
4.77560E-06,1.6986E-01
4.77600E-06,1.6693E-01
4.77640E-06,1.6889E-01
4.77680E-06,1.6986E-01
4.77720E-06,1.6791E-01
4.77760E-06,1.6986E-01
4.77800E-06,1.6791E-01
4.77840E-06,1.6889E-01
4.77880E-06,1.7084E-01
4.77920E-06,1.7182E-01
4.77960E-06,1.6986E-01
4.78000E-06,1.6986E-01
4.78040E-06,1.6889E-01
4.78080E-06,1.6986E-01
4.78120E-06,1.6791E-01
4.78160E-06,1.6791E-01
4.78200E-06,1.6889E-01
4.78240E-06,1.6791E-01
4.78280E-06,1.7084E-01
4.78320E-06,1.7182E-01
4.78360E-06,1.6596E-01
4.78400E-06,1.6986E-01
4.78440E-06,1.6693E-01
4.78480E-06,1.6791E-01
4.78520E-06,1.6889E-01
4.78560E-06,1.6791E-01
4.78600E-06,1.6791E-01
4.78640E-06,1.7084E-01
4.78680E-06,1.6889E-01
4.78720E-06,1.6791E-01
4.78760E-06,1.7084E-01
4.78800E-06,1.6596E-01
4.78840E-06,1.6986E-01
4.78880E-06,1.6693E-01
4.78920E-06,1.7084E-01
4.78960E-06,1.7084E-01
4.79000E-06,1.6693E-01
4.79040E-06,1.6693E-01
4.79080E-06,1.6498E-01
4.79120E-06,1.6498E-01
4.79160E-06,1.6693E-01
4.79200E-06,1.6693E-01
4.79240E-06,1.6596E-01
4.79280E-06,1.6986E-01
4.79320E-06,1.7279E-01
4.79360E-06,1.6596E-01
4.79400E-06,1.6596E-01
4.79440E-06,1.6889E-01
4.79480E-06,1.6791E-01
4.79520E-06,1.6596E-01
4.79560E-06,1.6889E-01
4.79600E-06,1.6693E-01
4.79640E-06,1.6791E-01
4.79680E-06,1.6889E-01
4.79720E-06,1.6791E-01
4.79760E-06,1.6303E-01
4.79800E-06,1.6693E-01
4.79840E-06,1.6889E-01
4.79880E-06,1.6986E-01
4.79920E-06,1.6986E-01
4.79960E-06,1.6596E-01
4.80000E-06,1.6986E-01
4.80040E-06,1.7084E-01
4.80080E-06,1.6791E-01
4.80120E-06,1.7182E-01
4.80160E-06,1.6693E-01
4.80200E-06,1.6889E-01
4.80240E-06,1.7084E-01
4.80280E-06,1.6889E-01
4.80320E-06,1.6986E-01
4.80360E-06,1.6889E-01
4.80400E-06,1.6693E-01
4.80440E-06,1.6889E-01
4.80480E-06,1.6791E-01
4.80520E-06,1.6986E-01
4.80560E-06,1.6693E-01
4.80600E-06,1.6986E-01
4.80640E-06,1.6693E-01
4.80680E-06,1.6693E-01
4.80720E-06,1.6596E-01
4.80760E-06,1.6693E-01
4.80800E-06,1.6693E-01
4.80840E-06,1.6889E-01
4.80880E-06,1.6889E-01
4.80920E-06,1.6693E-01
4.80960E-06,1.6791E-01
4.81000E-06,1.6986E-01
4.81040E-06,1.6791E-01
4.81080E-06,1.6791E-01
4.81120E-06,1.6791E-01
4.81160E-06,1.6986E-01
4.81200E-06,1.6889E-01
4.81240E-06,1.6791E-01
4.81280E-06,1.6791E-01
4.81320E-06,1.6693E-01
4.81360E-06,1.6596E-01
4.81400E-06,1.6986E-01
4.81440E-06,1.6986E-01
4.81480E-06,1.6889E-01
4.81520E-06,1.6889E-01
4.81560E-06,1.6889E-01
4.81600E-06,1.6986E-01
4.81640E-06,1.6693E-01
4.81680E-06,1.7182E-01
4.81720E-06,1.6986E-01
4.81760E-06,1.6986E-01
4.81800E-06,1.6889E-01
4.81840E-06,1.6986E-01
4.81880E-06,1.6791E-01
4.81920E-06,1.6596E-01
4.81960E-06,1.6596E-01
4.82000E-06,1.7084E-01
4.82040E-06,1.6693E-01
4.82080E-06,1.6693E-01
4.82120E-06,1.6986E-01
4.82160E-06,1.6693E-01
4.82200E-06,1.6693E-01
4.82240E-06,1.6791E-01
4.82280E-06,1.6596E-01
4.82320E-06,1.6693E-01
4.82360E-06,1.6889E-01
4.82400E-06,1.6693E-01
4.82440E-06,1.6400E-01
4.82480E-06,1.6693E-01
4.82520E-06,1.6791E-01
4.82560E-06,1.6596E-01
4.82600E-06,1.6791E-01
4.82640E-06,1.6791E-01
4.82680E-06,1.6693E-01
4.82720E-06,1.6596E-01
4.82760E-06,1.6889E-01
4.82800E-06,1.6889E-01
4.82840E-06,1.6400E-01
4.82880E-06,1.6986E-01
4.82920E-06,1.6889E-01
4.82960E-06,1.6596E-01
4.83000E-06,1.6693E-01
4.83040E-06,1.7084E-01
4.83080E-06,1.6986E-01
4.83120E-06,1.6986E-01
4.83160E-06,1.6889E-01
4.83200E-06,1.6986E-01
4.83240E-06,1.7084E-01
4.83280E-06,1.6693E-01
4.83320E-06,1.7182E-01
4.83360E-06,1.6596E-01
4.83400E-06,1.6693E-01
4.83440E-06,1.6693E-01
4.83480E-06,1.6791E-01
4.83520E-06,1.6596E-01
4.83560E-06,1.6889E-01
4.83600E-06,1.6791E-01
4.83640E-06,1.6596E-01
4.83680E-06,1.6693E-01
4.83720E-06,1.6889E-01
4.83760E-06,1.6986E-01
4.83800E-06,1.6986E-01
4.83840E-06,1.6986E-01
4.83880E-06,1.6693E-01
4.83920E-06,1.6596E-01
4.83960E-06,1.6791E-01
4.84000E-06,1.6791E-01
4.84040E-06,1.6791E-01
4.84080E-06,1.6889E-01
4.84120E-06,1.6596E-01
4.84160E-06,1.6596E-01
4.84200E-06,1.6889E-01
4.84240E-06,1.6693E-01
4.84280E-06,1.6889E-01
4.84320E-06,1.6693E-01
4.84360E-06,1.6889E-01
4.84400E-06,1.6986E-01
4.84440E-06,1.6889E-01
4.84480E-06,1.6596E-01
4.84520E-06,1.7182E-01
4.84560E-06,1.6693E-01
4.84600E-06,1.6498E-01
4.84640E-06,1.6889E-01
4.84680E-06,1.6791E-01
4.84720E-06,1.7182E-01
4.84760E-06,1.6596E-01
4.84800E-06,1.6693E-01
4.84840E-06,1.6986E-01
4.84880E-06,1.6986E-01
4.84920E-06,1.6693E-01
4.84960E-06,1.6889E-01
4.85000E-06,1.7084E-01
4.85040E-06,1.6889E-01
4.85080E-06,1.7279E-01
4.85120E-06,1.6889E-01
4.85160E-06,1.6303E-01
4.85200E-06,1.6693E-01
4.85240E-06,1.7182E-01
4.85280E-06,1.6791E-01
4.85320E-06,1.6986E-01
4.85360E-06,1.7182E-01
4.85400E-06,1.6693E-01
4.85440E-06,1.6986E-01
4.85480E-06,1.6986E-01
4.85520E-06,1.6986E-01
4.85560E-06,1.7182E-01
4.85600E-06,1.7084E-01
4.85640E-06,1.6986E-01
4.85680E-06,1.7279E-01
4.85720E-06,1.6889E-01
4.85760E-06,1.6693E-01
4.85800E-06,1.6693E-01
4.85840E-06,1.6986E-01
4.85880E-06,1.6693E-01
4.85920E-06,1.6693E-01
4.85960E-06,1.6693E-01
4.86000E-06,1.6889E-01
4.86040E-06,1.6791E-01
4.86080E-06,1.6986E-01
4.86120E-06,1.6889E-01
4.86160E-06,1.7084E-01
4.86200E-06,1.6791E-01
4.86240E-06,1.7182E-01
4.86280E-06,1.6986E-01
4.86320E-06,1.6693E-01
4.86360E-06,1.6889E-01
4.86400E-06,1.6693E-01
4.86440E-06,1.7084E-01
4.86480E-06,1.6693E-01
4.86520E-06,1.6889E-01
4.86560E-06,1.6693E-01
4.86600E-06,1.6889E-01
4.86640E-06,1.6889E-01
4.86680E-06,1.6693E-01
4.86720E-06,1.6889E-01
4.86760E-06,1.6889E-01
4.86800E-06,1.6986E-01
4.86840E-06,1.6889E-01
4.86880E-06,1.6596E-01
4.86920E-06,1.6693E-01
4.86960E-06,1.6791E-01
4.87000E-06,1.6889E-01
4.87040E-06,1.6596E-01
4.87080E-06,1.6986E-01
4.87120E-06,1.6596E-01
4.87160E-06,1.6791E-01
4.87200E-06,1.6596E-01
4.87240E-06,1.6889E-01
4.87280E-06,1.6986E-01
4.87320E-06,1.6889E-01
4.87360E-06,1.6693E-01
4.87400E-06,1.6986E-01
4.87440E-06,1.6791E-01
4.87480E-06,1.6986E-01
4.87520E-06,1.6693E-01
4.87560E-06,1.6986E-01
4.87600E-06,1.6986E-01
4.87640E-06,1.6889E-01
4.87680E-06,1.6986E-01
4.87720E-06,1.6596E-01
4.87760E-06,1.6791E-01
4.87800E-06,1.7084E-01
4.87840E-06,1.6791E-01
4.87880E-06,1.6889E-01
4.87920E-06,1.7182E-01
4.87960E-06,1.6693E-01
4.88000E-06,1.6889E-01
4.88040E-06,1.6596E-01
4.88080E-06,1.6693E-01
4.88120E-06,1.6693E-01
4.88160E-06,1.7182E-01
4.88200E-06,1.6596E-01
4.88240E-06,1.6791E-01
4.88280E-06,1.6889E-01
4.88320E-06,1.6596E-01
4.88360E-06,1.6693E-01
4.88400E-06,1.6693E-01
4.88440E-06,1.6693E-01
4.88480E-06,1.6986E-01
4.88520E-06,1.6400E-01
4.88560E-06,1.6889E-01
4.88600E-06,1.6791E-01
4.88640E-06,1.6791E-01
4.88680E-06,1.6596E-01
4.88720E-06,1.6693E-01
4.88760E-06,1.6889E-01
4.88800E-06,1.6791E-01
4.88840E-06,1.6596E-01
4.88880E-06,1.6986E-01
4.88920E-06,1.6889E-01
4.88960E-06,1.6693E-01
4.89000E-06,1.6889E-01
4.89040E-06,1.6693E-01
4.89080E-06,1.7084E-01
4.89120E-06,1.6791E-01
4.89160E-06,1.6889E-01
4.89200E-06,1.6889E-01
4.89240E-06,1.6596E-01
4.89280E-06,1.6889E-01
4.89320E-06,1.6889E-01
4.89360E-06,1.6986E-01
4.89400E-06,1.7084E-01
4.89440E-06,1.6693E-01
4.89480E-06,1.6693E-01
4.89520E-06,1.6693E-01
4.89560E-06,1.6889E-01
4.89600E-06,1.6596E-01
4.89640E-06,1.6693E-01
4.89680E-06,1.6596E-01
4.89720E-06,1.6889E-01
4.89760E-06,1.6596E-01
4.89800E-06,1.6596E-01
4.89840E-06,1.6693E-01
4.89880E-06,1.6889E-01
4.89920E-06,1.6791E-01
4.89960E-06,1.6791E-01
4.90000E-06,1.6986E-01
4.90040E-06,1.6791E-01
4.90080E-06,1.7182E-01
4.90120E-06,1.6400E-01
4.90160E-06,1.6693E-01
4.90200E-06,1.6889E-01
4.90240E-06,1.6889E-01
4.90280E-06,1.6693E-01
4.90320E-06,1.7084E-01
4.90360E-06,1.7084E-01
4.90400E-06,1.6986E-01
4.90440E-06,1.6889E-01
4.90480E-06,1.6596E-01
4.90520E-06,1.6791E-01
4.90560E-06,1.7182E-01
4.90600E-06,1.6889E-01
4.90640E-06,1.6889E-01
4.90680E-06,1.6596E-01
4.90720E-06,1.6693E-01
4.90760E-06,1.6791E-01
4.90800E-06,1.6791E-01
4.90840E-06,1.6693E-01
4.90880E-06,1.6889E-01
4.90920E-06,1.6693E-01
4.90960E-06,1.6693E-01
4.91000E-06,1.6791E-01
4.91040E-06,1.6986E-01
4.91080E-06,1.6693E-01
4.91120E-06,1.6596E-01
4.91160E-06,1.6693E-01
4.91200E-06,1.6889E-01
4.91240E-06,1.6791E-01
4.91280E-06,1.6889E-01
4.91320E-06,1.6889E-01
4.91360E-06,1.6986E-01
4.91400E-06,1.6596E-01
4.91440E-06,1.6498E-01
4.91480E-06,1.6693E-01
4.91520E-06,1.6693E-01
4.91560E-06,1.6791E-01
4.91600E-06,1.6596E-01
4.91640E-06,1.6986E-01
4.91680E-06,1.6596E-01
4.91720E-06,1.6791E-01
4.91760E-06,1.6889E-01
4.91800E-06,1.6889E-01
4.91840E-06,1.6791E-01
4.91880E-06,1.6791E-01
4.91920E-06,1.6693E-01
4.91960E-06,1.6889E-01
4.92000E-06,1.6889E-01
4.92040E-06,1.6693E-01
4.92080E-06,1.6693E-01
4.92120E-06,1.6889E-01
4.92160E-06,1.6889E-01
4.92200E-06,1.6693E-01
4.92240E-06,1.6596E-01
4.92280E-06,1.6791E-01
4.92320E-06,1.6791E-01
4.92360E-06,1.6791E-01
4.92400E-06,1.6986E-01
4.92440E-06,1.6693E-01
4.92480E-06,1.6791E-01
4.92520E-06,1.6693E-01
4.92560E-06,1.6693E-01
4.92600E-06,1.6986E-01
4.92640E-06,1.6498E-01
4.92680E-06,1.6791E-01
4.92720E-06,1.6889E-01
4.92760E-06,1.6791E-01
4.92800E-06,1.6889E-01
4.92840E-06,1.6889E-01
4.92880E-06,1.6693E-01
4.92920E-06,1.6596E-01
4.92960E-06,1.6596E-01
4.93000E-06,1.6791E-01
4.93040E-06,1.6693E-01
4.93080E-06,1.6791E-01
4.93120E-06,1.6986E-01
4.93160E-06,1.6889E-01
4.93200E-06,1.6596E-01
4.93240E-06,1.6889E-01
4.93280E-06,1.6791E-01
4.93320E-06,1.6596E-01
4.93360E-06,1.6889E-01
4.93400E-06,1.6498E-01
4.93440E-06,1.7084E-01
4.93480E-06,1.6596E-01
4.93520E-06,1.6693E-01
4.93560E-06,1.6986E-01
4.93600E-06,1.6889E-01
4.93640E-06,1.6889E-01
4.93680E-06,1.7182E-01
4.93720E-06,1.6693E-01
4.93760E-06,1.6791E-01
4.93800E-06,1.6791E-01
4.93840E-06,1.6986E-01
4.93880E-06,1.6986E-01
4.93920E-06,1.6791E-01
4.93960E-06,1.6986E-01
4.94000E-06,1.6791E-01
4.94040E-06,1.6889E-01
4.94080E-06,1.6693E-01
4.94120E-06,1.6791E-01
4.94160E-06,1.6596E-01
4.94200E-06,1.6791E-01
4.94240E-06,1.6986E-01
4.94280E-06,1.6986E-01
4.94320E-06,1.6791E-01
4.94360E-06,1.6693E-01
4.94400E-06,1.6791E-01
4.94440E-06,1.6693E-01
4.94480E-06,1.6693E-01
4.94520E-06,1.6986E-01
4.94560E-06,1.6693E-01
4.94600E-06,1.6596E-01
4.94640E-06,1.6889E-01
4.94680E-06,1.6791E-01
4.94720E-06,1.6596E-01
4.94760E-06,1.6889E-01
4.94800E-06,1.6693E-01
4.94840E-06,1.6791E-01
4.94880E-06,1.6986E-01
4.94920E-06,1.6693E-01
4.94960E-06,1.6889E-01
4.95000E-06,1.6791E-01
4.95040E-06,1.6986E-01
4.95080E-06,1.6986E-01
4.95120E-06,1.6986E-01
4.95160E-06,1.6889E-01
4.95200E-06,1.6693E-01
4.95240E-06,1.6986E-01
4.95280E-06,1.6986E-01
4.95320E-06,1.6889E-01
4.95360E-06,1.6889E-01
4.95400E-06,1.6693E-01
4.95440E-06,1.6889E-01
4.95480E-06,1.6596E-01
4.95520E-06,1.6791E-01
4.95560E-06,1.6791E-01
4.95600E-06,1.7182E-01
4.95640E-06,1.6596E-01
4.95680E-06,1.7084E-01
4.95720E-06,1.6889E-01
4.95760E-06,1.6889E-01
4.95800E-06,1.6986E-01
4.95840E-06,1.6693E-01
4.95880E-06,1.6693E-01
4.95920E-06,1.6791E-01
4.95960E-06,1.6889E-01
4.96000E-06,1.6596E-01
4.96040E-06,1.6791E-01
4.96080E-06,1.6986E-01
4.96120E-06,1.6889E-01
4.96160E-06,1.6693E-01
4.96200E-06,1.6791E-01
4.96240E-06,1.6791E-01
4.96280E-06,1.6889E-01
4.96320E-06,1.6986E-01
4.96360E-06,1.6303E-01
4.96400E-06,1.6889E-01
4.96440E-06,1.6889E-01
4.96480E-06,1.6986E-01
4.96520E-06,1.6400E-01
4.96560E-06,1.6693E-01
4.96600E-06,1.6791E-01
4.96640E-06,1.6791E-01
4.96680E-06,1.7084E-01
4.96720E-06,1.6596E-01
4.96760E-06,1.6889E-01
4.96800E-06,1.6693E-01
4.96840E-06,1.6986E-01
4.96880E-06,1.6693E-01
4.96920E-06,1.6791E-01
4.96960E-06,1.6986E-01
4.97000E-06,1.6889E-01
4.97040E-06,1.6986E-01
4.97080E-06,1.6693E-01
4.97120E-06,1.6791E-01
4.97160E-06,1.6986E-01
4.97200E-06,1.6986E-01
4.97240E-06,1.7084E-01
4.97280E-06,1.6791E-01
4.97320E-06,1.6889E-01
4.97360E-06,1.6791E-01
4.97400E-06,1.6791E-01
4.97440E-06,1.6791E-01
4.97480E-06,1.6596E-01
4.97520E-06,1.6693E-01
4.97560E-06,1.6889E-01
4.97600E-06,1.7084E-01
4.97640E-06,1.6791E-01
4.97680E-06,1.6791E-01
4.97720E-06,1.6791E-01
4.97760E-06,1.6986E-01
4.97800E-06,1.6596E-01
4.97840E-06,1.6889E-01
4.97880E-06,1.6596E-01
4.97920E-06,1.6889E-01
4.97960E-06,1.6986E-01
4.98000E-06,1.6693E-01
4.98040E-06,1.6889E-01
4.98080E-06,1.6693E-01
4.98120E-06,1.6596E-01
4.98160E-06,1.6889E-01
4.98200E-06,1.6596E-01
4.98240E-06,1.6693E-01
4.98280E-06,1.6596E-01
4.98320E-06,1.6693E-01
4.98360E-06,1.6596E-01
4.98400E-06,1.6596E-01
4.98440E-06,1.6693E-01
4.98480E-06,1.6986E-01
4.98520E-06,1.6791E-01
4.98560E-06,1.6791E-01
4.98600E-06,1.6791E-01
4.98640E-06,1.6596E-01
4.98680E-06,1.6791E-01
4.98720E-06,1.6693E-01
4.98760E-06,1.6596E-01
4.98800E-06,1.6693E-01
4.98840E-06,1.6303E-01
4.98880E-06,1.6889E-01
4.98920E-06,1.6693E-01
4.98960E-06,1.6693E-01
4.99000E-06,1.6986E-01
4.99040E-06,1.6791E-01
4.99080E-06,1.6889E-01
4.99120E-06,1.7182E-01
4.99160E-06,1.6986E-01
4.99200E-06,1.6693E-01
4.99240E-06,1.6986E-01
4.99280E-06,1.6596E-01
4.99320E-06,1.6693E-01
4.99360E-06,1.6791E-01
4.99400E-06,1.6889E-01
4.99440E-06,1.6791E-01
4.99480E-06,1.6693E-01
4.99520E-06,1.6791E-01
4.99560E-06,1.6596E-01
4.99600E-06,1.6596E-01
4.99640E-06,1.6498E-01
4.99680E-06,1.6889E-01
4.99720E-06,1.6596E-01
4.99760E-06,1.6693E-01
4.99800E-06,1.6693E-01
4.99840E-06,1.6889E-01
4.99880E-06,1.6791E-01
4.99920E-06,1.6693E-01
4.99960E-06,1.6693E-01
5.00000E-06,1.6596E-01
5.00040E-06,1.6889E-01
5.00080E-06,1.6791E-01
5.00120E-06,1.6791E-01
5.00160E-06,1.6791E-01
5.00200E-06,1.6986E-01
5.00240E-06,1.7084E-01
5.00280E-06,1.6693E-01
5.00320E-06,1.6986E-01
5.00360E-06,1.7084E-01
5.00400E-06,1.7084E-01
5.00440E-06,1.6596E-01
5.00480E-06,1.6596E-01
5.00520E-06,1.6791E-01
5.00560E-06,1.6791E-01
5.00600E-06,1.6596E-01
5.00640E-06,1.6596E-01
5.00680E-06,1.6693E-01
5.00720E-06,1.6791E-01
5.00760E-06,1.6693E-01
5.00800E-06,1.7084E-01
5.00840E-06,1.6889E-01
5.00880E-06,1.6693E-01
5.00920E-06,1.6596E-01
5.00960E-06,1.6693E-01
5.01000E-06,1.6986E-01
5.01040E-06,1.6889E-01
5.01080E-06,1.6986E-01
5.01120E-06,1.6986E-01
5.01160E-06,1.6693E-01
5.01200E-06,1.6889E-01
5.01240E-06,1.6596E-01
5.01280E-06,1.6693E-01
5.01320E-06,1.6693E-01
5.01360E-06,1.6889E-01
5.01400E-06,1.6986E-01
5.01440E-06,1.6889E-01
5.01480E-06,1.6596E-01
5.01520E-06,1.6986E-01
5.01560E-06,1.6693E-01
5.01600E-06,1.6889E-01
5.01640E-06,1.6596E-01
5.01680E-06,1.6791E-01
5.01720E-06,1.6889E-01
5.01760E-06,1.6693E-01
5.01800E-06,1.6791E-01
5.01840E-06,1.6791E-01
5.01880E-06,1.6400E-01
5.01920E-06,1.6596E-01
5.01960E-06,1.6596E-01
5.02000E-06,1.6498E-01
5.02040E-06,1.6693E-01
5.02080E-06,1.6693E-01
5.02120E-06,1.6889E-01
5.02160E-06,1.6986E-01
5.02200E-06,1.6693E-01
5.02240E-06,1.6693E-01
5.02280E-06,1.6889E-01
5.02320E-06,1.6986E-01
5.02360E-06,1.6986E-01
5.02400E-06,1.6596E-01
5.02440E-06,1.6986E-01
5.02480E-06,1.6596E-01
5.02520E-06,1.6693E-01
5.02560E-06,1.6596E-01
5.02600E-06,1.6889E-01
5.02640E-06,1.6889E-01
5.02680E-06,1.6693E-01
5.02720E-06,1.6889E-01
5.02760E-06,1.6791E-01
5.02800E-06,1.6889E-01
5.02840E-06,1.6693E-01
5.02880E-06,1.6596E-01
5.02920E-06,1.6596E-01
5.02960E-06,1.6693E-01
5.03000E-06,1.6693E-01
5.03040E-06,1.6596E-01
5.03080E-06,1.6986E-01
5.03120E-06,1.6889E-01
5.03160E-06,1.6986E-01
5.03200E-06,1.6596E-01
5.03240E-06,1.6693E-01
5.03280E-06,1.6889E-01
5.03320E-06,1.6693E-01
5.03360E-06,1.6693E-01
5.03400E-06,1.6791E-01
5.03440E-06,1.6889E-01
5.03480E-06,1.6791E-01
5.03520E-06,1.6791E-01
5.03560E-06,1.6693E-01
5.03600E-06,1.7279E-01
5.03640E-06,1.6986E-01
5.03680E-06,1.6986E-01
5.03720E-06,1.6791E-01
5.03760E-06,1.6791E-01
5.03800E-06,1.6986E-01
5.03840E-06,1.6693E-01
5.03880E-06,1.6400E-01
5.03920E-06,1.6889E-01
5.03960E-06,1.6693E-01
5.04000E-06,1.6791E-01
5.04040E-06,1.6986E-01
5.04080E-06,1.6889E-01
5.04120E-06,1.6498E-01
5.04160E-06,1.6791E-01
5.04200E-06,1.6889E-01
5.04240E-06,1.6986E-01
5.04280E-06,1.6889E-01
5.04320E-06,1.6596E-01
5.04360E-06,1.6889E-01
5.04400E-06,1.6596E-01
5.04440E-06,1.6791E-01
5.04480E-06,1.6791E-01
5.04520E-06,1.7084E-01
5.04560E-06,1.6596E-01
5.04600E-06,1.6693E-01
5.04640E-06,1.6791E-01
5.04680E-06,1.6693E-01
5.04720E-06,1.6986E-01
5.04760E-06,1.6889E-01
5.04800E-06,1.6791E-01
5.04840E-06,1.6596E-01
5.04880E-06,1.6889E-01
5.04920E-06,1.6889E-01
5.04960E-06,1.6889E-01
5.05000E-06,1.6791E-01
5.05040E-06,1.6986E-01
5.05080E-06,1.7182E-01
5.05120E-06,1.6791E-01
5.05160E-06,1.6791E-01
5.05200E-06,1.6693E-01
5.05240E-06,1.6693E-01
5.05280E-06,1.6791E-01
5.05320E-06,1.6889E-01
5.05360E-06,1.6889E-01
5.05400E-06,1.6693E-01
5.05440E-06,1.6693E-01
5.05480E-06,1.6693E-01
5.05520E-06,1.6791E-01
5.05560E-06,1.6596E-01
5.05600E-06,1.6596E-01
5.05640E-06,1.6693E-01
5.05680E-06,1.6889E-01
5.05720E-06,1.6693E-01
5.05760E-06,1.6596E-01
5.05800E-06,1.6889E-01
5.05840E-06,1.6986E-01
5.05880E-06,1.6596E-01
5.05920E-06,1.6889E-01
5.05960E-06,1.6693E-01
5.06000E-06,1.6693E-01
5.06040E-06,1.6693E-01
5.06080E-06,1.6889E-01
5.06120E-06,1.6596E-01
5.06160E-06,1.6693E-01
5.06200E-06,1.6791E-01
5.06240E-06,1.6693E-01
5.06280E-06,1.6986E-01
5.06320E-06,1.6596E-01
5.06360E-06,1.6693E-01
5.06400E-06,1.6693E-01
5.06440E-06,1.6596E-01
5.06480E-06,1.6889E-01
5.06520E-06,1.6889E-01
5.06560E-06,1.7182E-01
5.06600E-06,1.6693E-01
5.06640E-06,1.6400E-01
5.06680E-06,1.6889E-01
5.06720E-06,1.6889E-01
5.06760E-06,1.6596E-01
5.06800E-06,1.6791E-01
5.06840E-06,1.6596E-01
5.06880E-06,1.6498E-01
5.06920E-06,1.6889E-01
5.06960E-06,1.6791E-01
5.07000E-06,1.6693E-01
5.07040E-06,1.6693E-01
5.07080E-06,1.6889E-01
5.07120E-06,1.6986E-01
5.07160E-06,1.6889E-01
5.07200E-06,1.6791E-01
5.07240E-06,1.6498E-01
5.07280E-06,1.6791E-01
5.07320E-06,1.6303E-01
5.07360E-06,1.6791E-01
5.07400E-06,1.6596E-01
5.07440E-06,1.6791E-01
5.07480E-06,1.6791E-01
5.07520E-06,1.6596E-01
5.07560E-06,1.6889E-01
5.07600E-06,1.6693E-01
5.07640E-06,1.6889E-01
5.07680E-06,1.6498E-01
5.07720E-06,1.6889E-01
5.07760E-06,1.6693E-01
5.07800E-06,1.6791E-01
5.07840E-06,1.6596E-01
5.07880E-06,1.6596E-01
5.07920E-06,1.6791E-01
5.07960E-06,1.6596E-01
5.08000E-06,1.6693E-01
5.08040E-06,1.6693E-01
5.08080E-06,1.6596E-01
5.08120E-06,1.6889E-01
5.08160E-06,1.6693E-01
5.08200E-06,1.6986E-01
5.08240E-06,1.6791E-01
5.08280E-06,1.6791E-01
5.08320E-06,1.6596E-01
5.08360E-06,1.6596E-01
5.08400E-06,1.7084E-01
5.08440E-06,1.6791E-01
5.08480E-06,1.6889E-01
5.08520E-06,1.6596E-01
5.08560E-06,1.6596E-01
5.08600E-06,1.6498E-01
5.08640E-06,1.6693E-01
5.08680E-06,1.6889E-01
5.08720E-06,1.7084E-01
5.08760E-06,1.6889E-01
5.08800E-06,1.6596E-01
5.08840E-06,1.6693E-01
5.08880E-06,1.6693E-01
5.08920E-06,1.6791E-01
5.08960E-06,1.7084E-01
5.09000E-06,1.6791E-01
5.09040E-06,1.6889E-01
5.09080E-06,1.6693E-01
5.09120E-06,1.6889E-01
5.09160E-06,1.6596E-01
5.09200E-06,1.6889E-01
5.09240E-06,1.6596E-01
5.09280E-06,1.6791E-01
5.09320E-06,1.6693E-01
5.09360E-06,1.6791E-01
5.09400E-06,1.6791E-01
5.09440E-06,1.6596E-01
5.09480E-06,1.6889E-01
5.09520E-06,1.6889E-01
5.09560E-06,1.6791E-01
5.09600E-06,1.6596E-01
5.09640E-06,1.6791E-01
5.09680E-06,1.6986E-01
5.09720E-06,1.6693E-01
5.09760E-06,1.6791E-01
5.09800E-06,1.6596E-01
5.09840E-06,1.6889E-01
5.09880E-06,1.6889E-01
5.09920E-06,1.6889E-01
5.09960E-06,1.6986E-01
5.10000E-06,1.6791E-01
5.10040E-06,1.6498E-01
5.10080E-06,1.6693E-01
5.10120E-06,1.6596E-01
5.10160E-06,1.6693E-01
5.10200E-06,1.6791E-01
5.10240E-06,1.7182E-01
5.10280E-06,1.6596E-01
5.10320E-06,1.7084E-01
5.10360E-06,1.6889E-01
5.10400E-06,1.6889E-01
5.10440E-06,1.6693E-01
5.10480E-06,1.6693E-01
5.10520E-06,1.6693E-01
5.10560E-06,1.6693E-01
5.10600E-06,1.6889E-01
5.10640E-06,1.6986E-01
5.10680E-06,1.6693E-01
5.10720E-06,1.6889E-01
5.10760E-06,1.6986E-01
5.10800E-06,1.6889E-01
5.10840E-06,1.6791E-01
5.10880E-06,1.6596E-01
5.10920E-06,1.6889E-01
5.10960E-06,1.6693E-01
5.11000E-06,1.6693E-01
5.11040E-06,1.6889E-01
5.11080E-06,1.6693E-01
5.11120E-06,1.6693E-01
5.11160E-06,1.6498E-01
5.11200E-06,1.6400E-01
5.11240E-06,1.6889E-01
5.11280E-06,1.6791E-01
5.11320E-06,1.6889E-01
5.11360E-06,1.6791E-01
5.11400E-06,1.6693E-01
5.11440E-06,1.6986E-01
5.11480E-06,1.6693E-01
5.11520E-06,1.6889E-01
5.11560E-06,1.6889E-01
5.11600E-06,1.6889E-01
5.11640E-06,1.6791E-01
5.11680E-06,1.6986E-01
5.11720E-06,1.6986E-01
5.11760E-06,1.6889E-01
5.11800E-06,1.6889E-01
5.11840E-06,1.6693E-01
5.11880E-06,1.6596E-01
5.11920E-06,1.6986E-01
5.11960E-06,1.6791E-01
5.12000E-06,1.6596E-01
5.12040E-06,1.6693E-01
5.12080E-06,1.6596E-01
5.12120E-06,1.6986E-01
5.12160E-06,1.6791E-01
5.12200E-06,1.6791E-01
5.12240E-06,1.7084E-01
5.12280E-06,1.6693E-01
5.12320E-06,1.6889E-01
5.12360E-06,1.6693E-01
5.12400E-06,1.7182E-01
5.12440E-06,1.6693E-01
5.12480E-06,1.6986E-01
5.12520E-06,1.6596E-01
5.12560E-06,1.6693E-01
5.12600E-06,1.6889E-01
5.12640E-06,1.6596E-01
5.12680E-06,1.6693E-01
5.12720E-06,1.6889E-01
5.12760E-06,1.7084E-01
5.12800E-06,1.6791E-01
5.12840E-06,1.7084E-01
5.12880E-06,1.6889E-01
5.12920E-06,1.6693E-01
5.12960E-06,1.6693E-01
5.13000E-06,1.6693E-01
5.13040E-06,1.6791E-01
5.13080E-06,1.6693E-01
5.13120E-06,1.6791E-01
5.13160E-06,1.6791E-01
5.13200E-06,1.6889E-01
5.13240E-06,1.6986E-01
5.13280E-06,1.6596E-01
5.13320E-06,1.6596E-01
5.13360E-06,1.6889E-01
5.13400E-06,1.6596E-01
5.13440E-06,1.6596E-01
5.13480E-06,1.6889E-01
5.13520E-06,1.6889E-01
5.13560E-06,1.6693E-01
5.13600E-06,1.6596E-01
5.13640E-06,1.6791E-01
5.13680E-06,1.6986E-01
5.13720E-06,1.6986E-01
5.13760E-06,1.6889E-01
5.13800E-06,1.6693E-01
5.13840E-06,1.6596E-01
5.13880E-06,1.6791E-01
5.13920E-06,1.6596E-01
5.13960E-06,1.6889E-01
5.14000E-06,1.6791E-01
5.14040E-06,1.6693E-01
5.14080E-06,1.6498E-01
5.14120E-06,1.6498E-01
5.14160E-06,1.6986E-01
5.14200E-06,1.6498E-01
5.14240E-06,1.6986E-01
5.14280E-06,1.6693E-01
5.14320E-06,1.6889E-01
5.14360E-06,1.6791E-01
5.14400E-06,1.6889E-01
5.14440E-06,1.6693E-01
5.14480E-06,1.6693E-01
5.14520E-06,1.6693E-01
5.14560E-06,1.6791E-01
5.14600E-06,1.6889E-01
5.14640E-06,1.6986E-01
5.14680E-06,1.6986E-01
5.14720E-06,1.6986E-01
5.14760E-06,1.6986E-01
5.14800E-06,1.6693E-01
5.14840E-06,1.6596E-01
5.14880E-06,1.6791E-01
5.14920E-06,1.6596E-01
5.14960E-06,1.6986E-01
5.15000E-06,1.6693E-01
5.15040E-06,1.6889E-01
5.15080E-06,1.6400E-01
5.15120E-06,1.6791E-01
5.15160E-06,1.6889E-01
5.15200E-06,1.6791E-01
5.15240E-06,1.6693E-01
5.15280E-06,1.6791E-01
5.15320E-06,1.6693E-01
5.15360E-06,1.6986E-01
5.15400E-06,1.6791E-01
5.15440E-06,1.6693E-01
5.15480E-06,1.6693E-01
5.15520E-06,1.6986E-01
5.15560E-06,1.6889E-01
5.15600E-06,1.6693E-01
5.15640E-06,1.6889E-01
5.15680E-06,1.6986E-01
5.15720E-06,1.6791E-01
5.15760E-06,1.6693E-01
5.15800E-06,1.6889E-01
5.15840E-06,1.6596E-01
5.15880E-06,1.6791E-01
5.15920E-06,1.6498E-01
5.15960E-06,1.6596E-01
5.16000E-06,1.6889E-01
5.16040E-06,1.6986E-01
5.16080E-06,1.6693E-01
5.16120E-06,1.6791E-01
5.16160E-06,1.6791E-01
5.16200E-06,1.6791E-01
5.16240E-06,1.6596E-01
5.16280E-06,1.6889E-01
5.16320E-06,1.6986E-01
5.16360E-06,1.6596E-01
5.16400E-06,1.6693E-01
5.16440E-06,1.6986E-01
5.16480E-06,1.6596E-01
5.16520E-06,1.6596E-01
5.16560E-06,1.6986E-01
5.16600E-06,1.6693E-01
5.16640E-06,1.6889E-01
5.16680E-06,1.6889E-01
5.16720E-06,1.6693E-01
5.16760E-06,1.6791E-01
5.16800E-06,1.6889E-01
5.16840E-06,1.6596E-01
5.16880E-06,1.6986E-01
5.16920E-06,1.6889E-01
5.16960E-06,1.6596E-01
5.17000E-06,1.6986E-01
5.17040E-06,1.6693E-01
5.17080E-06,1.7084E-01
5.17120E-06,1.6889E-01
5.17160E-06,1.6791E-01
5.17200E-06,1.6693E-01
5.17240E-06,1.6596E-01
5.17280E-06,1.6596E-01
5.17320E-06,1.6596E-01
5.17360E-06,1.6693E-01
5.17400E-06,1.6693E-01
5.17440E-06,1.6693E-01
5.17480E-06,1.6889E-01
5.17520E-06,1.6889E-01
5.17560E-06,1.6693E-01
5.17600E-06,1.6400E-01
5.17640E-06,1.6596E-01
5.17680E-06,1.6693E-01
5.17720E-06,1.6791E-01
5.17760E-06,1.6889E-01
5.17800E-06,1.6693E-01
5.17840E-06,1.6596E-01
5.17880E-06,1.6889E-01
5.17920E-06,1.6693E-01
5.17960E-06,1.6596E-01
5.18000E-06,1.6693E-01
5.18040E-06,1.6693E-01
5.18080E-06,1.6889E-01
5.18120E-06,1.6889E-01
5.18160E-06,1.6889E-01
5.18200E-06,1.6693E-01
5.18240E-06,1.6889E-01
5.18280E-06,1.6596E-01
5.18320E-06,1.6986E-01
5.18360E-06,1.6596E-01
5.18400E-06,1.6889E-01
5.18440E-06,1.6986E-01
5.18480E-06,1.6596E-01
5.18520E-06,1.6596E-01
5.18560E-06,1.6596E-01
5.18600E-06,1.6791E-01
5.18640E-06,1.6986E-01
5.18680E-06,1.6889E-01
5.18720E-06,1.6791E-01
5.18760E-06,1.6889E-01
5.18800E-06,1.6889E-01
5.18840E-06,1.6693E-01
5.18880E-06,1.7084E-01
5.18920E-06,1.6986E-01
5.18960E-06,1.7084E-01
5.19000E-06,1.6889E-01
5.19040E-06,1.6693E-01
5.19080E-06,1.6986E-01
5.19120E-06,1.6498E-01
5.19160E-06,1.6693E-01
5.19200E-06,1.6986E-01
5.19240E-06,1.7084E-01
5.19280E-06,1.6693E-01
5.19320E-06,1.6791E-01
5.19360E-06,1.6889E-01
5.19400E-06,1.6889E-01
5.19440E-06,1.6498E-01
5.19480E-06,1.6693E-01
5.19520E-06,1.7084E-01
5.19560E-06,1.6596E-01
5.19600E-06,1.6693E-01
5.19640E-06,1.6889E-01
5.19680E-06,1.6596E-01
5.19720E-06,1.6596E-01
5.19760E-06,1.6889E-01
5.19800E-06,1.6791E-01
5.19840E-06,1.6986E-01
5.19880E-06,1.6791E-01
5.19920E-06,1.6693E-01
5.19960E-06,1.6889E-01
5.20000E-06,1.6596E-01
5.20040E-06,1.6889E-01
5.20080E-06,1.6596E-01
5.20120E-06,1.6889E-01
5.20160E-06,1.6693E-01
5.20200E-06,1.6986E-01
5.20240E-06,1.6889E-01
5.20280E-06,1.7084E-01
5.20320E-06,1.6693E-01
5.20360E-06,1.7182E-01
5.20400E-06,1.6596E-01
5.20440E-06,1.6889E-01
5.20480E-06,1.6791E-01
5.20520E-06,1.6889E-01
5.20560E-06,1.6791E-01
5.20600E-06,1.6693E-01
5.20640E-06,1.6889E-01
5.20680E-06,1.6986E-01
5.20720E-06,1.6791E-01
5.20760E-06,1.7182E-01
5.20800E-06,1.6596E-01
5.20840E-06,1.6791E-01
5.20880E-06,1.6986E-01
5.20920E-06,1.7279E-01
5.20960E-06,1.6791E-01
5.21000E-06,1.6693E-01
5.21040E-06,1.6791E-01
5.21080E-06,1.6693E-01
5.21120E-06,1.6791E-01
5.21160E-06,1.6889E-01
5.21200E-06,1.6986E-01
5.21240E-06,1.6791E-01
5.21280E-06,1.6791E-01
5.21320E-06,1.6596E-01
5.21360E-06,1.6791E-01
5.21400E-06,1.6986E-01
5.21440E-06,1.6889E-01
5.21480E-06,1.6596E-01
5.21520E-06,1.6693E-01
5.21560E-06,1.6986E-01
5.21600E-06,1.6889E-01
5.21640E-06,1.6889E-01
5.21680E-06,1.6693E-01
5.21720E-06,1.6986E-01
5.21760E-06,1.6791E-01
5.21800E-06,1.6986E-01
5.21840E-06,1.6693E-01
5.21880E-06,1.6693E-01
5.21920E-06,1.6791E-01
5.21960E-06,1.6693E-01
5.22000E-06,1.6791E-01
5.22040E-06,1.6889E-01
5.22080E-06,1.6986E-01
5.22120E-06,1.7084E-01
5.22160E-06,1.7084E-01
5.22200E-06,1.6986E-01
5.22240E-06,1.6791E-01
5.22280E-06,1.6889E-01
5.22320E-06,1.6791E-01
5.22360E-06,1.6791E-01
5.22400E-06,1.6596E-01
5.22440E-06,1.6889E-01
5.22480E-06,1.6791E-01
5.22520E-06,1.6596E-01
5.22560E-06,1.6791E-01
5.22600E-06,1.6791E-01
5.22640E-06,1.7084E-01
5.22680E-06,1.6791E-01
5.22720E-06,1.6791E-01
5.22760E-06,1.6791E-01
5.22800E-06,1.6693E-01
5.22840E-06,1.6889E-01
5.22880E-06,1.6693E-01
5.22920E-06,1.7279E-01
5.22960E-06,1.6693E-01
5.23000E-06,1.6889E-01
5.23040E-06,1.6693E-01
5.23080E-06,1.6889E-01
5.23120E-06,1.7084E-01
5.23160E-06,1.6889E-01
5.23200E-06,1.6791E-01
5.23240E-06,1.6791E-01
5.23280E-06,1.6889E-01
5.23320E-06,1.6986E-01
5.23360E-06,1.6986E-01
5.23400E-06,1.6693E-01
5.23440E-06,1.6986E-01
5.23480E-06,1.6791E-01
5.23520E-06,1.6986E-01
5.23560E-06,1.6986E-01
5.23600E-06,1.6986E-01
5.23640E-06,1.7084E-01
5.23680E-06,1.6986E-01
5.23720E-06,1.7084E-01
5.23760E-06,1.7084E-01
5.23800E-06,1.6693E-01
5.23840E-06,1.6889E-01
5.23880E-06,1.7182E-01
5.23920E-06,1.6986E-01
5.23960E-06,1.6986E-01
5.24000E-06,1.6889E-01
5.24040E-06,1.6889E-01
5.24080E-06,1.6986E-01
5.24120E-06,1.7084E-01
5.24160E-06,1.6596E-01
5.24200E-06,1.6986E-01
5.24240E-06,1.6986E-01
5.24280E-06,1.6693E-01
5.24320E-06,1.6791E-01
5.24360E-06,1.6693E-01
5.24400E-06,1.6986E-01
5.24440E-06,1.6693E-01
5.24480E-06,1.6986E-01
5.24520E-06,1.6596E-01
5.24560E-06,1.6693E-01
5.24600E-06,1.6693E-01
5.24640E-06,1.6889E-01
5.24680E-06,1.6596E-01
5.24720E-06,1.6889E-01
5.24760E-06,1.6889E-01
5.24800E-06,1.6986E-01
5.24840E-06,1.6596E-01
5.24880E-06,1.6693E-01
5.24920E-06,1.6889E-01
5.24960E-06,1.6889E-01
5.25000E-06,1.6596E-01
5.25040E-06,1.7182E-01
5.25080E-06,1.6791E-01
5.25120E-06,1.7084E-01
5.25160E-06,1.6596E-01
5.25200E-06,1.6791E-01
5.25240E-06,1.6596E-01
5.25280E-06,1.6889E-01
5.25320E-06,1.6889E-01
5.25360E-06,1.6889E-01
5.25400E-06,1.6693E-01
5.25440E-06,1.6889E-01
5.25480E-06,1.6791E-01
5.25520E-06,1.6791E-01
5.25560E-06,1.6889E-01
5.25600E-06,1.6693E-01
5.25640E-06,1.6791E-01
5.25680E-06,1.6596E-01
5.25720E-06,1.6889E-01
5.25760E-06,1.6693E-01
5.25800E-06,1.6791E-01
5.25840E-06,1.6889E-01
5.25880E-06,1.6791E-01
5.25920E-06,1.7182E-01
5.25960E-06,1.6986E-01
5.26000E-06,1.6889E-01
5.26040E-06,1.6889E-01
5.26080E-06,1.6986E-01
5.26120E-06,1.6693E-01
5.26160E-06,1.6693E-01
5.26200E-06,1.7084E-01
5.26240E-06,1.7279E-01
5.26280E-06,1.6889E-01
5.26320E-06,1.6693E-01
5.26360E-06,1.6693E-01
5.26400E-06,1.6889E-01
5.26440E-06,1.6693E-01
5.26480E-06,1.6889E-01
5.26520E-06,1.6791E-01
5.26560E-06,1.6693E-01
5.26600E-06,1.6498E-01
5.26640E-06,1.6889E-01
5.26680E-06,1.6791E-01
5.26720E-06,1.6693E-01
5.26760E-06,1.6986E-01
5.26800E-06,1.6791E-01
5.26840E-06,1.6889E-01
5.26880E-06,1.6596E-01
5.26920E-06,1.6986E-01
5.26960E-06,1.6791E-01
5.27000E-06,1.6889E-01
5.27040E-06,1.6791E-01
5.27080E-06,1.6791E-01
5.27120E-06,1.6596E-01
5.27160E-06,1.6986E-01
5.27200E-06,1.6693E-01
5.27240E-06,1.6986E-01
5.27280E-06,1.6693E-01
5.27320E-06,1.6791E-01
5.27360E-06,1.6303E-01
5.27400E-06,1.6986E-01
5.27440E-06,1.7182E-01
5.27480E-06,1.6889E-01
5.27520E-06,1.6986E-01
5.27560E-06,1.6791E-01
5.27600E-06,1.6791E-01
5.27640E-06,1.6791E-01
5.27680E-06,1.6791E-01
5.27720E-06,1.6889E-01
5.27760E-06,1.6889E-01
5.27800E-06,1.6791E-01
5.27840E-06,1.7084E-01
5.27880E-06,1.6889E-01
5.27920E-06,1.6693E-01
5.27960E-06,1.6889E-01
5.28000E-06,1.6596E-01
5.28040E-06,1.7377E-01
5.28080E-06,1.6986E-01
5.28120E-06,1.6986E-01
5.28160E-06,1.6986E-01
5.28200E-06,1.6889E-01
5.28240E-06,1.6400E-01
5.28280E-06,1.6791E-01
5.28320E-06,1.6889E-01
5.28360E-06,1.6693E-01
5.28400E-06,1.6889E-01
5.28440E-06,1.6693E-01
5.28480E-06,1.6986E-01
5.28520E-06,1.6791E-01
5.28560E-06,1.7084E-01
5.28600E-06,1.7279E-01
5.28640E-06,1.6986E-01
5.28680E-06,1.6791E-01
5.28720E-06,1.6889E-01
5.28760E-06,1.6693E-01
5.28800E-06,1.6986E-01
5.28840E-06,1.6498E-01
5.28880E-06,1.6986E-01
5.28920E-06,1.6986E-01
5.28960E-06,1.6596E-01
5.29000E-06,1.6986E-01
5.29040E-06,1.6889E-01
5.29080E-06,1.6889E-01
5.29120E-06,1.6986E-01
5.29160E-06,1.6986E-01
5.29200E-06,1.6400E-01
5.29240E-06,1.6596E-01
5.29280E-06,1.6498E-01
5.29320E-06,1.6791E-01
5.29360E-06,1.6889E-01
5.29400E-06,1.6791E-01
5.29440E-06,1.6889E-01
5.29480E-06,1.6889E-01
5.29520E-06,1.6693E-01
5.29560E-06,1.6791E-01
5.29600E-06,1.6889E-01
5.29640E-06,1.6596E-01
5.29680E-06,1.6986E-01
5.29720E-06,1.6693E-01
5.29760E-06,1.6889E-01
5.29800E-06,1.6986E-01
5.29840E-06,1.6693E-01
5.29880E-06,1.6791E-01
5.29920E-06,1.6791E-01
5.29960E-06,1.6693E-01
5.30000E-06,1.6889E-01
5.30040E-06,1.6791E-01
5.30080E-06,1.6986E-01
5.30120E-06,1.6596E-01
5.30160E-06,1.7084E-01
5.30200E-06,1.6693E-01
5.30240E-06,1.6889E-01
5.30280E-06,1.6889E-01
5.30320E-06,1.6693E-01
5.30360E-06,1.6889E-01
5.30400E-06,1.6791E-01
5.30440E-06,1.6693E-01
5.30480E-06,1.6400E-01
5.30520E-06,1.6986E-01
5.30560E-06,1.6791E-01
5.30600E-06,1.6986E-01
5.30640E-06,1.6889E-01
5.30680E-06,1.6791E-01
5.30720E-06,1.6986E-01
5.30760E-06,1.6693E-01
5.30800E-06,1.6498E-01
5.30840E-06,1.6596E-01
5.30880E-06,1.6400E-01
5.30920E-06,1.6596E-01
5.30960E-06,1.7084E-01
5.31000E-06,1.6889E-01
5.31040E-06,1.6889E-01
5.31080E-06,1.6889E-01
5.31120E-06,1.6693E-01
5.31160E-06,1.6596E-01
5.31200E-06,1.6889E-01
5.31240E-06,1.6986E-01
5.31280E-06,1.6693E-01
5.31320E-06,1.6986E-01
5.31360E-06,1.6791E-01
5.31400E-06,1.6986E-01
5.31440E-06,1.6986E-01
5.31480E-06,1.6791E-01
5.31520E-06,1.6791E-01
5.31560E-06,1.7279E-01
5.31600E-06,1.6889E-01
5.31640E-06,1.6986E-01
5.31680E-06,1.6791E-01
5.31720E-06,1.6693E-01
5.31760E-06,1.6986E-01
5.31800E-06,1.6889E-01
5.31840E-06,1.6693E-01
5.31880E-06,1.6986E-01
5.31920E-06,1.6693E-01
5.31960E-06,1.6596E-01
5.32000E-06,1.6889E-01
5.32040E-06,1.6693E-01
5.32080E-06,1.6791E-01
5.32120E-06,1.6596E-01
5.32160E-06,1.6986E-01
5.32200E-06,1.7084E-01
5.32240E-06,1.6693E-01
5.32280E-06,1.6889E-01
5.32320E-06,1.6889E-01
5.32360E-06,1.6596E-01
5.32400E-06,1.6889E-01
5.32440E-06,1.6986E-01
5.32480E-06,1.6693E-01
5.32520E-06,1.6986E-01
5.32560E-06,1.6889E-01
5.32600E-06,1.6889E-01
5.32640E-06,1.6986E-01
5.32680E-06,1.6791E-01
5.32720E-06,1.6791E-01
5.32760E-06,1.7084E-01
5.32800E-06,1.6986E-01
5.32840E-06,1.6986E-01
5.32880E-06,1.6596E-01
5.32920E-06,1.7084E-01
5.32960E-06,1.6693E-01
5.33000E-06,1.6791E-01
5.33040E-06,1.6596E-01
5.33080E-06,1.6693E-01
5.33120E-06,1.6693E-01
5.33160E-06,1.6693E-01
5.33200E-06,1.6596E-01
5.33240E-06,1.6986E-01
5.33280E-06,1.6596E-01
5.33320E-06,1.6889E-01
5.33360E-06,1.6986E-01
5.33400E-06,1.6791E-01
5.33440E-06,1.6889E-01
5.33480E-06,1.6986E-01
5.33520E-06,1.6596E-01
5.33560E-06,1.6889E-01
5.33600E-06,1.7182E-01
5.33640E-06,1.6986E-01
5.33680E-06,1.6986E-01
5.33720E-06,1.6889E-01
5.33760E-06,1.6693E-01
5.33800E-06,1.6889E-01
5.33840E-06,1.6498E-01
5.33880E-06,1.6791E-01
5.33920E-06,1.6596E-01
5.33960E-06,1.6791E-01
5.34000E-06,1.6596E-01
5.34040E-06,1.6889E-01
5.34080E-06,1.6889E-01
5.34120E-06,1.6889E-01
5.34160E-06,1.6986E-01
5.34200E-06,1.6498E-01
5.34240E-06,1.6791E-01
5.34280E-06,1.6986E-01
5.34320E-06,1.6791E-01
5.34360E-06,1.7182E-01
5.34400E-06,1.6889E-01
5.34440E-06,1.6889E-01
5.34480E-06,1.6889E-01
5.34520E-06,1.6791E-01
5.34560E-06,1.6596E-01
5.34600E-06,1.6693E-01
5.34640E-06,1.7182E-01
5.34680E-06,1.6791E-01
5.34720E-06,1.6889E-01
5.34760E-06,1.7182E-01
5.34800E-06,1.6693E-01
5.34840E-06,1.6791E-01
5.34880E-06,1.7084E-01
5.34920E-06,1.6693E-01
5.34960E-06,1.6889E-01
5.35000E-06,1.6986E-01
5.35040E-06,1.6889E-01
5.35080E-06,1.6693E-01
5.35120E-06,1.6596E-01
5.35160E-06,1.6791E-01
5.35200E-06,1.6693E-01
5.35240E-06,1.6596E-01
5.35280E-06,1.6986E-01
5.35320E-06,1.6791E-01
5.35360E-06,1.6889E-01
5.35400E-06,1.6889E-01
5.35440E-06,1.6791E-01
5.35480E-06,1.6791E-01
5.35520E-06,1.6693E-01
5.35560E-06,1.6693E-01
5.35600E-06,1.6986E-01
5.35640E-06,1.7182E-01
5.35680E-06,1.6889E-01
5.35720E-06,1.6889E-01
5.35760E-06,1.7084E-01
5.35800E-06,1.7084E-01
5.35840E-06,1.6986E-01
5.35880E-06,1.6693E-01
5.35920E-06,1.7182E-01
5.35960E-06,1.6693E-01
5.36000E-06,1.6791E-01
5.36040E-06,1.6791E-01
5.36080E-06,1.6986E-01
5.36120E-06,1.6596E-01
5.36160E-06,1.6791E-01
5.36200E-06,1.6791E-01
5.36240E-06,1.6986E-01
5.36280E-06,1.6791E-01
5.36320E-06,1.6791E-01
5.36360E-06,1.6791E-01
5.36400E-06,1.6596E-01
5.36440E-06,1.6791E-01
5.36480E-06,1.6889E-01
5.36520E-06,1.6986E-01
5.36560E-06,1.6791E-01
5.36600E-06,1.6791E-01
5.36640E-06,1.6986E-01
5.36680E-06,1.6693E-01
5.36720E-06,1.7182E-01
5.36760E-06,1.6889E-01
5.36800E-06,1.6986E-01
5.36840E-06,1.6596E-01
5.36880E-06,1.6889E-01
5.36920E-06,1.6791E-01
5.36960E-06,1.6889E-01
5.37000E-06,1.6791E-01
5.37040E-06,1.6693E-01
5.37080E-06,1.6791E-01
5.37120E-06,1.7084E-01
5.37160E-06,1.6889E-01
5.37200E-06,1.6986E-01
5.37240E-06,1.6889E-01
5.37280E-06,1.6596E-01
5.37320E-06,1.6693E-01
5.37360E-06,1.6791E-01
5.37400E-06,1.6791E-01
5.37440E-06,1.6693E-01
5.37480E-06,1.6596E-01
5.37520E-06,1.6693E-01
5.37560E-06,1.6889E-01
5.37600E-06,1.6791E-01
5.37640E-06,1.6596E-01
5.37680E-06,1.6889E-01
5.37720E-06,1.6791E-01
5.37760E-06,1.6791E-01
5.37800E-06,1.6889E-01
5.37840E-06,1.7182E-01
5.37880E-06,1.6693E-01
5.37920E-06,1.6889E-01
5.37960E-06,1.6596E-01
5.38000E-06,1.6693E-01
5.38040E-06,1.6889E-01
5.38080E-06,1.6791E-01
5.38120E-06,1.6986E-01
5.38160E-06,1.6791E-01
5.38200E-06,1.6791E-01
5.38240E-06,1.6791E-01
5.38280E-06,1.6986E-01
5.38320E-06,1.6498E-01
5.38360E-06,1.6693E-01
5.38400E-06,1.6986E-01
5.38440E-06,1.6791E-01
5.38480E-06,1.6693E-01
5.38520E-06,1.6791E-01
5.38560E-06,1.6596E-01
5.38600E-06,1.6889E-01
5.38640E-06,1.6791E-01
5.38680E-06,1.6791E-01
5.38720E-06,1.6498E-01
5.38760E-06,1.6986E-01
5.38800E-06,1.6693E-01
5.38840E-06,1.6791E-01
5.38880E-06,1.6791E-01
5.38920E-06,1.6889E-01
5.38960E-06,1.6889E-01
5.39000E-06,1.7084E-01
5.39040E-06,1.6986E-01
5.39080E-06,1.6986E-01
5.39120E-06,1.7084E-01
5.39160E-06,1.6791E-01
5.39200E-06,1.6693E-01
5.39240E-06,1.6889E-01
5.39280E-06,1.6889E-01
5.39320E-06,1.6986E-01
5.39360E-06,1.7084E-01
5.39400E-06,1.6791E-01
5.39440E-06,1.6986E-01
5.39480E-06,1.6986E-01
5.39520E-06,1.6791E-01
5.39560E-06,1.6498E-01
5.39600E-06,1.6791E-01
5.39640E-06,1.6693E-01
5.39680E-06,1.6596E-01
5.39720E-06,1.6693E-01
5.39760E-06,1.6596E-01
5.39800E-06,1.6693E-01
5.39840E-06,1.6791E-01
5.39880E-06,1.6596E-01
5.39920E-06,1.6791E-01
5.39960E-06,1.6693E-01
5.40000E-06,1.6791E-01
5.40040E-06,1.7084E-01
5.40080E-06,1.6693E-01
5.40120E-06,1.6889E-01
5.40160E-06,1.6693E-01
5.40200E-06,1.6596E-01
5.40240E-06,1.6791E-01
5.40280E-06,1.6889E-01
5.40320E-06,1.7279E-01
5.40360E-06,1.6693E-01
5.40400E-06,1.6889E-01
5.40440E-06,1.6303E-01
5.40480E-06,1.6791E-01
5.40520E-06,1.6791E-01
5.40560E-06,1.6986E-01
5.40600E-06,1.6889E-01
5.40640E-06,1.6791E-01
5.40680E-06,1.6889E-01
5.40720E-06,1.6693E-01
5.40760E-06,1.6596E-01
5.40800E-06,1.6693E-01
5.40840E-06,1.6596E-01
5.40880E-06,1.6889E-01
5.40920E-06,1.6986E-01
5.40960E-06,1.6986E-01
5.41000E-06,1.6791E-01
5.41040E-06,1.6693E-01
5.41080E-06,1.6596E-01
5.41120E-06,1.6889E-01
5.41160E-06,1.6596E-01
5.41200E-06,1.6791E-01
5.41240E-06,1.6986E-01
5.41280E-06,1.7182E-01
5.41320E-06,1.6596E-01
5.41360E-06,1.6693E-01
5.41400E-06,1.6693E-01
5.41440E-06,1.6791E-01
5.41480E-06,1.6986E-01
5.41520E-06,1.6596E-01
5.41560E-06,1.6889E-01
5.41600E-06,1.7084E-01
5.41640E-06,1.7084E-01
5.41680E-06,1.6791E-01
5.41720E-06,1.6791E-01
5.41760E-06,1.7182E-01
5.41800E-06,1.6986E-01
5.41840E-06,1.6791E-01
5.41880E-06,1.6693E-01
5.41920E-06,1.6693E-01
5.41960E-06,1.6693E-01
5.42000E-06,1.6889E-01
5.42040E-06,1.6791E-01
5.42080E-06,1.6596E-01
5.42120E-06,1.6791E-01
5.42160E-06,1.6693E-01
5.42200E-06,1.6791E-01
5.42240E-06,1.6986E-01
5.42280E-06,1.6889E-01
5.42320E-06,1.6791E-01
5.42360E-06,1.6986E-01
5.42400E-06,1.7084E-01
5.42440E-06,1.6986E-01
5.42480E-06,1.6986E-01
5.42520E-06,1.6791E-01
5.42560E-06,1.7084E-01
5.42600E-06,1.6889E-01
5.42640E-06,1.6791E-01
5.42680E-06,1.6693E-01
5.42720E-06,1.6693E-01
5.42760E-06,1.6986E-01
5.42800E-06,1.6889E-01
5.42840E-06,1.6889E-01
5.42880E-06,1.6791E-01
5.42920E-06,1.6986E-01
5.42960E-06,1.6986E-01
5.43000E-06,1.6693E-01
5.43040E-06,1.7182E-01
5.43080E-06,1.6596E-01
5.43120E-06,1.6693E-01
5.43160E-06,1.6693E-01
5.43200E-06,1.6889E-01
5.43240E-06,1.6986E-01
5.43280E-06,1.6889E-01
5.43320E-06,1.6791E-01
5.43360E-06,1.6889E-01
5.43400E-06,1.6986E-01
5.43440E-06,1.6596E-01
5.43480E-06,1.6693E-01
5.43520E-06,1.6986E-01
5.43560E-06,1.6596E-01
5.43600E-06,1.6889E-01
5.43640E-06,1.6400E-01
5.43680E-06,1.6791E-01
5.43720E-06,1.6986E-01
5.43760E-06,1.6791E-01
5.43800E-06,1.6791E-01
5.43840E-06,1.7084E-01
5.43880E-06,1.6693E-01
5.43920E-06,1.6986E-01
5.43960E-06,1.6986E-01
5.44000E-06,1.6889E-01
5.44040E-06,1.6986E-01
5.44080E-06,1.6400E-01
5.44120E-06,1.6986E-01
5.44160E-06,1.6889E-01
5.44200E-06,1.6596E-01
5.44240E-06,1.6986E-01
5.44280E-06,1.6596E-01
5.44320E-06,1.6596E-01
5.44360E-06,1.6889E-01
5.44400E-06,1.6889E-01
5.44440E-06,1.6889E-01
5.44480E-06,1.6693E-01
5.44520E-06,1.6889E-01
5.44560E-06,1.6986E-01
5.44600E-06,1.6986E-01
5.44640E-06,1.6596E-01
5.44680E-06,1.6986E-01
5.44720E-06,1.6889E-01
5.44760E-06,1.6889E-01
5.44800E-06,1.6596E-01
5.44840E-06,1.6791E-01
5.44880E-06,1.6986E-01
5.44920E-06,1.6596E-01
5.44960E-06,1.6889E-01
5.45000E-06,1.6986E-01
5.45040E-06,1.7084E-01
5.45080E-06,1.6693E-01
5.45120E-06,1.6889E-01
5.45160E-06,1.6986E-01
5.45200E-06,1.7182E-01
5.45240E-06,1.6986E-01
5.45280E-06,1.6889E-01
5.45320E-06,1.6596E-01
5.45360E-06,1.6693E-01
5.45400E-06,1.6986E-01
5.45440E-06,1.6889E-01
5.45480E-06,1.6986E-01
5.45520E-06,1.6791E-01
5.45560E-06,1.6791E-01
5.45600E-06,1.6791E-01
5.45640E-06,1.6498E-01
5.45680E-06,1.6889E-01
5.45720E-06,1.6693E-01
5.45760E-06,1.6986E-01
5.45800E-06,1.6986E-01
5.45840E-06,1.6986E-01
5.45880E-06,1.7182E-01
5.45920E-06,1.7084E-01
5.45960E-06,1.6693E-01
5.46000E-06,1.7084E-01
5.46040E-06,1.6693E-01
5.46080E-06,1.6986E-01
5.46120E-06,1.6889E-01
5.46160E-06,1.6986E-01
5.46200E-06,1.6889E-01
5.46240E-06,1.6889E-01
5.46280E-06,1.6596E-01
5.46320E-06,1.7279E-01
5.46360E-06,1.7084E-01
5.46400E-06,1.6791E-01
5.46440E-06,1.6986E-01
5.46480E-06,1.6889E-01
5.46520E-06,1.6889E-01
5.46560E-06,1.6889E-01
5.46600E-06,1.6986E-01
5.46640E-06,1.6986E-01
5.46680E-06,1.7084E-01
5.46720E-06,1.6986E-01
5.46760E-06,1.6986E-01
5.46800E-06,1.6889E-01
5.46840E-06,1.6889E-01
5.46880E-06,1.6889E-01
5.46920E-06,1.6791E-01
5.46960E-06,1.7182E-01
5.47000E-06,1.6986E-01
5.47040E-06,1.6889E-01
5.47080E-06,1.6791E-01
5.47120E-06,1.6791E-01
5.47160E-06,1.6986E-01
5.47200E-06,1.6986E-01
5.47240E-06,1.7084E-01
5.47280E-06,1.6693E-01
5.47320E-06,1.6889E-01
5.47360E-06,1.6596E-01
5.47400E-06,1.6791E-01
5.47440E-06,1.6889E-01
5.47480E-06,1.7279E-01
5.47520E-06,1.6693E-01
5.47560E-06,1.6791E-01
5.47600E-06,1.6889E-01
5.47640E-06,1.6791E-01
5.47680E-06,1.6986E-01
5.47720E-06,1.6596E-01
5.47760E-06,1.7084E-01
5.47800E-06,1.6693E-01
5.47840E-06,1.6693E-01
5.47880E-06,1.6693E-01
5.47920E-06,1.6791E-01
5.47960E-06,1.6791E-01
5.48000E-06,1.6596E-01
5.48040E-06,1.6986E-01
5.48080E-06,1.6693E-01
5.48120E-06,1.6791E-01
5.48160E-06,1.7182E-01
5.48200E-06,1.6596E-01
5.48240E-06,1.6596E-01
5.48280E-06,1.6791E-01
5.48320E-06,1.6596E-01
5.48360E-06,1.6693E-01
5.48400E-06,1.6889E-01
5.48440E-06,1.6596E-01
5.48480E-06,1.6889E-01
5.48520E-06,1.6400E-01
5.48560E-06,1.6498E-01
5.48600E-06,1.7084E-01
5.48640E-06,1.6791E-01
5.48680E-06,1.7182E-01
5.48720E-06,1.6986E-01
5.48760E-06,1.6986E-01
5.48800E-06,1.6791E-01
5.48840E-06,1.6889E-01
5.48880E-06,1.6498E-01
5.48920E-06,1.6596E-01
5.48960E-06,1.6498E-01
5.49000E-06,1.6693E-01
5.49040E-06,1.6498E-01
5.49080E-06,1.6791E-01
5.49120E-06,1.6889E-01
5.49160E-06,1.6693E-01
5.49200E-06,1.6400E-01
5.49240E-06,1.6986E-01
5.49280E-06,1.6693E-01
5.49320E-06,1.6693E-01
5.49360E-06,1.6791E-01
5.49400E-06,1.6889E-01
5.49440E-06,1.6303E-01
5.49480E-06,1.6693E-01
5.49520E-06,1.6986E-01
5.49560E-06,1.6596E-01
5.49600E-06,1.6986E-01
5.49640E-06,1.7084E-01
5.49680E-06,1.7182E-01
5.49720E-06,1.7084E-01
5.49760E-06,1.6986E-01
5.49800E-06,1.6986E-01
5.49840E-06,1.6791E-01
5.49880E-06,1.6693E-01
5.49920E-06,1.6596E-01
5.49960E-06,1.6986E-01
5.50000E-06,1.6986E-01
5.50040E-06,1.6693E-01
5.50080E-06,1.6986E-01
5.50120E-06,1.6889E-01
5.50160E-06,1.7377E-01
5.50200E-06,1.6986E-01
5.50240E-06,1.6400E-01
5.50280E-06,1.6596E-01
5.50320E-06,1.6693E-01
5.50360E-06,1.6693E-01
5.50400E-06,1.6693E-01
5.50440E-06,1.6889E-01
5.50480E-06,1.6693E-01
5.50520E-06,1.6986E-01
5.50560E-06,1.7182E-01
5.50600E-06,1.6791E-01
5.50640E-06,1.6791E-01
5.50680E-06,1.6693E-01
5.50720E-06,1.6693E-01
5.50760E-06,1.6986E-01
5.50800E-06,1.6791E-01
5.50840E-06,1.6889E-01
5.50880E-06,1.6693E-01
5.50920E-06,1.6986E-01
5.50960E-06,1.6889E-01
5.51000E-06,1.6986E-01
5.51040E-06,1.7084E-01
5.51080E-06,1.6986E-01
5.51120E-06,1.7084E-01
5.51160E-06,1.6889E-01
5.51200E-06,1.6693E-01
5.51240E-06,1.6986E-01
5.51280E-06,1.6693E-01
5.51320E-06,1.6693E-01
5.51360E-06,1.6791E-01
5.51400E-06,1.6693E-01
5.51440E-06,1.6791E-01
5.51480E-06,1.6693E-01
5.51520E-06,1.6693E-01
5.51560E-06,1.6889E-01
5.51600E-06,1.7182E-01
5.51640E-06,1.6889E-01
5.51680E-06,1.6986E-01
5.51720E-06,1.7279E-01
5.51760E-06,1.6889E-01
5.51800E-06,1.6986E-01
5.51840E-06,1.6693E-01
5.51880E-06,1.6986E-01
5.51920E-06,1.7084E-01
5.51960E-06,1.6791E-01
5.52000E-06,1.7377E-01
5.52040E-06,1.7182E-01
5.52080E-06,1.6889E-01
5.52120E-06,1.6889E-01
5.52160E-06,1.6791E-01
5.52200E-06,1.6791E-01
5.52240E-06,1.6986E-01
5.52280E-06,1.6889E-01
5.52320E-06,1.7182E-01
5.52360E-06,1.6596E-01
5.52400E-06,1.6986E-01
5.52440E-06,1.6986E-01
5.52480E-06,1.7084E-01
5.52520E-06,1.6889E-01
5.52560E-06,1.6986E-01
5.52600E-06,1.6693E-01
5.52640E-06,1.6791E-01
5.52680E-06,1.6889E-01
5.52720E-06,1.6791E-01
5.52760E-06,1.6791E-01
5.52800E-06,1.6693E-01
5.52840E-06,1.7182E-01
5.52880E-06,1.6889E-01
5.52920E-06,1.6889E-01
5.52960E-06,1.6791E-01
5.53000E-06,1.6986E-01
5.53040E-06,1.6889E-01
5.53080E-06,1.6889E-01
5.53120E-06,1.6889E-01
5.53160E-06,1.7084E-01
5.53200E-06,1.6986E-01
5.53240E-06,1.6693E-01
5.53280E-06,1.7279E-01
5.53320E-06,1.6986E-01
5.53360E-06,1.6791E-01
5.53400E-06,1.7084E-01
5.53440E-06,1.6986E-01
5.53480E-06,1.7182E-01
5.53520E-06,1.7084E-01
5.53560E-06,1.7279E-01
5.53600E-06,1.6791E-01
5.53640E-06,1.6986E-01
5.53680E-06,1.6889E-01
5.53720E-06,1.6693E-01
5.53760E-06,1.6889E-01
5.53800E-06,1.6791E-01
5.53840E-06,1.6791E-01
5.53880E-06,1.6596E-01
5.53920E-06,1.6596E-01
5.53960E-06,1.6596E-01
5.54000E-06,1.6889E-01
5.54040E-06,1.7182E-01
5.54080E-06,1.7182E-01
5.54120E-06,1.6986E-01
5.54160E-06,1.6986E-01
5.54200E-06,1.7182E-01
5.54240E-06,1.6791E-01
5.54280E-06,1.6693E-01
5.54320E-06,1.6986E-01
5.54360E-06,1.7182E-01
5.54400E-06,1.6889E-01
5.54440E-06,1.6693E-01
5.54480E-06,1.6986E-01
5.54520E-06,1.7084E-01
5.54560E-06,1.6791E-01
5.54600E-06,1.6889E-01
5.54640E-06,1.7279E-01
5.54680E-06,1.7182E-01
5.54720E-06,1.6889E-01
5.54760E-06,1.6986E-01
5.54800E-06,1.7279E-01
5.54840E-06,1.6986E-01
5.54880E-06,1.6986E-01
5.54920E-06,1.6986E-01
5.54960E-06,1.6889E-01
5.55000E-06,1.7182E-01
5.55040E-06,1.6693E-01
5.55080E-06,1.6791E-01
5.55120E-06,1.7182E-01
5.55160E-06,1.6889E-01
5.55200E-06,1.6791E-01
5.55240E-06,1.6791E-01
5.55280E-06,1.7279E-01
5.55320E-06,1.6986E-01
5.55360E-06,1.7182E-01
5.55400E-06,1.7084E-01
5.55440E-06,1.6986E-01
5.55480E-06,1.6986E-01
5.55520E-06,1.6693E-01
5.55560E-06,1.6889E-01
5.55600E-06,1.6791E-01
5.55640E-06,1.6596E-01
5.55680E-06,1.6693E-01
5.55720E-06,1.7182E-01
5.55760E-06,1.6986E-01
5.55800E-06,1.6986E-01
5.55840E-06,1.6986E-01
5.55880E-06,1.7084E-01
5.55920E-06,1.7084E-01
5.55960E-06,1.6986E-01
5.56000E-06,1.6791E-01
5.56040E-06,1.6498E-01
5.56080E-06,1.6889E-01
5.56120E-06,1.6889E-01
5.56160E-06,1.6889E-01
5.56200E-06,1.6693E-01
5.56240E-06,1.6791E-01
5.56280E-06,1.6791E-01
5.56320E-06,1.6596E-01
5.56360E-06,1.7084E-01
5.56400E-06,1.6693E-01
5.56440E-06,1.6693E-01
5.56480E-06,1.7279E-01
5.56520E-06,1.7084E-01
5.56560E-06,1.6889E-01
5.56600E-06,1.6693E-01
5.56640E-06,1.6791E-01
5.56680E-06,1.7182E-01
5.56720E-06,1.6986E-01
5.56760E-06,1.6889E-01
5.56800E-06,1.6889E-01
5.56840E-06,1.6693E-01
5.56880E-06,1.6986E-01
5.56920E-06,1.6791E-01
5.56960E-06,1.6986E-01
5.57000E-06,1.6791E-01
5.57040E-06,1.7084E-01
5.57080E-06,1.6889E-01
5.57120E-06,1.6791E-01
5.57160E-06,1.6693E-01
5.57200E-06,1.7279E-01
5.57240E-06,1.7182E-01
5.57280E-06,1.6986E-01
5.57320E-06,1.6986E-01
5.57360E-06,1.6986E-01
5.57400E-06,1.6693E-01
5.57440E-06,1.6986E-01
5.57480E-06,1.6986E-01
5.57520E-06,1.6693E-01
5.57560E-06,1.6986E-01
5.57600E-06,1.7182E-01
5.57640E-06,1.7182E-01
5.57680E-06,1.6791E-01
5.57720E-06,1.7084E-01
5.57760E-06,1.6986E-01
5.57800E-06,1.6791E-01
5.57840E-06,1.6791E-01
5.57880E-06,1.7182E-01
5.57920E-06,1.6791E-01
5.57960E-06,1.6889E-01
5.58000E-06,1.7279E-01
5.58040E-06,1.6986E-01
5.58080E-06,1.6889E-01
5.58120E-06,1.6791E-01
5.58160E-06,1.6986E-01
5.58200E-06,1.6791E-01
5.58240E-06,1.6986E-01
5.58280E-06,1.6889E-01
5.58320E-06,1.6596E-01
5.58360E-06,1.6791E-01
5.58400E-06,1.7182E-01
5.58440E-06,1.6889E-01
5.58480E-06,1.6693E-01
5.58520E-06,1.6986E-01
5.58560E-06,1.7084E-01
5.58600E-06,1.6693E-01
5.58640E-06,1.6693E-01
5.58680E-06,1.6986E-01
5.58720E-06,1.6889E-01
5.58760E-06,1.6986E-01
5.58800E-06,1.6889E-01
5.58840E-06,1.6693E-01
5.58880E-06,1.6791E-01
5.58920E-06,1.6693E-01
5.58960E-06,1.6889E-01
5.59000E-06,1.6791E-01
5.59040E-06,1.6986E-01
5.59080E-06,1.6596E-01
5.59120E-06,1.6986E-01
5.59160E-06,1.6889E-01
5.59200E-06,1.6889E-01
5.59240E-06,1.7182E-01
5.59280E-06,1.6986E-01
5.59320E-06,1.6693E-01
5.59360E-06,1.6889E-01
5.59400E-06,1.6791E-01
5.59440E-06,1.7182E-01
5.59480E-06,1.6693E-01
5.59520E-06,1.6986E-01
5.59560E-06,1.6889E-01
5.59600E-06,1.6693E-01
5.59640E-06,1.6889E-01
5.59680E-06,1.6889E-01
5.59720E-06,1.6889E-01
5.59760E-06,1.6986E-01
5.59800E-06,1.6791E-01
5.59840E-06,1.6986E-01
5.59880E-06,1.6889E-01
5.59920E-06,1.6986E-01
5.59960E-06,1.6889E-01
5.60000E-06,1.6693E-01
5.60040E-06,1.6791E-01
5.60080E-06,1.6693E-01
5.60120E-06,1.6596E-01
5.60160E-06,1.6693E-01
5.60200E-06,1.6596E-01
5.60240E-06,1.6791E-01
5.60280E-06,1.6986E-01
5.60320E-06,1.6889E-01
5.60360E-06,1.6596E-01
5.60400E-06,1.6889E-01
5.60440E-06,1.6791E-01
5.60480E-06,1.6889E-01
5.60520E-06,1.6596E-01
5.60560E-06,1.6889E-01
5.60600E-06,1.7182E-01
5.60640E-06,1.6791E-01
5.60680E-06,1.6693E-01
5.60720E-06,1.6693E-01
5.60760E-06,1.6986E-01
5.60800E-06,1.6986E-01
5.60840E-06,1.6986E-01
5.60880E-06,1.6791E-01
5.60920E-06,1.6986E-01
5.60960E-06,1.6791E-01
5.61000E-06,1.6889E-01
5.61040E-06,1.6889E-01
5.61080E-06,1.6693E-01
5.61120E-06,1.6986E-01
5.61160E-06,1.6693E-01
5.61200E-06,1.6791E-01
5.61240E-06,1.6693E-01
5.61280E-06,1.6596E-01
5.61320E-06,1.6791E-01
5.61360E-06,1.6889E-01
5.61400E-06,1.6889E-01
5.61440E-06,1.6596E-01
5.61480E-06,1.7182E-01
5.61520E-06,1.7182E-01
5.61560E-06,1.6889E-01
5.61600E-06,1.6791E-01
5.61640E-06,1.6986E-01
5.61680E-06,1.6791E-01
5.61720E-06,1.6986E-01
5.61760E-06,1.7377E-01
5.61800E-06,1.6889E-01
5.61840E-06,1.7084E-01
5.61880E-06,1.6791E-01
5.61920E-06,1.6986E-01
5.61960E-06,1.6791E-01
5.62000E-06,1.6693E-01
5.62040E-06,1.6596E-01
5.62080E-06,1.6889E-01
5.62120E-06,1.6791E-01
5.62160E-06,1.6596E-01
5.62200E-06,1.7084E-01
5.62240E-06,1.6693E-01
5.62280E-06,1.6889E-01
5.62320E-06,1.6889E-01
5.62360E-06,1.6889E-01
5.62400E-06,1.6889E-01
5.62440E-06,1.6596E-01
5.62480E-06,1.6986E-01
5.62520E-06,1.6889E-01
5.62560E-06,1.6596E-01
5.62600E-06,1.6986E-01
5.62640E-06,1.6596E-01
5.62680E-06,1.6693E-01
5.62720E-06,1.6889E-01
5.62760E-06,1.6889E-01
5.62800E-06,1.7279E-01
5.62840E-06,1.6986E-01
5.62880E-06,1.6889E-01
5.62920E-06,1.6693E-01
5.62960E-06,1.6693E-01
5.63000E-06,1.6693E-01
5.63040E-06,1.6889E-01
5.63080E-06,1.6693E-01
5.63120E-06,1.6986E-01
5.63160E-06,1.6889E-01
5.63200E-06,1.6791E-01
5.63240E-06,1.6791E-01
5.63280E-06,1.6791E-01
5.63320E-06,1.7182E-01
5.63360E-06,1.6986E-01
5.63400E-06,1.6986E-01
5.63440E-06,1.7377E-01
5.63480E-06,1.6986E-01
5.63520E-06,1.6791E-01
5.63560E-06,1.6889E-01
5.63600E-06,1.6889E-01
5.63640E-06,1.6693E-01
5.63680E-06,1.6889E-01
5.63720E-06,1.6889E-01
5.63760E-06,1.6986E-01
5.63800E-06,1.7084E-01
5.63840E-06,1.6693E-01
5.63880E-06,1.7182E-01
5.63920E-06,1.6889E-01
5.63960E-06,1.6986E-01
5.64000E-06,1.6889E-01
5.64040E-06,1.6986E-01
5.64080E-06,1.6791E-01
5.64120E-06,1.6889E-01
5.64160E-06,1.6693E-01
5.64200E-06,1.6986E-01
5.64240E-06,1.6986E-01
5.64280E-06,1.6889E-01
5.64320E-06,1.6986E-01
5.64360E-06,1.6498E-01
5.64400E-06,1.6596E-01
5.64440E-06,1.6791E-01
5.64480E-06,1.6889E-01
5.64520E-06,1.7084E-01
5.64560E-06,1.6889E-01
5.64600E-06,1.6693E-01
5.64640E-06,1.6986E-01
5.64680E-06,1.6889E-01
5.64720E-06,1.6889E-01
5.64760E-06,1.6889E-01
5.64800E-06,1.6889E-01
5.64840E-06,1.6889E-01
5.64880E-06,1.6693E-01
5.64920E-06,1.6693E-01
5.64960E-06,1.6889E-01
5.65000E-06,1.6596E-01
5.65040E-06,1.6596E-01
5.65080E-06,1.6889E-01
5.65120E-06,1.6596E-01
5.65160E-06,1.6889E-01
5.65200E-06,1.6596E-01
5.65240E-06,1.6791E-01
5.65280E-06,1.6596E-01
5.65320E-06,1.6791E-01
5.65360E-06,1.7182E-01
5.65400E-06,1.6596E-01
5.65440E-06,1.6986E-01
5.65480E-06,1.6693E-01
5.65520E-06,1.6889E-01
5.65560E-06,1.6596E-01
5.65600E-06,1.6693E-01
5.65640E-06,1.6889E-01
5.65680E-06,1.6693E-01
5.65720E-06,1.7182E-01
5.65760E-06,1.6889E-01
5.65800E-06,1.6400E-01
5.65840E-06,1.6889E-01
5.65880E-06,1.6693E-01
5.65920E-06,1.6596E-01
5.65960E-06,1.6791E-01
5.66000E-06,1.6889E-01
5.66040E-06,1.6596E-01
5.66080E-06,1.6889E-01
5.66120E-06,1.6889E-01
5.66160E-06,1.7084E-01
5.66200E-06,1.6693E-01
5.66240E-06,1.6596E-01
5.66280E-06,1.6791E-01
5.66320E-06,1.6791E-01
5.66360E-06,1.6986E-01
5.66400E-06,1.6889E-01
5.66440E-06,1.6791E-01
5.66480E-06,1.7084E-01
5.66520E-06,1.6889E-01
5.66560E-06,1.6791E-01
5.66600E-06,1.7084E-01
5.66640E-06,1.6889E-01
5.66680E-06,1.6791E-01
5.66720E-06,1.6986E-01
5.66760E-06,1.6693E-01
5.66800E-06,1.6889E-01
5.66840E-06,1.6986E-01
5.66880E-06,1.6693E-01
5.66920E-06,1.6889E-01
5.66960E-06,1.7084E-01
5.67000E-06,1.6986E-01
5.67040E-06,1.6986E-01
5.67080E-06,1.6889E-01
5.67120E-06,1.7182E-01
5.67160E-06,1.6889E-01
5.67200E-06,1.6986E-01
5.67240E-06,1.6889E-01
5.67280E-06,1.6889E-01
5.67320E-06,1.6693E-01
5.67360E-06,1.6791E-01
5.67400E-06,1.6889E-01
5.67440E-06,1.6986E-01
5.67480E-06,1.6791E-01
5.67520E-06,1.7182E-01
5.67560E-06,1.6986E-01
5.67600E-06,1.6791E-01
5.67640E-06,1.6986E-01
5.67680E-06,1.6791E-01
5.67720E-06,1.6693E-01
5.67760E-06,1.6596E-01
5.67800E-06,1.6889E-01
5.67840E-06,1.6791E-01
5.67880E-06,1.6791E-01
5.67920E-06,1.6693E-01
5.67960E-06,1.6889E-01
5.68000E-06,1.6791E-01
5.68040E-06,1.6889E-01
5.68080E-06,1.6986E-01
5.68120E-06,1.6889E-01
5.68160E-06,1.6986E-01
5.68200E-06,1.6889E-01
5.68240E-06,1.6986E-01
5.68280E-06,1.6693E-01
5.68320E-06,1.6889E-01
5.68360E-06,1.6693E-01
5.68400E-06,1.6693E-01
5.68440E-06,1.6986E-01
5.68480E-06,1.6596E-01
5.68520E-06,1.6889E-01
5.68560E-06,1.6986E-01
5.68600E-06,1.6986E-01
5.68640E-06,1.6986E-01
5.68680E-06,1.6693E-01
5.68720E-06,1.6986E-01
5.68760E-06,1.6986E-01
5.68800E-06,1.6889E-01
5.68840E-06,1.6986E-01
5.68880E-06,1.6986E-01
5.68920E-06,1.6791E-01
5.68960E-06,1.6791E-01
5.69000E-06,1.6791E-01
5.69040E-06,1.6693E-01
5.69080E-06,1.7084E-01
5.69120E-06,1.6986E-01
5.69160E-06,1.7084E-01
5.69200E-06,1.7182E-01
5.69240E-06,1.6889E-01
5.69280E-06,1.6791E-01
5.69320E-06,1.6986E-01
5.69360E-06,1.6889E-01
5.69400E-06,1.6693E-01
5.69440E-06,1.6889E-01
5.69480E-06,1.6693E-01
5.69520E-06,1.6791E-01
5.69560E-06,1.6889E-01
5.69600E-06,1.6791E-01
5.69640E-06,1.6791E-01
5.69680E-06,1.6596E-01
5.69720E-06,1.6693E-01
5.69760E-06,1.6986E-01
5.69800E-06,1.6791E-01
5.69840E-06,1.6693E-01
5.69880E-06,1.6791E-01
5.69920E-06,1.7182E-01
5.69960E-06,1.6889E-01
5.70000E-06,1.6889E-01
5.70040E-06,1.6693E-01
5.70080E-06,1.6498E-01
5.70120E-06,1.6693E-01
5.70160E-06,1.6986E-01
5.70200E-06,1.6889E-01
5.70240E-06,1.6986E-01
5.70280E-06,1.7182E-01
5.70320E-06,1.6986E-01
5.70360E-06,1.6986E-01
5.70400E-06,1.6596E-01
5.70440E-06,1.6791E-01
5.70480E-06,1.6986E-01
5.70520E-06,1.7084E-01
5.70560E-06,1.6889E-01
5.70600E-06,1.6889E-01
5.70640E-06,1.6986E-01
5.70680E-06,1.7084E-01
5.70720E-06,1.7084E-01
5.70760E-06,1.6693E-01
5.70800E-06,1.6889E-01
5.70840E-06,1.7084E-01
5.70880E-06,1.6791E-01
5.70920E-06,1.6889E-01
5.70960E-06,1.6693E-01
5.71000E-06,1.6986E-01
5.71040E-06,1.6889E-01
5.71080E-06,1.6889E-01
5.71120E-06,1.6889E-01
5.71160E-06,1.6986E-01
5.71200E-06,1.6889E-01
5.71240E-06,1.6693E-01
5.71280E-06,1.6889E-01
5.71320E-06,1.6693E-01
5.71360E-06,1.6693E-01
5.71400E-06,1.6791E-01
5.71440E-06,1.6986E-01
5.71480E-06,1.6986E-01
5.71520E-06,1.6889E-01
5.71560E-06,1.7182E-01
5.71600E-06,1.6889E-01
5.71640E-06,1.6986E-01
5.71680E-06,1.6986E-01
5.71720E-06,1.7084E-01
5.71760E-06,1.6986E-01
5.71800E-06,1.6693E-01
5.71840E-06,1.6889E-01
5.71880E-06,1.6596E-01
5.71920E-06,1.6986E-01
5.71960E-06,1.6693E-01
5.72000E-06,1.7084E-01
5.72040E-06,1.6986E-01
5.72080E-06,1.6986E-01
5.72120E-06,1.6986E-01
5.72160E-06,1.6986E-01
5.72200E-06,1.6693E-01
5.72240E-06,1.6889E-01
5.72280E-06,1.6889E-01
5.72320E-06,1.6693E-01
5.72360E-06,1.6986E-01
5.72400E-06,1.7182E-01
5.72440E-06,1.6889E-01
5.72480E-06,1.6986E-01
5.72520E-06,1.6791E-01
5.72560E-06,1.6986E-01
5.72600E-06,1.7377E-01
5.72640E-06,1.7182E-01
5.72680E-06,1.6986E-01
5.72720E-06,1.6986E-01
5.72760E-06,1.7182E-01
5.72800E-06,1.7279E-01
5.72840E-06,1.7182E-01
5.72880E-06,1.6986E-01
5.72920E-06,1.6791E-01
5.72960E-06,1.6791E-01
5.73000E-06,1.6596E-01
5.73040E-06,1.6889E-01
5.73080E-06,1.6791E-01
5.73120E-06,1.6889E-01
5.73160E-06,1.6889E-01
5.73200E-06,1.6791E-01
5.73240E-06,1.6986E-01
5.73280E-06,1.7182E-01
5.73320E-06,1.6791E-01
5.73360E-06,1.6986E-01
5.73400E-06,1.7084E-01
5.73440E-06,1.6693E-01
5.73480E-06,1.6986E-01
5.73520E-06,1.7084E-01
5.73560E-06,1.7084E-01
5.73600E-06,1.6791E-01
5.73640E-06,1.7182E-01
5.73680E-06,1.6986E-01
5.73720E-06,1.6791E-01
5.73760E-06,1.7279E-01
5.73800E-06,1.7084E-01
5.73840E-06,1.6596E-01
5.73880E-06,1.6889E-01
5.73920E-06,1.6986E-01
5.73960E-06,1.6889E-01
5.74000E-06,1.7182E-01
5.74040E-06,1.7279E-01
5.74080E-06,1.6889E-01
5.74120E-06,1.7084E-01
5.74160E-06,1.6791E-01
5.74200E-06,1.6986E-01
5.74240E-06,1.6986E-01
5.74280E-06,1.6791E-01
5.74320E-06,1.7182E-01
5.74360E-06,1.6693E-01
5.74400E-06,1.6986E-01
5.74440E-06,1.6889E-01
5.74480E-06,1.6986E-01
5.74520E-06,1.6986E-01
5.74560E-06,1.7084E-01
5.74600E-06,1.6986E-01
5.74640E-06,1.7377E-01
5.74680E-06,1.7279E-01
5.74720E-06,1.7084E-01
5.74760E-06,1.7377E-01
5.74800E-06,1.6889E-01
5.74840E-06,1.7279E-01
5.74880E-06,1.6986E-01
5.74920E-06,1.7182E-01
5.74960E-06,1.7084E-01
5.75000E-06,1.6986E-01
5.75040E-06,1.7084E-01
5.75080E-06,1.7182E-01
5.75120E-06,1.6889E-01
5.75160E-06,1.7279E-01
5.75200E-06,1.6986E-01
5.75240E-06,1.6889E-01
5.75280E-06,1.6986E-01
5.75320E-06,1.6791E-01
5.75360E-06,1.6889E-01
5.75400E-06,1.7279E-01
5.75440E-06,1.7084E-01
5.75480E-06,1.6889E-01
5.75520E-06,1.6986E-01
5.75560E-06,1.6889E-01
5.75600E-06,1.7279E-01
5.75640E-06,1.6693E-01
5.75680E-06,1.7084E-01
5.75720E-06,1.7182E-01
5.75760E-06,1.7182E-01
5.75800E-06,1.7377E-01
5.75840E-06,1.7084E-01
5.75880E-06,1.6986E-01
5.75920E-06,1.7279E-01
5.75960E-06,1.7084E-01
5.76000E-06,1.6986E-01
5.76040E-06,1.7084E-01
5.76080E-06,1.6889E-01
5.76120E-06,1.7182E-01
5.76160E-06,1.6791E-01
5.76200E-06,1.7182E-01
5.76240E-06,1.7084E-01
5.76280E-06,1.6986E-01
5.76320E-06,1.7279E-01
5.76360E-06,1.6889E-01
5.76400E-06,1.7279E-01
5.76440E-06,1.7182E-01
5.76480E-06,1.6889E-01
5.76520E-06,1.7182E-01
5.76560E-06,1.6986E-01
5.76600E-06,1.6791E-01
5.76640E-06,1.6889E-01
5.76680E-06,1.6986E-01
5.76720E-06,1.6693E-01
5.76760E-06,1.6986E-01
5.76800E-06,1.6986E-01
5.76840E-06,1.6986E-01
5.76880E-06,1.7084E-01
5.76920E-06,1.6693E-01
5.76960E-06,1.7084E-01
5.77000E-06,1.6986E-01
5.77040E-06,1.6986E-01
5.77080E-06,1.7084E-01
5.77120E-06,1.7182E-01
5.77160E-06,1.7182E-01
5.77200E-06,1.6986E-01
5.77240E-06,1.7182E-01
5.77280E-06,1.7084E-01
5.77320E-06,1.7279E-01
5.77360E-06,1.6889E-01
5.77400E-06,1.7377E-01
5.77440E-06,1.6986E-01
5.77480E-06,1.7279E-01
5.77520E-06,1.7279E-01
5.77560E-06,1.7084E-01
5.77600E-06,1.6986E-01
5.77640E-06,1.6596E-01
5.77680E-06,1.7182E-01
5.77720E-06,1.6791E-01
5.77760E-06,1.6986E-01
5.77800E-06,1.6986E-01
5.77840E-06,1.7279E-01
5.77880E-06,1.7084E-01
5.77920E-06,1.7182E-01
5.77960E-06,1.6791E-01
5.78000E-06,1.6986E-01
5.78040E-06,1.7377E-01
5.78080E-06,1.7182E-01
5.78120E-06,1.7182E-01
5.78160E-06,1.7182E-01
5.78200E-06,1.7279E-01
5.78240E-06,1.6986E-01
5.78280E-06,1.7182E-01
5.78320E-06,1.6986E-01
5.78360E-06,1.6693E-01
5.78400E-06,1.6986E-01
5.78440E-06,1.7377E-01
5.78480E-06,1.7182E-01
5.78520E-06,1.7084E-01
5.78560E-06,1.6986E-01
5.78600E-06,1.7182E-01
5.78640E-06,1.7084E-01
5.78680E-06,1.6889E-01
5.78720E-06,1.6986E-01
5.78760E-06,1.6889E-01
5.78800E-06,1.7182E-01
5.78840E-06,1.7084E-01
5.78880E-06,1.7084E-01
5.78920E-06,1.7377E-01
5.78960E-06,1.7377E-01
5.79000E-06,1.7182E-01
5.79040E-06,1.7377E-01
5.79080E-06,1.6986E-01
5.79120E-06,1.7084E-01
5.79160E-06,1.6791E-01
5.79200E-06,1.6693E-01
5.79240E-06,1.7182E-01
5.79280E-06,1.6889E-01
5.79320E-06,1.7475E-01
5.79360E-06,1.7279E-01
5.79400E-06,1.7182E-01
5.79440E-06,1.7279E-01
5.79480E-06,1.6986E-01
5.79520E-06,1.6986E-01
5.79560E-06,1.7377E-01
5.79600E-06,1.6986E-01
5.79640E-06,1.7084E-01
5.79680E-06,1.7084E-01
5.79720E-06,1.6986E-01
5.79760E-06,1.6791E-01
5.79800E-06,1.7084E-01
5.79840E-06,1.6986E-01
5.79880E-06,1.7182E-01
5.79920E-06,1.7377E-01
5.79960E-06,1.6986E-01
5.80000E-06,1.6986E-01
5.80040E-06,1.7084E-01
5.80080E-06,1.7279E-01
5.80120E-06,1.7084E-01
5.80160E-06,1.7084E-01
5.80200E-06,1.7279E-01
5.80240E-06,1.7475E-01
5.80280E-06,1.6986E-01
5.80320E-06,1.7279E-01
5.80360E-06,1.7279E-01
5.80400E-06,1.7279E-01
5.80440E-06,1.6986E-01
5.80480E-06,1.6889E-01
5.80520E-06,1.6986E-01
5.80560E-06,1.6791E-01
5.80600E-06,1.6986E-01
5.80640E-06,1.7084E-01
5.80680E-06,1.7182E-01
5.80720E-06,1.7084E-01
5.80760E-06,1.7279E-01
5.80800E-06,1.6986E-01
5.80840E-06,1.6889E-01
5.80880E-06,1.7182E-01
5.80920E-06,1.6791E-01
5.80960E-06,1.6986E-01
5.81000E-06,1.7182E-01
5.81040E-06,1.7084E-01
5.81080E-06,1.6986E-01
5.81120E-06,1.6889E-01
